Time(s)	Force(lb)	Position(mm)
0.1120	0.032361	47.9999
0.1620	0.032361	47.9995
0.2120	0.032357	47.9990
0.2891	0.032355	47.9977
0.3391	0.032365	47.9964
0.3891	0.032367	47.9950
0.4391	0.032365	47.9934
0.4970	0.032365	47.9909
0.5470	0.032359	47.9888
0.5970	0.032361	47.9865
0.6470	0.032363	47.9837
0.6889	0.032361	47.9811
0.7389	0.032361	47.9776
0.7889	0.032363	47.9742
0.8389	0.032365	47.9705
0.8968	0.032367	47.9660
0.9468	0.032365	47.9619
0.9968	0.032363	47.9572
1.0468	0.032361	47.9527
1.0888	0.032355	47.9483
1.1388	0.032359	47.9433
1.1888	0.032363	47.9387
1.2388	0.032359	47.9334
1.2967	0.032361	47.9280
1.3467	0.032367	47.9228
1.3967	0.032369	47.9174
1.4467	0.032369	47.9122
1.4886	0.032367	47.9085
1.5386	0.032365	47.9038
1.5886	0.032357	47.8988
1.6386	0.032363	47.8937
1.6968	0.032369	47.8881
1.7468	0.032363	47.8829
1.7968	0.032371	47.8775
1.8468	0.032375	47.8726
1.8884	0.032371	47.8685
1.9384	0.032373	47.8632
1.9884	0.032377	47.8584
2.0384	0.032377	47.8534
2.0963	0.032379	47.8477
2.1463	0.032385	47.8429
2.1963	0.032379	47.8380
2.2463	0.032381	47.8327
2.2883	0.032383	47.8288
2.3383	0.032383	47.8238
2.3883	0.032383	47.8185
2.4383	0.032387	47.8131
2.4802	0.032389	47.8091
2.5302	0.032394	47.8045
2.5802	0.032398	47.7996
2.6302	0.032394	47.7942
2.6881	0.032394	47.7882
2.7381	0.032389	47.7835
2.7881	0.032387	47.7780
2.8381	0.032398	47.7732
2.8800	0.032408	47.7694
2.9300	0.032412	47.7646
2.9800	0.032406	47.7594
3.0300	0.032398	47.7546
3.0879	0.032404	47.7488
3.1379	0.032406	47.7438
3.1879	0.032402	47.7391
3.2379	0.032402	47.7336
3.2798	0.032400	47.7292
3.3298	0.032408	47.7243
3.3798	0.032418	47.7195
3.4298	0.032418	47.7143
3.4881	0.032418	47.7086
3.5381	0.032412	47.7038
3.5881	0.032410	47.6986
3.6381	0.032422	47.6937
3.6797	0.032430	47.6898
3.7297	0.032434	47.6846
3.7797	0.032436	47.6798
3.8297	0.032436	47.6746
3.8876	0.032434	47.6687
3.9376	0.032430	47.6641
3.9876	0.032428	47.6587
4.0376	0.032432	47.6534
4.0795	0.032436	47.6493
4.1295	0.032436	47.6444
4.1795	0.032436	47.6390
4.2295	0.032436	47.6344
4.2874	0.032446	47.6289
4.3374	0.032440	47.6238
4.3874	0.032442	47.6188
4.4374	0.032442	47.6140
4.4793	0.032450	47.6097
4.5293	0.032448	47.6043
4.5793	0.032448	47.5993
4.6293	0.032452	47.5944
4.6872	0.032442	47.5884
4.7372	0.032448	47.5837
4.7872	0.032454	47.5784
4.8372	0.032456	47.5736
4.8792	0.032450	47.5695
4.9292	0.032460	47.5640
4.9792	0.032466	47.5596
5.0292	0.032464	47.5543
5.0872	0.032475	47.5487
5.1372	0.032473	47.5437
5.1872	0.032462	47.5384
5.2372	0.032466	47.5336
5.2790	0.032473	47.5292
5.3290	0.032473	47.5243
5.3790	0.032473	47.5194
5.4290	0.032481	47.5143
5.4869	0.032479	47.5089
5.5369	0.032483	47.5035
5.5869	0.032487	47.4987
5.6369	0.032487	47.4938
5.6791	0.032485	47.4894
5.7291	0.032487	47.4841
5.7791	0.032495	47.4792
5.8291	0.032493	47.4746
5.8708	0.032489	47.4707
5.9208	0.032487	47.4652
5.9708	0.032495	47.4605
6.0208	0.032501	47.4555
6.0787	0.032497	47.4498
6.1287	0.032497	47.4450
6.1787	0.032501	47.4398
6.2287	0.032499	47.4343
6.2706	0.032499	47.4301
6.3206	0.032507	47.4251
6.3706	0.032507	47.4200
6.4206	0.032513	47.4153
6.4785	0.032515	47.4093
6.5285	0.032509	47.4044
6.5785	0.032515	47.3997
6.6285	0.032519	47.3949
6.6704	0.032527	47.3906
6.7204	0.032525	47.3851
6.7704	0.032527	47.3802
6.8204	0.032529	47.3754
6.8783	0.032533	47.3692
6.9283	0.032531	47.3643
6.9783	0.032529	47.3599
7.0283	0.032529	47.3546
7.0702	0.032539	47.3504
7.1202	0.032539	47.3458
7.1702	0.032544	47.3403
7.2202	0.032544	47.3349
7.2782	0.032539	47.3295
7.3282	0.032544	47.3246
7.3782	0.032544	47.3193
7.4282	0.032539	47.3148
7.4705	0.032548	47.3102
7.5205	0.032560	47.3052
7.5705	0.032554	47.3006
7.6205	0.032554	47.2958
7.6780	0.032560	47.2895
7.7280	0.032562	47.2842
7.7780	0.032556	47.2794
7.8280	0.032556	47.2744
7.8699	0.032558	47.2701
7.9199	0.032562	47.2654
7.9699	0.032562	47.2606
8.0199	0.032566	47.2555
8.0779	0.032572	47.2498
8.1279	0.032574	47.2448
8.1779	0.032574	47.2397
8.2279	0.032574	47.2349
8.2698	0.032574	47.2305
8.3198	0.032578	47.2254
8.3698	0.032586	47.2206
8.4198	0.032582	47.2152
8.4777	0.032578	47.2100
8.5277	0.032586	47.2046
8.5777	0.032590	47.1998
8.6277	0.032584	47.1949
8.6697	0.032586	47.1904
8.7197	0.032598	47.1854
8.7697	0.032600	47.1801
8.8197	0.032594	47.1751
8.8775	0.032594	47.1698
8.9275	0.032602	47.1650
8.9775	0.032610	47.1596
9.0275	0.032610	47.1548
9.0695	0.032606	47.1506
9.1195	0.032606	47.1456
9.1695	0.032614	47.1409
9.2195	0.032608	47.1358
9.2614	0.032606	47.1313
9.3114	0.032616	47.1261
9.3614	0.032625	47.1212
9.4114	0.032627	47.1159
9.4693	0.032629	47.1105
9.5193	0.032625	47.1055
9.5693	0.032627	47.1005
9.6193	0.032633	47.0955
9.6612	0.032629	47.0909
9.7112	0.032633	47.0864
9.7612	0.032641	47.0813
9.8112	0.032641	47.0761
9.8691	0.032649	47.0707
9.9191	0.032649	47.0654
9.9691	0.032643	47.0598
10.0191	0.032643	47.0551
10.0611	0.032643	47.0512
10.1111	0.032655	47.0463
10.1611	0.032655	47.0411
10.2111	0.032653	47.0363
10.2690	0.032657	47.0304
10.3190	0.032663	47.0254
10.3690	0.032667	47.0206
10.4190	0.032661	47.0157
10.4610	0.032665	47.0114
10.5110	0.032673	47.0065
10.5610	0.032675	47.0015
10.6110	0.032671	46.9964
10.6688	0.032669	46.9910
10.7188	0.032671	46.9856
10.7688	0.032679	46.9804
10.8188	0.032681	46.9755
10.8610	0.032681	46.9714
10.9110	0.032685	46.9662
10.9610	0.032683	46.9614
11.0110	0.032687	46.9561
11.0687	0.032687	46.9504
11.1187	0.032687	46.9457
11.1687	0.032683	46.9404
11.2187	0.032689	46.9359
11.2606	0.032700	46.9314
11.3106	0.032702	46.9263
11.3606	0.032700	46.9216
11.4106	0.032702	46.9161
11.4685	0.032714	46.9105
11.5185	0.032710	46.9053
11.5685	0.032708	46.9004
11.6185	0.032718	46.8954
11.6605	0.032714	46.8910
11.7105	0.032716	46.8863
11.7605	0.032724	46.8815
11.8105	0.032730	46.8765
11.8684	0.032726	46.8707
11.9184	0.032730	46.8658
11.9684	0.032730	46.8607
12.0184	0.032728	46.8558
12.0603	0.032734	46.8515
12.1103	0.032734	46.8463
12.1603	0.032730	46.8417
12.2103	0.032730	46.8362
12.2522	0.032740	46.8323
12.3022	0.032738	46.8274
12.3522	0.032738	46.8221
12.4022	0.032750	46.8176
12.4601	0.032754	46.8115
12.5101	0.032752	46.8066
12.5601	0.032746	46.8017
12.6101	0.032750	46.7964
12.6521	0.032756	46.7918
12.7021	0.032760	46.7872
12.7521	0.032766	46.7822
12.8021	0.032764	46.7770
12.8602	0.032764	46.7714
12.9102	0.032766	46.7662
12.9602	0.032764	46.7615
13.0102	0.032769	46.7564
13.0519	0.032771	46.7522
13.1019	0.032775	46.7474
13.1519	0.032779	46.7419
13.2019	0.032785	46.7373
13.2598	0.032791	46.7315
13.3098	0.032787	46.7264
13.3598	0.032783	46.7216
13.4098	0.032795	46.7161
13.4517	0.032799	46.7120
13.5017	0.032799	46.7070
13.5517	0.032805	46.7020
13.6017	0.032807	46.6972
13.6596	0.032805	46.6912
13.7096	0.032809	46.6865
13.7596	0.032811	46.6811
13.8096	0.032813	46.6761
13.8515	0.032813	46.6723
13.9015	0.032809	46.6676
13.9515	0.032815	46.6624
14.0015	0.032825	46.6576
14.0595	0.032827	46.6518
14.1095	0.032821	46.6466
14.1595	0.032827	46.6412
14.2095	0.032833	46.6365
14.2514	0.032841	46.6322
14.3014	0.032846	46.6272
14.3514	0.032837	46.6226
14.4014	0.032841	46.6174
14.4593	0.032841	46.6118
14.5093	0.032846	46.6064
14.5593	0.032846	46.6014
14.6093	0.032844	46.5966
14.6512	0.032846	46.5919
14.7012	0.032850	46.5873
14.7512	0.032858	46.5827
14.8012	0.032862	46.5777
14.8594	0.032868	46.5714
14.9094	0.032862	46.5662
14.9594	0.032864	46.5616
15.0094	0.032868	46.5564
15.0514	0.032866	46.5522
15.1014	0.032872	46.5472
15.1514	0.032874	46.5417
15.2014	0.032878	46.5373
15.2590	0.032882	46.5314
15.3090	0.032878	46.5264
15.3590	0.032882	46.5217
15.4090	0.032892	46.5163
15.4509	0.032890	46.5125
15.5009	0.032892	46.5074
15.5509	0.032898	46.5022
15.6009	0.032902	46.4973
15.6428	0.032902	46.4930
15.6928	0.032902	46.4881
15.7428	0.032906	46.4830
15.7928	0.032910	46.4779
15.8507	0.032910	46.4724
15.9007	0.032914	46.4677
15.9507	0.032921	46.4625
16.0007	0.032921	46.4576
16.0426	0.032921	46.4535
16.0926	0.032923	46.4483
16.1426	0.032927	46.4436
16.1926	0.032933	46.4382
16.2506	0.032927	46.4325
16.3006	0.032931	46.4274
16.3506	0.032939	46.4222
16.4006	0.032945	46.4176
16.4425	0.032945	46.4130
16.4925	0.032943	46.4082
16.5425	0.032945	46.4034
16.5925	0.032951	46.3980
16.6505	0.032955	46.3926
16.7005	0.032959	46.3874
16.7505	0.032959	46.3826
16.8005	0.032961	46.3777
16.8423	0.032965	46.3734
16.8923	0.032967	46.3686
16.9423	0.032971	46.3633
16.9923	0.032971	46.3584
17.0502	0.032971	46.3529
17.1002	0.032971	46.3475
17.1502	0.032973	46.3422
17.2002	0.032983	46.3376
17.2422	0.032983	46.3332
17.2922	0.032983	46.3280
17.3422	0.032985	46.3234
17.3922	0.032987	46.3179
17.4501	0.032994	46.3126
17.5001	0.032991	46.3075
17.5501	0.033004	46.3024
17.6001	0.033006	46.2976
17.6420	0.033004	46.2933
17.6920	0.033012	46.2884
17.7420	0.033012	46.2834
17.7920	0.033006	46.2783
17.8504	0.033008	46.2726
17.9004	0.033024	46.2672
17.9504	0.033032	46.2628
18.0004	0.033026	46.2576
18.0418	0.033028	46.2532
18.0918	0.033026	46.2480
18.1418	0.033034	46.2433
18.1918	0.033036	46.2381
18.2532	0.033036	46.2321
18.3032	0.033046	46.2271
18.3532	0.033054	46.2218
18.4032	0.033048	46.2172
18.4418	0.033046	46.2135
18.4918	0.033050	46.2085
18.5418	0.033052	46.2035
18.5918	0.033062	46.1988
18.6496	0.033066	46.1927
18.6996	0.033069	46.1872
18.7496	0.033071	46.1823
18.7996	0.033069	46.1773
18.8415	0.033079	46.1729
18.8915	0.033081	46.1681
18.9415	0.033081	46.1633
18.9915	0.033085	46.1583
19.0334	0.033083	46.1540
19.0834	0.033085	46.1493
19.1334	0.033089	46.1442
19.1834	0.033097	46.1394
19.2417	0.033099	46.1334
19.2917	0.033099	46.1281
19.3417	0.033099	46.1229
19.3917	0.033103	46.1182
19.4333	0.033113	46.1140
19.4833	0.033117	46.1090
19.5333	0.033117	46.1042
19.5833	0.033125	46.0985
19.6415	0.033133	46.0933
19.6915	0.033131	46.0886
19.7415	0.033141	46.0836
19.7915	0.033144	46.0783
19.8331	0.033146	46.0736
19.8831	0.033144	46.0692
19.9331	0.033148	46.0640
19.9831	0.033152	46.0588
20.0411	0.033152	46.0531
20.0911	0.033162	46.0480
20.1411	0.033166	46.0434
20.1911	0.033160	46.0382
20.2333	0.033160	46.0340
20.2833	0.033170	46.0291
20.3333	0.033180	46.0237
20.3833	0.033184	46.0191
20.4409	0.033184	46.0137
20.4909	0.033182	46.0086
20.5409	0.033178	46.0035
20.5909	0.033188	45.9986
20.6329	0.033196	45.9941
20.6829	0.033196	45.9894
20.7329	0.033192	45.9844
20.7829	0.033198	45.9792
20.8407	0.033212	45.9739
20.8907	0.033214	45.9685
20.9407	0.033219	45.9632
20.9907	0.033219	45.9583
21.0327	0.033221	45.9543
21.0827	0.033225	45.9489
21.1327	0.033231	45.9443
21.1827	0.033233	45.9391
21.2406	0.033243	45.9334
21.2906	0.033245	45.9285
21.3406	0.033251	45.9232
21.3906	0.033253	45.9184
21.4325	0.033245	45.9140
21.4825	0.033247	45.9090
21.5325	0.033255	45.9042
21.5825	0.033263	45.8989
21.6405	0.033267	45.8934
21.6905	0.033269	45.8887
21.7405	0.033269	45.8836
21.7905	0.033273	45.8786
21.8323	0.033279	45.8746
21.8823	0.033281	45.8693
21.9323	0.033279	45.8644
21.9823	0.033221	45.8593
22.0243	0.033182	45.8548
22.0743	0.033192	45.8502
22.1243	0.033192	45.8448
22.1743	0.033190	45.8400
22.2322	0.033196	45.8344
22.2822	0.033200	45.8290
22.3322	0.033208	45.8236
22.3822	0.033216	45.8192
22.4241	0.033221	45.8152
22.4741	0.033216	45.8102
22.5241	0.033219	45.8050
22.5741	0.033227	45.8004
22.6321	0.033229	45.7944
22.6821	0.033233	45.7897
22.7321	0.033235	45.7846
22.7821	0.033245	45.7792
22.8240	0.033249	45.7747
22.8740	0.033255	45.7699
22.9240	0.033255	45.7649
22.9740	0.033257	45.7599
23.0319	0.033263	45.7544
23.0819	0.033265	45.7496
23.1319	0.033267	45.7444
23.1819	0.033273	45.7396
23.2238	0.033281	45.7354
23.2738	0.033281	45.7303
23.3238	0.033283	45.7255
23.3738	0.033283	45.7200
23.4317	0.033294	45.7145
23.4817	0.033304	45.7094
23.5317	0.033302	45.7042
23.5817	0.033300	45.6996
23.6236	0.033312	45.6951
23.6736	0.033308	45.6903
23.7236	0.033310	45.6854
23.7736	0.033318	45.6800
23.8315	0.033322	45.6745
23.8815	0.033316	45.6692
23.9315	0.033326	45.6648
23.9815	0.033336	45.6592
24.0235	0.033342	45.6541
24.0735	0.033338	45.6504
24.1235	0.033336	45.6450
24.1735	0.033342	45.6402
24.2314	0.033354	45.6346
24.2814	0.033358	45.6292
24.3314	0.033362	45.6240
24.3814	0.033360	45.6193
24.4233	0.033364	45.6154
24.4733	0.033373	45.6105
24.5233	0.033369	45.6052
24.5733	0.033373	45.5998
24.6312	0.033379	45.5945
24.6812	0.033383	45.5892
24.7312	0.033385	45.5842
24.7812	0.033391	45.5793
24.8231	0.033401	45.5749
24.8731	0.033409	45.5702
24.9231	0.033409	45.5651
24.9731	0.033407	45.5601
25.0311	0.033405	45.5544
25.0811	0.033413	45.5490
25.1311	0.033421	45.5445
25.1811	0.033427	45.5390
25.2230	0.033427	45.5349
25.2730	0.033429	45.5304
25.3230	0.033431	45.5256
25.3730	0.033444	45.5204
25.4149	0.033446	45.5159
25.4649	0.033450	45.5108
25.5149	0.033456	45.5061
25.5649	0.033454	45.5009
25.6228	0.033458	45.4955
25.6728	0.033462	45.4905
25.7228	0.033470	45.4855
25.7728	0.033480	45.4808
25.8147	0.033482	45.4763
25.8647	0.033482	45.4710
25.9147	0.033482	45.4660
25.9647	0.033482	45.4612
26.0226	0.033488	45.4551
26.0726	0.033490	45.4503
26.1226	0.033502	45.4456
26.1726	0.033510	45.4406
26.2145	0.033508	45.4361
26.2645	0.033510	45.4307
26.3145	0.033521	45.4262
26.3645	0.033521	45.4212
26.4225	0.033525	45.4154
26.4725	0.033535	45.4106
26.5225	0.033539	45.4054
26.5725	0.033543	45.3999
26.6144	0.033545	45.3959
26.6644	0.033549	45.3914
26.7144	0.033555	45.3865
26.7644	0.033559	45.3809
26.8223	0.033563	45.3756
26.8723	0.033565	45.3703
26.9223	0.033571	45.3650
26.9723	0.033575	45.3600
27.0142	0.033579	45.3561
27.0642	0.033579	45.3507
27.1142	0.033585	45.3458
27.1642	0.033589	45.3412
27.2221	0.033596	45.3356
27.2721	0.033602	45.3304
27.3221	0.033610	45.3258
27.3721	0.033612	45.3207
27.4140	0.033616	45.3162
27.4640	0.033630	45.3110
27.5140	0.033630	45.3063
27.5640	0.033630	45.3010
27.6220	0.033634	45.2953
27.6720	0.033646	45.2903
27.7220	0.033652	45.2853
27.7720	0.033648	45.2805
27.8139	0.033646	45.2760
27.8639	0.033658	45.2713
27.9139	0.033666	45.2665
27.9639	0.033673	45.2612
28.0218	0.033673	45.2552
28.0718	0.033677	45.2505
28.1218	0.033683	45.2452
28.1718	0.033687	45.2403
28.2137	0.033691	45.2365
28.2637	0.033691	45.2311
28.3137	0.033695	45.2258
28.3637	0.033709	45.2209
28.4221	0.033719	45.2154
28.4721	0.033717	45.2105
28.5221	0.033717	45.2054
28.5721	0.033725	45.2008
28.6136	0.033737	45.1967
28.6636	0.033746	45.1915
28.7136	0.033737	45.1861
28.7636	0.033748	45.1813
28.8055	0.033752	45.1770
28.8555	0.033758	45.1719
28.9055	0.033768	45.1671
28.9555	0.033764	45.1621
29.0134	0.033772	45.1566
29.0634	0.033782	45.1514
29.1134	0.033786	45.1461
29.1634	0.033784	45.1409
29.2054	0.033784	45.1369
29.2554	0.033796	45.1318
29.3054	0.033804	45.1269
29.3554	0.033802	45.1219
29.4133	0.033808	45.1157
29.4633	0.033814	45.1112
29.5133	0.033819	45.1064
29.5633	0.033823	45.1013
29.6052	0.033829	45.0971
29.6552	0.033837	45.0924
29.7052	0.033841	45.0870
29.7552	0.033849	45.0822
29.8131	0.033857	45.0762
29.8631	0.033861	45.0713
29.9131	0.033863	45.0665
29.9631	0.033871	45.0610
30.0050	0.033865	45.0573
30.0550	0.033879	45.0521
30.1050	0.033891	45.0469
30.1550	0.033881	45.0421
30.2129	0.033896	45.0362
30.2629	0.033906	45.0316
30.3129	0.033914	45.0265
30.3629	0.033918	45.0212
30.4051	0.033928	45.0166
30.4551	0.033936	45.0119
30.5051	0.033936	45.0067
30.5551	0.033934	45.0017
30.6128	0.033940	44.9959
30.6628	0.033946	44.9908
30.7128	0.033954	44.9862
30.7628	0.033956	44.9817
30.8047	0.033969	44.9773
30.8547	0.033975	44.9721
30.9047	0.033983	44.9673
30.9547	0.033991	44.9623
31.0126	0.033993	44.9558
31.0626	0.033995	44.9511
31.1126	0.034001	44.9465
31.1626	0.034003	44.9415
31.2046	0.034009	44.9370
31.2546	0.034023	44.9318
31.3046	0.034023	44.9268
31.3546	0.034023	44.9221
31.4125	0.034035	44.9165
31.4625	0.034041	44.9112
31.5125	0.034046	44.9065
31.5625	0.034050	44.9014
31.6044	0.034058	44.8973
31.6544	0.034062	44.8926
31.7044	0.034068	44.8873
31.7544	0.034076	44.8825
31.8123	0.034084	44.8765
31.8623	0.034090	44.8712
31.9123	0.034102	44.8661
31.9623	0.034106	44.8613
32.0043	0.034116	44.8569
32.0543	0.034119	44.8520
32.1043	0.034127	44.8470
32.1543	0.034129	44.8417
32.1961	0.034133	44.8379
32.2461	0.034139	44.8328
32.2961	0.034147	44.8279
32.3461	0.034153	44.8232
32.4041	0.034167	44.8170
32.4541	0.034169	44.8125
32.5041	0.034175	44.8070
32.5541	0.034177	44.8021
32.5960	0.034185	44.7981
32.6460	0.034196	44.7929
32.6960	0.034202	44.7882
32.7460	0.034206	44.7830
32.8039	0.034214	44.7772
32.8539	0.034226	44.7721
32.9039	0.034232	44.7668
32.9539	0.034232	44.7624
32.9961	0.034240	44.7578
33.0461	0.034246	44.7529
33.0961	0.034258	44.7482
33.1461	0.034260	44.7427
33.2037	0.034264	44.7372
33.2537	0.034271	44.7320
33.3037	0.034279	44.7271
33.3537	0.034283	44.7221
33.3957	0.034291	44.7177
33.4457	0.034303	44.7129
33.4957	0.034307	44.7076
33.5457	0.034303	44.7028
33.6036	0.034309	44.6975
33.6536	0.034323	44.6926
33.7036	0.034337	44.6873
33.7536	0.034341	44.6826
33.7955	0.034352	44.6784
33.8455	0.034352	44.6731
33.8955	0.034341	44.6677
33.9455	0.034305	44.6630
34.0035	0.034271	44.6571
34.0535	0.034275	44.6521
34.1035	0.034279	44.6471
34.1535	0.034291	44.6420
34.1954	0.034303	44.6380
34.2454	0.034311	44.6333
34.2954	0.034317	44.6284
34.3454	0.034329	44.6232
34.4035	0.034341	44.6171
34.4535	0.034354	44.6126
34.5035	0.034356	44.6071
34.5535	0.034364	44.6022
34.5952	0.034370	44.5980
34.6452	0.034372	44.5928
34.6952	0.034384	44.5880
34.7452	0.034394	44.5827
34.8031	0.034406	44.5770
34.8531	0.034410	44.5719
34.9031	0.034416	44.5668
34.9531	0.034421	44.5622
34.9952	0.034429	44.5583
35.0452	0.034441	44.5532
35.0952	0.034439	44.5481
35.1452	0.034443	44.5432
35.1870	0.034451	44.5388
35.2370	0.034459	44.5339
35.2870	0.034467	44.5292
35.3370	0.034471	44.5244
35.3949	0.034479	44.5183
35.4449	0.034491	44.5128
35.4949	0.034512	44.5083
35.5449	0.034518	44.5031
35.5868	0.034518	44.4988
35.6368	0.034524	44.4939
35.6868	0.034528	44.4886
35.7368	0.034532	44.4838
35.7950	0.034550	44.4780
35.8450	0.034560	44.4730
35.8950	0.034560	44.4680
35.9450	0.034571	44.4626
35.9867	0.034579	44.4589
36.0367	0.034589	44.4538
36.0867	0.034599	44.4486
36.1367	0.034605	44.4441
36.1946	0.034611	44.4379
36.2446	0.034617	44.4333
36.2946	0.034633	44.4281
36.3446	0.034637	44.4230
36.3869	0.034652	44.4190
36.4369	0.034652	44.4137
36.4869	0.034660	44.4089
36.5369	0.034674	44.4039
36.5944	0.034684	44.3981
36.6444	0.034696	44.3933
36.6944	0.034704	44.3886
36.7444	0.034712	44.3834
36.7863	0.034721	44.3790
36.8363	0.034731	44.3739
36.8863	0.034735	44.3693
36.9363	0.034745	44.3638
36.9942	0.034761	44.3582
37.0442	0.034769	44.3531
37.0942	0.034779	44.3480
37.1442	0.034796	44.3431
37.1861	0.034793	44.3388
37.2361	0.034804	44.3340
37.2861	0.034806	44.3288
37.3361	0.034818	44.3238
37.3945	0.034836	44.3183
37.4445	0.034846	44.3130
37.4945	0.034856	44.3084
37.5445	0.034868	44.3031
37.5860	0.034875	44.2989
37.6360	0.034887	44.2942
37.6860	0.034897	44.2888
37.7360	0.034907	44.2840
37.7939	0.034915	44.2781
37.8439	0.034933	44.2733
37.8939	0.034950	44.2686
37.9439	0.034952	44.2634
37.9859	0.034956	44.2588
38.0359	0.034968	44.2537
38.0859	0.034986	44.2491
38.1359	0.034996	44.2445
38.1938	0.035008	44.2381
38.2438	0.035016	44.2329
38.2938	0.035027	44.2280
38.3438	0.035035	44.2233
38.3857	0.035047	44.2192
38.4357	0.035059	44.2139
38.4857	0.035071	44.2093
38.5357	0.035085	44.2042
38.5781	0.035100	44.1999
38.6281	0.035106	44.1952
38.6781	0.035126	44.1897
38.7281	0.035132	44.1850
38.7893	0.035138	44.1788
38.8393	0.035152	44.1734
38.8893	0.035162	44.1684
38.9393	0.035173	44.1637
38.9780	0.035187	44.1595
39.0280	0.035197	44.1545
39.0780	0.035211	44.1499
39.1280	0.035219	44.1452
39.1854	0.035229	44.1391
39.2354	0.035241	44.1344
39.2854	0.035260	44.1294
39.3354	0.035278	44.1241
39.3773	0.035284	44.1196
39.4273	0.035290	44.1148
39.4773	0.035302	44.1097
39.5273	0.035316	44.1047
39.5852	0.035329	44.0990
39.6352	0.035337	44.0939
39.6852	0.035347	44.0891
39.7352	0.035357	44.0844
39.7771	0.035337	44.0802
39.8271	0.035331	44.0748
39.8771	0.035343	44.0693
39.9271	0.035355	44.0649
39.9852	0.035365	44.0595
40.0352	0.035373	44.0541
40.0852	0.035302	44.0490
40.1352	0.035164	44.0443
40.1770	0.035158	44.0398
40.2270	0.035183	44.0351
40.2770	0.035203	44.0301
40.3270	0.035217	44.0247
40.3849	0.035227	44.0186
40.4349	0.035239	44.0141
40.4849	0.035256	44.0094
40.5349	0.035268	44.0043
40.5768	0.035286	44.0001
40.6268	0.035302	43.9954
40.6768	0.035306	43.9901
40.7268	0.035323	43.9848
40.7847	0.035341	43.9790
40.8347	0.035351	43.9741
40.8847	0.035365	43.9689
40.9347	0.035377	43.9642
40.9769	0.035391	43.9598
41.0269	0.035400	43.9548
41.0769	0.035412	43.9501
41.1269	0.035420	43.9453
41.1845	0.035430	43.9392
41.2345	0.035450	43.9344
41.2845	0.035462	43.9293
41.3345	0.035475	43.9243
41.3765	0.035485	43.9203
41.4265	0.035491	43.9149
41.4765	0.035505	43.9096
41.5265	0.035517	43.9046
41.5844	0.035529	43.8990
41.6344	0.035550	43.8939
41.6844	0.035560	43.8891
41.7344	0.035566	43.8837
41.7764	0.035578	43.8797
41.8264	0.035596	43.8751
41.8764	0.035608	43.8702
41.9264	0.035625	43.8649
41.9682	0.035641	43.8610
42.0182	0.035653	43.8561
42.0682	0.035669	43.8509
42.1182	0.035677	43.8462
42.1761	0.035685	43.8399
42.2261	0.035700	43.8347
42.2761	0.035714	43.8297
42.3261	0.035732	43.8247
42.3681	0.035750	43.8203
42.4181	0.035760	43.8156
42.4681	0.035775	43.8110
42.5181	0.035781	43.8061
42.5761	0.035797	43.8001
42.6261	0.035817	43.7953
42.6761	0.035825	43.7901
42.7261	0.035831	43.7854
42.7680	0.035850	43.7812
42.8180	0.035868	43.7759
42.8680	0.035878	43.7707
42.9180	0.035876	43.7658
42.9759	0.035874	43.7600
43.0259	0.035884	43.7551
43.0759	0.035902	43.7501
43.1259	0.035918	43.7447
43.1678	0.035927	43.7410
43.2178	0.035945	43.7360
43.2678	0.035973	43.7308
43.3178	0.035991	43.7257
43.3757	0.036010	43.7201
43.4257	0.036024	43.7148
43.4757	0.036032	43.7101
43.5257	0.036046	43.7051
43.5676	0.036062	43.7006
43.6176	0.036083	43.6961
43.6676	0.036105	43.6908
43.7176	0.036115	43.6859
43.7755	0.036129	43.6802
43.8255	0.036154	43.6750
43.8755	0.036170	43.6703
43.9255	0.036184	43.6650
43.9675	0.036208	43.6608
44.0175	0.036235	43.6559
44.0675	0.036249	43.6507
44.1175	0.036259	43.6459
44.1754	0.036273	43.6403
44.2254	0.036291	43.6352
44.2754	0.036320	43.6303
44.3254	0.036338	43.6254
44.3673	0.036346	43.6210
44.4173	0.036364	43.6156
44.4673	0.036383	43.6107
44.5173	0.036399	43.6058
44.5752	0.036417	43.5998
44.6252	0.036435	43.5949
44.6752	0.036450	43.5903
44.7252	0.036470	43.5850
44.7671	0.036494	43.5808
44.8171	0.036514	43.5760
44.8671	0.036535	43.5706
44.9171	0.036551	43.5658
44.9591	0.036575	43.5615
45.0091	0.036589	43.5564
45.0591	0.036612	43.5516
45.1091	0.036630	43.5471
45.1670	0.036644	43.5409
45.2170	0.036662	43.5360
45.2670	0.036683	43.5310
45.3170	0.036701	43.5259
45.3589	0.036721	43.5220
45.4089	0.036731	43.5168
45.4589	0.036739	43.5119
45.5089	0.036725	43.5068
45.5668	0.036731	43.5007
45.6168	0.036754	43.4961
45.6668	0.036770	43.4907
45.7168	0.036796	43.4861
45.7588	0.036825	43.4819
45.8088	0.036843	43.4766
45.8588	0.036861	43.4721
45.9088	0.036885	43.4667
45.9667	0.036906	43.4611
46.0167	0.036924	43.4560
46.0667	0.036938	43.4510
46.1167	0.036958	43.4462
46.1589	0.036987	43.4418
46.2089	0.037017	43.4370
46.2589	0.037039	43.4320
46.3089	0.037054	43.4267
46.3669	0.037068	43.4213
46.4169	0.036973	43.4157
46.4669	0.036691	43.4111
46.5169	0.036636	43.4061
46.5584	0.036671	43.4017
46.6084	0.036699	43.3970
46.6584	0.036733	43.3918
46.7084	0.036756	43.3870
46.7664	0.036774	43.3812
46.8164	0.036800	43.3762
46.8664	0.036827	43.3714
46.9164	0.036855	43.3658
46.9582	0.036877	43.3620
47.0082	0.036896	43.3570
47.0582	0.036918	43.3518
47.1082	0.036942	43.3473
47.1662	0.036962	43.3411
47.2162	0.036979	43.3357
47.2662	0.037007	43.3308
47.3162	0.037031	43.3262
47.3581	0.037050	43.3223
47.4081	0.037070	43.3172
47.4581	0.037082	43.3119
47.5081	0.037100	43.3064
47.5660	0.037131	43.3003
47.6160	0.037159	43.2958
47.6660	0.037175	43.2911
47.7160	0.037193	43.2861
47.7580	0.037214	43.2819
47.8080	0.037234	43.2770
47.8580	0.037258	43.2717
47.9080	0.037277	43.2668
47.9659	0.037297	43.2613
48.0159	0.037323	43.2562
48.0659	0.037350	43.2512
48.1159	0.037368	43.2465
48.1578	0.037390	43.2421
48.2078	0.037406	43.2368
48.2578	0.037433	43.2316
48.3078	0.037459	43.2267
48.3497	0.037473	43.2223
48.3997	0.037500	43.2175
48.4497	0.037522	43.2124
48.4997	0.037548	43.2074
48.5577	0.037573	43.2017
48.6077	0.037593	43.1962
48.6577	0.037613	43.1917
48.7077	0.037635	43.1871
48.7495	0.037656	43.1830
48.7995	0.037682	43.1778
48.8495	0.037702	43.1730
48.8995	0.037727	43.1679
48.9575	0.037749	43.1623
49.0075	0.037771	43.1572
49.0575	0.037798	43.1518
49.1075	0.037818	43.1467
49.1494	0.037838	43.1427
49.1994	0.037850	43.1377
49.2494	0.037840	43.1326
49.2994	0.037852	43.1280
49.3573	0.037887	43.1218
49.4073	0.037923	43.1166
49.4573	0.037948	43.1116
49.5073	0.037974	43.1070
49.5493	0.038006	43.1031
49.5993	0.038039	43.0975
49.6493	0.038067	43.0926
49.6993	0.038087	43.0876
49.7571	0.038126	43.0817
49.8071	0.038168	43.0769
49.8571	0.038189	43.0724
49.9071	0.038207	43.0669
49.9491	0.038235	43.0629
49.9991	0.038272	43.0580
50.0491	0.038304	43.0527
50.0991	0.038333	43.0480
50.1570	0.038365	43.0420
50.2070	0.038391	43.0371
50.2570	0.038418	43.0320
50.3070	0.038454	43.0270
50.3489	0.038487	43.0230
50.3989	0.038517	43.0176
50.4489	0.038546	43.0128
50.4989	0.038576	43.0079
50.5568	0.038612	43.0018
50.6068	0.038647	42.9972
50.6568	0.038673	42.9917
50.7068	0.038702	42.9869
50.7488	0.038734	42.9827
50.7988	0.038768	42.9776
50.8488	0.038807	42.9730
50.8988	0.038833	42.9680
50.9567	0.038854	42.9616
51.0067	0.038888	42.9564
51.0567	0.038923	42.9518
51.1067	0.038953	42.9472
51.1486	0.038989	42.9426
51.1986	0.039016	42.9378
51.2486	0.039052	42.9329
51.2986	0.039091	42.9277
51.3565	0.039127	42.9223
51.4065	0.039160	42.9168
51.4565	0.039192	42.9121
51.5065	0.039221	42.9070
51.5488	0.039251	42.9027
51.5988	0.039291	42.8980
51.6488	0.039338	42.8927
51.6988	0.039366	42.8879
51.7404	0.039401	42.8839
51.7904	0.039437	42.8787
51.8404	0.039472	42.8731
51.8904	0.039506	42.8681
51.9487	0.039545	42.8627
51.9987	0.039581	42.8577
52.0487	0.039618	42.8525
52.0987	0.039658	42.8479
52.1402	0.039693	42.8435
52.1902	0.039725	42.8385
52.2402	0.039758	42.8336
52.2902	0.039796	42.8286
52.3481	0.039843	42.8231
52.3981	0.039879	42.8177
52.4481	0.039922	42.8130
52.4981	0.039956	42.8080
52.5401	0.039989	42.8035
52.5901	0.040027	42.7991
52.6401	0.040064	42.7938
52.6901	0.040102	42.7883
52.7480	0.040137	42.7825
52.7980	0.040165	42.7779
52.8480	0.040200	42.7732
52.8980	0.040218	42.7680
52.9400	0.040226	42.7639
52.9900	0.040220	42.7590
53.0400	0.040222	42.7539
53.0900	0.040246	42.7490
53.1478	0.040273	42.7428
53.1978	0.040301	42.7375
53.2478	0.040327	42.7325
53.2978	0.040364	42.7277
53.3397	0.040408	42.7232
53.3897	0.040449	42.7184
53.4397	0.040477	42.7137
53.4897	0.040518	42.7089
53.5479	0.040564	42.7030
53.5979	0.040601	42.6984
53.6479	0.040639	42.6933
53.6979	0.040686	42.6879
53.7396	0.040727	42.6836
53.7896	0.040763	42.6787
53.8396	0.040800	42.6735
53.8896	0.040806	42.6688
53.9475	0.040414	42.6629
53.9975	0.039952	42.6579
54.0475	0.039985	42.6531
54.0975	0.040056	42.6476
54.1394	0.040121	42.6439
54.1894	0.040187	42.6389
54.2394	0.040240	42.6337
54.2894	0.040291	42.6287
54.3473	0.040343	42.6231
54.3973	0.040400	42.6177
54.4473	0.040451	42.6129
54.4973	0.040496	42.6081
54.5392	0.040544	42.6036
54.5892	0.040597	42.5990
54.6392	0.040648	42.5938
54.6892	0.040704	42.5888
54.7311	0.040759	42.5851
54.7811	0.040804	42.5794
54.8311	0.040848	42.5746
54.8811	0.040901	42.5696
54.9391	0.040954	42.5638
54.9891	0.041004	42.5589
55.0391	0.041043	42.5538
55.0891	0.041102	42.5490
55.1312	0.041154	42.5446
55.1812	0.041205	42.5394
55.2312	0.041250	42.5348
55.2812	0.041298	42.5294
55.3389	0.041339	42.5243
55.3889	0.041385	42.5191
55.4389	0.041446	42.5139
55.4889	0.041487	42.5090
55.5312	0.041531	42.5045
55.5812	0.041586	42.4997
55.6312	0.041633	42.4947
55.6812	0.041679	42.4898
55.7387	0.041724	42.4842
55.7887	0.041766	42.4788
55.8387	0.041815	42.4734
55.8887	0.041862	42.4685
55.9307	0.041898	42.4646
55.9807	0.041931	42.4601
56.0307	0.041963	42.4546
56.0807	0.041993	42.4491
56.1386	0.042028	42.4436
56.1886	0.042064	42.4389
56.2386	0.042109	42.4340
56.2886	0.042170	42.4288
56.3305	0.042227	42.4249
56.3805	0.042275	42.4199
56.4305	0.042324	42.4148
56.4805	0.042377	42.4099
56.5385	0.042429	42.4036
56.5885	0.042484	42.3990
56.6385	0.042533	42.3937
56.6885	0.042587	42.3888
56.7303	0.042642	42.3849
56.7803	0.042695	42.3795
56.8303	0.042735	42.3747
56.8803	0.042788	42.3697
56.9382	0.042849	42.3640
56.9882	0.042900	42.3592
57.0382	0.042946	42.3539
57.0882	0.042999	42.3491
57.1302	0.043056	42.3446
57.1802	0.043110	42.3396
57.2302	0.043165	42.3350
57.2802	0.043218	42.3295
57.3381	0.043266	42.3241
57.3881	0.043325	42.3187
57.4381	0.043374	42.3138
57.4881	0.043427	42.3091
57.5300	0.043483	42.3052
57.5800	0.043544	42.2996
57.6300	0.043599	42.2949
57.6800	0.043654	42.2899
57.7380	0.043712	42.2837
57.7880	0.043767	42.2786
57.8380	0.043822	42.2739
57.8880	0.043875	42.2692
57.9299	0.043935	42.2650
57.9799	0.043990	42.2599
58.0299	0.044037	42.2551
58.0799	0.044093	42.2499
58.1218	0.044154	42.2454
58.1718	0.044203	42.2401
58.2218	0.044260	42.2354
58.2718	0.044316	42.2308
58.3297	0.044371	42.2247
58.3797	0.044424	42.2194
58.4297	0.044483	42.2145
58.4797	0.044527	42.2095
58.5216	0.044572	42.2049
58.5716	0.044612	42.2003
58.6216	0.044639	42.1957
58.6716	0.044689	42.1908
58.7295	0.044738	42.1849
58.7795	0.044789	42.1801
58.8295	0.044845	42.1748
58.8795	0.044902	42.1700
58.9215	0.044965	42.1658
58.9715	0.045030	42.1604
59.0215	0.045091	42.1553
59.0715	0.045152	42.1506
59.1294	0.045212	42.1447
59.1794	0.045269	42.1397
59.2294	0.045336	42.1349
59.2794	0.045401	42.1295
59.3213	0.045466	42.1258
59.3713	0.045533	42.1208
59.4213	0.045585	42.1154
59.4713	0.045648	42.1101
59.5292	0.045709	42.1048
59.5792	0.045774	42.1001
59.6292	0.045829	42.0950
59.6792	0.045883	42.0898
59.7214	0.045940	42.0852
59.7714	0.046007	42.0807
59.8214	0.046066	42.0754
59.8714	0.046129	42.0704
59.9290	0.046185	42.0647
59.9790	0.046242	42.0595
60.0290	0.046303	42.0547
60.0790	0.046362	42.0494
60.1210	0.046423	42.0454
60.1710	0.046498	42.0405
60.2210	0.046560	42.0352
60.2710	0.046623	42.0307
60.3289	0.046694	42.0247
60.3789	0.046749	42.0200
60.4289	0.046812	42.0150
60.4789	0.046877	42.0097
60.5208	0.046927	42.0060
60.5708	0.046978	42.0008
60.6208	0.047037	41.9957
60.6708	0.047102	41.9908
60.7287	0.047177	41.9848
60.7787	0.047248	41.9801
60.8287	0.047320	41.9749
60.8787	0.047387	41.9700
60.9207	0.047460	41.9658
60.9707	0.047525	41.9604
61.0207	0.047594	41.9560
61.0707	0.047669	41.9508
61.1286	0.047738	41.9447
61.1786	0.047819	41.9398
61.2286	0.047900	41.9351
61.2786	0.047975	41.9296
61.3205	0.048048	41.9258
61.3705	0.048127	41.9209
61.4205	0.048206	41.9155
61.4705	0.048281	41.9103
61.5124	0.048358	41.9063
61.5624	0.048431	41.9016
61.6124	0.048506	41.8967
61.6624	0.048585	41.8915
61.7203	0.048672	41.8860
61.7703	0.048752	41.8807
61.8203	0.048825	41.8758
61.8703	0.048895	41.8707
61.9122	0.048970	41.8663
61.9622	0.049047	41.8619
62.0122	0.049122	41.8567
62.0622	0.049187	41.8514
62.1202	0.049260	41.8456
62.1702	0.049335	41.8407
62.2202	0.049416	41.8353
62.2702	0.049500	41.8308
62.3121	0.049581	41.8266
62.3621	0.049658	41.8214
62.4121	0.049739	41.8167
62.4621	0.049814	41.8113
62.5200	0.049885	41.8059
62.5700	0.049952	41.8006
62.6200	0.050033	41.7954
62.6700	0.050122	41.7906
62.7123	0.050201	41.7862
62.7623	0.050278	41.7814
62.8123	0.050357	41.7763
62.8623	0.050436	41.7713
62.9198	0.050525	41.7658
62.9698	0.050600	41.7611
63.0198	0.050685	41.7558
63.0698	0.050766	41.7510
63.1121	0.050854	41.7468
63.1621	0.050947	41.7416
63.2121	0.051040	41.7369
63.2621	0.051125	41.7315
63.3197	0.051220	41.7259
63.3697	0.051316	41.7209
63.4197	0.051399	41.7155
63.4697	0.051484	41.7103
63.5116	0.051579	41.7063
63.5616	0.051679	41.7017
63.6116	0.051770	41.6967
63.6616	0.051847	41.6914
63.7195	0.051942	41.6860
63.7695	0.052033	41.6806
63.8195	0.052120	41.6758
63.8695	0.052210	41.6708
63.9114	0.052291	41.6666
63.9614	0.052370	41.6618
64.0114	0.052465	41.6563
64.0614	0.052568	41.6516
64.1195	0.052645	41.6457
64.1695	0.052725	41.6406
64.2195	0.052810	41.6359
64.2695	0.052889	41.6304
64.3113	0.052966	41.6264
64.3613	0.053047	41.6214
64.4113	0.053126	41.6163
64.4613	0.053203	41.6116
64.5032	0.053266	41.6072
64.5532	0.053337	41.6023
64.6032	0.053420	41.5974
64.6532	0.053517	41.5920
64.7111	0.053618	41.5869
64.7611	0.053724	41.5815
64.8111	0.053823	41.5767
64.8611	0.053920	41.5717
64.9030	0.054022	41.5672
64.9530	0.054127	41.5627
65.0030	0.054225	41.5573
65.0530	0.054326	41.5523
65.1110	0.054433	41.5466
65.1610	0.054535	41.5415
65.2110	0.054634	41.5368
65.2610	0.054733	41.5316
65.3035	0.054839	41.5275
65.3535	0.054932	41.5226
65.4035	0.055039	41.5172
65.4535	0.055137	41.5127
65.5108	0.055242	41.5065
65.5608	0.055345	41.5017
65.6108	0.055441	41.4967
65.6608	0.055538	41.4914
65.7028	0.055641	41.4876
65.7528	0.055737	41.4825
65.8028	0.055818	41.4775
65.8528	0.055895	41.4726
65.9106	0.055982	41.4667
65.9606	0.056077	41.4621
66.0106	0.056162	41.4566
66.0606	0.056256	41.4518
66.1025	0.056345	41.4477
66.1525	0.056436	41.4423
66.2025	0.056531	41.4378
66.2525	0.056616	41.4325
66.3107	0.056706	41.4270
66.3607	0.056799	41.4220
66.4107	0.056878	41.4166
66.4607	0.056973	41.4119
66.5024	0.057077	41.4075
66.5524	0.057166	41.4025
66.6024	0.057243	41.3976
66.6524	0.057285	41.3925
66.7103	0.057314	41.3869
66.7603	0.057405	41.3814
66.8103	0.057510	41.3767
66.8603	0.057622	41.3717
66.9022	0.057725	41.3673
66.9522	0.057829	41.3629
67.0022	0.057932	41.3574
67.0522	0.058033	41.3524
67.1101	0.058129	41.3466
67.1601	0.058224	41.3415
67.2101	0.058331	41.3367
67.2601	0.058435	41.3315
67.3020	0.058540	41.3275
67.3520	0.058633	41.3225
67.4020	0.058727	41.3172
67.4520	0.058840	41.3126
67.5100	0.058947	41.3070
67.5600	0.059049	41.3020
67.6100	0.059150	41.2966
67.6600	0.059262	41.2916
67.7019	0.059381	41.2879
67.7519	0.059493	41.2823
67.8019	0.059606	41.2774
67.8519	0.059718	41.2725
67.8939	0.059825	41.2683
67.9439	0.059939	41.2635
67.9939	0.060062	41.2585
68.0439	0.060188	41.2536
68.1017	0.060302	41.2480
68.1517	0.060413	41.2427
68.2017	0.060518	41.2376
68.2517	0.060628	41.2328
68.2936	0.060739	41.2286
68.3436	0.060849	41.2234
68.3936	0.060956	41.2187
68.4436	0.061062	41.2133
68.5016	0.061175	41.2078
68.5516	0.061289	41.2028
68.6016	0.061392	41.1974
68.6516	0.061501	41.1923
68.6935	0.061605	41.1883
68.7435	0.061714	41.1836
68.7935	0.061834	41.1787
68.8435	0.061954	41.1735
68.9014	0.062073	41.1680
68.9514	0.062195	41.1627
69.0014	0.062318	41.1580
69.0514	0.062452	41.1529
69.0933	0.062582	41.1485
69.1433	0.062704	41.1433
69.1933	0.062819	41.1385
69.2433	0.062939	41.1334
69.3013	0.063070	41.1276
69.3513	0.063188	41.1227
69.4013	0.063295	41.1173
69.4513	0.063409	41.1128
69.4932	0.063529	41.1083
69.5432	0.063646	41.1032
69.5932	0.063766	41.0985
69.6432	0.063883	41.0931
69.7011	0.064007	41.0879
69.7511	0.064129	41.0826
69.8011	0.064244	41.0776
69.8511	0.064372	41.0727
69.8930	0.064501	41.0683
69.9430	0.064625	41.0635
69.9930	0.064745	41.0584
70.0430	0.064858	41.0533
70.1010	0.064966	41.0478
70.1510	0.065083	41.0430
70.2010	0.065205	41.0377
70.2510	0.065215	41.0330
70.2928	0.064949	41.0288
70.3428	0.064858	41.0236
70.3928	0.064937	41.0188
70.4428	0.065033	41.0133
70.5007	0.065146	41.0079
70.5507	0.065258	41.0027
70.6007	0.065383	40.9977
70.6507	0.065513	40.9931
70.6927	0.065645	40.9885
70.7427	0.065772	40.9830
70.7927	0.065898	40.9781
70.8427	0.066028	40.9735
70.8846	0.066162	40.9696
70.9346	0.066285	40.9645
70.9846	0.066411	40.9595
71.0346	0.066537	40.9547
71.0925	0.066674	40.9487
71.1425	0.066812	40.9433
71.1925	0.066940	40.9384
71.2425	0.067066	40.9334
71.2845	0.067201	40.9293
71.3345	0.067335	40.9246
71.3845	0.067465	40.9193
71.4345	0.067587	40.9144
71.4924	0.067702	40.9084
71.5424	0.067824	40.9034
71.5924	0.067951	40.8987
71.6424	0.068071	40.8932
71.6842	0.068197	40.8894
71.7342	0.068322	40.8843
71.7842	0.068438	40.8792
71.8342	0.068558	40.8745
71.8922	0.068675	40.8683
71.9422	0.068793	40.8636
71.9922	0.068916	40.8585
72.0422	0.069046	40.8536
72.0841	0.069172	40.8496
72.1341	0.069301	40.8442
72.1841	0.069441	40.8396
72.2341	0.069575	40.8346
72.2920	0.069707	40.8284
72.3420	0.069851	40.8234
72.3920	0.069995	40.8186
72.4420	0.070131	40.8131
72.4840	0.070266	40.8090
72.5340	0.070382	40.8045
72.5840	0.070499	40.7997
72.6340	0.070629	40.7946
72.6918	0.070771	40.7891
72.7418	0.070923	40.7840
72.7918	0.071079	40.7786
72.8418	0.071227	40.7733
72.8838	0.071363	40.7694
72.9338	0.071505	40.7643
72.9838	0.071665	40.7594
73.0338	0.071805	40.7546
73.0917	0.071928	40.7488
73.1417	0.072054	40.7442
73.1917	0.072192	40.7387
73.2417	0.072330	40.7333
73.2836	0.072462	40.7290
73.3336	0.072585	40.7243
73.3836	0.072697	40.7198
73.4336	0.072786	40.7145
73.4915	0.072695	40.7087
73.5415	0.072524	40.7037
73.5915	0.072551	40.6986
73.6415	0.072650	40.6938
73.6837	0.072745	40.6895
73.7337	0.072837	40.6846
73.7837	0.072918	40.6797
73.8337	0.073009	40.6744
73.8913	0.073106	40.6684
73.9413	0.073210	40.6636
73.9913	0.073325	40.6584
74.0413	0.073433	40.6534
74.0855	0.073520	40.6490
74.1355	0.073615	40.6434
74.1855	0.073724	40.6387
74.2355	0.073844	40.6340
74.2752	0.073962	40.6302
74.3252	0.074085	40.6258
74.3752	0.074211	40.6203
74.4252	0.074312	40.6151
74.4831	0.074424	40.6094
74.5331	0.074539	40.6047
74.5831	0.074649	40.5998
74.6331	0.074758	40.5946
74.6750	0.074874	40.5905
74.7250	0.074987	40.5856
74.7750	0.075074	40.5804
74.8250	0.075064	40.5749
74.8829	0.074882	40.5694
74.9329	0.074858	40.5643
74.9829	0.074951	40.5593
75.0329	0.075060	40.5544
75.0749	0.075176	40.5500
75.1249	0.075299	40.5455
75.1749	0.075409	40.5401
75.2249	0.075510	40.5350
75.2828	0.075614	40.5297
75.3328	0.075723	40.5248
75.3828	0.075830	40.5197
75.4328	0.075930	40.5142
75.4747	0.076021	40.5102
75.5247	0.076106	40.5055
75.5747	0.076195	40.5002
75.6247	0.076189	40.4954
75.6826	0.076201	40.4895
75.7326	0.076343	40.4846
75.7826	0.076489	40.4797
75.8326	0.076631	40.4745
75.8745	0.076767	40.4706
75.9245	0.076901	40.4653
75.9745	0.077033	40.4603
76.0245	0.077160	40.4556
76.0825	0.077306	40.4494
76.1325	0.077448	40.4450
76.1825	0.077580	40.4396
76.2325	0.077695	40.4346
76.2746	0.077799	40.4304
76.3246	0.077868	40.4250
76.3746	0.077941	40.4203
76.4246	0.078008	40.4152
76.4823	0.077880	40.4095
76.5323	0.077515	40.4044
76.5823	0.077444	40.3992
76.6323	0.077476	40.3946
76.6742	0.077519	40.3906
76.7242	0.077582	40.3855
76.7742	0.077667	40.3805
76.8242	0.077744	40.3757
76.8821	0.077825	40.3695
76.9321	0.077896	40.3648
76.9821	0.077961	40.3595
77.0321	0.078034	40.3545
77.0741	0.078131	40.3507
77.1241	0.078241	40.3452
77.1741	0.078352	40.3405
77.2241	0.078490	40.3355
77.2822	0.078638	40.3295
77.3322	0.078770	40.3246
77.3822	0.078905	40.3194
77.4322	0.079019	40.3147
77.4740	0.078970	40.3104
77.5240	0.078788	40.3053
77.5740	0.078792	40.3005
77.6240	0.078859	40.2951
77.6659	0.078936	40.2912
77.7159	0.079037	40.2863
77.7659	0.079161	40.2811
77.8159	0.079280	40.2767
77.8738	0.079390	40.2703
77.9238	0.079475	40.2656
77.9738	0.079548	40.2605
78.0238	0.079623	40.2554
78.0659	0.079714	40.2514
78.1159	0.079812	40.2463
78.1659	0.079887	40.2414
78.2159	0.079972	40.2365
78.2736	0.080063	40.2307
78.3236	0.080097	40.2260
78.3736	0.080057	40.2206
78.4236	0.078553	40.2154
78.4655	0.070321	40.2112
78.5155	0.064576	40.2064
78.5655	0.063893	40.2012
78.6155	0.063804	40.1964
78.6734	0.063762	40.1903
78.7234	0.063733	40.1854
78.7734	0.063707	40.1806
78.8234	0.063683	40.1753
78.8654	0.063709	40.1715
78.9154	0.063735	40.1664
78.9654	0.063778	40.1613
79.0154	0.063822	40.1566
79.0739	0.063855	40.1504
79.1239	0.063904	40.1457
79.1739	0.063979	40.1405
79.2239	0.064054	40.1356
79.2652	0.064129	40.1316
79.3152	0.064187	40.1260
79.3652	0.064262	40.1215
79.4152	0.064354	40.1164
79.4731	0.064449	40.1106
79.5231	0.064522	40.1058
79.5731	0.064603	40.1004
79.6231	0.064676	40.0959
79.6651	0.064724	40.0915
79.7151	0.064779	40.0864
79.7651	0.064858	40.0816
79.8151	0.064945	40.0764
79.8730	0.065018	40.0709
79.9230	0.065085	40.0659
79.9730	0.065150	40.0606
80.0230	0.065215	40.0554
80.0649	0.065286	40.0515
80.1149	0.065349	40.0463
80.1649	0.065418	40.0413
80.2149	0.065483	40.0364
80.2729	0.065547	40.0305
80.3229	0.065639	40.0257
80.3729	0.065732	40.0210
80.4229	0.065825	40.0159
80.4647	0.065937	40.0114
80.5147	0.066064	40.0060
80.5647	0.066186	40.0015
80.6147	0.066301	39.9961
80.6566	0.066423	39.9919
80.7066	0.066537	39.9870
80.7566	0.066660	39.9817
80.8066	0.066782	39.9769
80.8645	0.066897	39.9716
80.9145	0.067025	39.9664
80.9645	0.067161	39.9614
81.0145	0.067266	39.9566
81.0565	0.067374	39.9521
81.1065	0.067491	39.9473
81.1565	0.067615	39.9422
81.2065	0.067745	39.9372
81.2649	0.067893	39.9317
81.3149	0.068043	39.9265
81.3649	0.068174	39.9218
81.4149	0.068278	39.9166
81.4563	0.068371	39.9122
81.5063	0.068478	39.9070
81.5563	0.068580	39.9022
81.6063	0.068677	39.8970
81.6642	0.068778	39.8914
81.7142	0.068886	39.8865
81.7642	0.069014	39.8812
81.8142	0.069153	39.8767
81.8565	0.069291	39.8722
81.9065	0.069413	39.8669
81.9565	0.069541	39.8619
82.0065	0.069683	39.8571
82.0642	0.069824	39.8516
82.1142	0.069970	39.8465
82.1642	0.070145	39.8417
82.2142	0.070305	39.8369
82.2562	0.070449	39.8326
82.3062	0.070591	39.8272
82.3562	0.070735	39.8221
82.4062	0.070860	39.8171
82.4639	0.070980	39.8113
82.5139	0.071103	39.8065
82.5639	0.071227	39.8012
82.6139	0.071359	39.7966
82.6558	0.071499	39.7923
82.7058	0.071643	39.7871
82.7558	0.071764	39.7826
82.8058	0.071898	39.7772
82.8640	0.072050	39.7717
82.9140	0.072194	39.7665
82.9640	0.072326	39.7614
83.0140	0.072433	39.7568
83.0556	0.072531	39.7523
83.1056	0.072650	39.7474
83.1556	0.072780	39.7424
83.2056	0.072920	39.7372
83.2638	0.073060	39.7317
83.3138	0.073224	39.7264
83.3638	0.073386	39.7217
83.4138	0.073530	39.7165
83.4554	0.073643	39.7122
83.5054	0.073757	39.7077
83.5554	0.073883	39.7022
83.6054	0.074018	39.6974
83.6634	0.074164	39.6916
83.7134	0.074314	39.6864
83.7634	0.074470	39.6816
83.8134	0.074612	39.6765
83.8555	0.074754	39.6725
83.9055	0.074894	39.6675
83.9555	0.075022	39.6623
84.0055	0.075151	39.6576
84.0472	0.075301	39.6530
84.0972	0.075447	39.6481
84.1472	0.075603	39.6432
84.1972	0.075768	39.6378
84.2551	0.075908	39.6326
84.3051	0.076031	39.6271
84.3551	0.076145	39.6225
84.4051	0.076258	39.6175
84.4471	0.076388	39.6130
84.4971	0.076532	39.6082
84.5471	0.076696	39.6029
84.5971	0.076870	39.5980
84.6550	0.077033	39.5923
84.7050	0.077178	39.5871
84.7550	0.077312	39.5824
84.8050	0.077444	39.5776
84.8469	0.077582	39.5732
84.8969	0.077718	39.5681
84.9469	0.077847	39.5633
84.9969	0.077973	39.5580
85.0548	0.078097	39.5524
85.1048	0.078220	39.5471
85.1548	0.078346	39.5423
85.2048	0.078458	39.5375
85.2468	0.078555	39.5330
85.2968	0.078628	39.5284
85.3468	0.078707	39.5232
85.3968	0.078786	39.5181
85.4547	0.078841	39.5125
85.5047	0.078871	39.5071
85.5547	0.078916	39.5024
85.6047	0.078983	39.4973
85.6466	0.079047	39.4932
85.6966	0.079118	39.4883
85.7466	0.079193	39.4831
85.7966	0.079262	39.4784
85.8548	0.079319	39.4722
85.9048	0.079380	39.4673
85.9548	0.079467	39.4624
86.0048	0.079546	39.4572
86.0465	0.079605	39.4535
86.0965	0.079653	39.4482
86.1465	0.079694	39.4431
86.1965	0.079714	39.4383
86.2544	0.079733	39.4323
86.3044	0.079751	39.4275
86.3544	0.079759	39.4224
86.4044	0.079791	39.4177
86.4475	0.079852	39.4135
86.4975	0.079921	39.4079
86.5475	0.079962	39.4034
86.5975	0.079955	39.3982
86.6542	0.079935	39.3921
86.7042	0.079953	39.3870
86.7542	0.079978	39.3824
86.8042	0.079970	39.3779
86.8462	0.079923	39.3733
86.8962	0.079850	39.3682
86.9462	0.079836	39.3633
86.9962	0.079872	39.3581
87.0540	0.079937	39.3525
87.1040	0.079998	39.3473
87.1540	0.080041	39.3425
87.2040	0.080059	39.3375
87.2460	0.080057	39.3330
87.2960	0.080028	39.3286
87.3460	0.080022	39.3232
87.3960	0.080039	39.3183
87.4381	0.080081	39.3144
87.4881	0.080134	39.3089
87.5381	0.080174	39.3041
87.5881	0.080201	39.2990
87.6458	0.080205	39.2932
87.6958	0.080207	39.2884
87.7458	0.080239	39.2831
87.7958	0.080278	39.2783
87.8377	0.080320	39.2739
87.8877	0.080393	39.2689
87.9377	0.080476	39.2644
87.9877	0.080537	39.2589
88.0459	0.080564	39.2537
88.0959	0.080580	39.2484
88.1459	0.080592	39.2429
88.1959	0.080598	39.2377
88.2377	0.080586	39.2340
88.2877	0.080586	39.2294
88.3377	0.080612	39.2244
88.3877	0.080665	39.2192
88.4464	0.080728	39.2131
88.4964	0.080797	39.2074
88.5464	0.080860	39.2030
88.5964	0.080926	39.1983
88.6374	0.080985	39.1942
88.6874	0.081036	39.1891
88.7374	0.081093	39.1843
88.7874	0.081135	39.1792
88.8453	0.081192	39.1735
88.8953	0.081245	39.1685
88.9453	0.081295	39.1632
88.9953	0.081356	39.1587
89.0372	0.081419	39.1542
89.0872	0.081472	39.1494
89.1372	0.081526	39.1447
89.1872	0.081589	39.1393
89.2454	0.081632	39.1339
89.2954	0.081674	39.1290
89.3454	0.081715	39.1235
89.3954	0.081745	39.1184
89.4371	0.081790	39.1148
89.4871	0.081865	39.1093
89.5371	0.081926	39.1044
89.5871	0.081993	39.0995
89.6450	0.082078	39.0936
89.6950	0.082181	39.0888
89.7450	0.082258	39.0836
89.7950	0.082325	39.0783
89.8369	0.082382	39.0741
89.8869	0.082437	39.0693
89.9369	0.082501	39.0641
89.9869	0.082570	39.0593
90.0448	0.082666	39.0534
90.0948	0.082775	39.0485
90.1448	0.082872	39.0435
90.1948	0.082976	39.0381
90.2367	0.083073	39.0344
90.2867	0.083166	39.0292
90.3367	0.083253	39.0242
90.3867	0.083343	39.0196
90.4286	0.083430	39.0149
90.4786	0.083509	39.0103
90.5286	0.083576	39.0052
90.5786	0.083667	39.0000
90.6366	0.083782	38.9944
90.6866	0.083874	38.9891
90.7366	0.083965	38.9843
90.7866	0.084042	38.9792
90.8289	0.084080	38.9750
90.8789	0.084123	38.9701
90.9289	0.084184	38.9647
90.9789	0.084243	38.9600
91.0364	0.084320	38.9542
91.0864	0.084419	38.9492
91.1364	0.084500	38.9444
91.1864	0.084591	38.9390
91.2284	0.084674	38.9349
91.2784	0.084749	38.9298
91.3284	0.084804	38.9248
91.3784	0.084853	38.9201
91.4363	0.084889	38.9142
91.4863	0.084897	38.9095
91.5363	0.084918	38.9044
91.5863	0.084956	38.8992
91.6281	0.085019	38.8948
91.6781	0.085110	38.8901
91.7281	0.085207	38.8851
91.7781	0.085313	38.8802
91.8361	0.085418	38.8744
91.8861	0.085522	38.8691
91.9361	0.085633	38.8647
91.9861	0.085761	38.8594
92.0280	0.085880	38.8550
92.0780	0.085972	38.8499
92.1280	0.086051	38.8452
92.1780	0.086126	38.8398
92.2360	0.086207	38.8343
92.2860	0.086300	38.8292
92.3360	0.086395	38.8241
92.3860	0.086472	38.8196
92.4278	0.086562	38.8151
92.4778	0.086675	38.8097
92.5278	0.086795	38.8046
92.5778	0.086930	38.8001
92.6358	0.087052	38.7946
92.6858	0.087182	38.7893
92.7358	0.087301	38.7845
92.7858	0.087259	38.7795
92.8277	0.086685	38.7752
92.8777	0.086310	38.7704
92.9277	0.086373	38.7648
92.9777	0.086487	38.7599
93.0357	0.086582	38.7546
93.0857	0.086647	38.7497
93.1357	0.086710	38.7445
93.1857	0.086762	38.7390
93.2280	0.086795	38.7350
93.2780	0.086813	38.7301
93.3280	0.086841	38.7250
93.3780	0.086874	38.7203
93.4354	0.086880	38.7145
93.4854	0.086851	38.7091
93.5354	0.086803	38.7041
93.5854	0.086752	38.6994
93.6273	0.086718	38.6957
93.6773	0.086691	38.6903
93.7273	0.086663	38.6850
93.7773	0.086651	38.6800
93.8193	0.086675	38.6760
93.8693	0.086760	38.6705
93.9193	0.086864	38.6657
93.9693	0.086979	38.6611
94.0272	0.087080	38.6554
94.0772	0.087162	38.6503
94.1272	0.087230	38.6456
94.1772	0.087301	38.6405
94.2191	0.087346	38.6360
94.2691	0.087399	38.6308
94.3191	0.087478	38.6260
94.3691	0.087579	38.6208
94.4270	0.087654	38.6153
94.4770	0.087733	38.6103
94.5270	0.087808	38.6053
94.5770	0.087887	38.6005
94.6190	0.087940	38.5960
94.6690	0.087993	38.5912
94.7190	0.088064	38.5862
94.7690	0.088147	38.5809
94.8269	0.088224	38.5755
94.8769	0.088266	38.5701
94.9269	0.088325	38.5654
94.9769	0.088418	38.5603
95.0188	0.088497	38.5561
95.0688	0.088562	38.5513
95.1188	0.088635	38.5462
95.1688	0.088718	38.5414
95.2271	0.088801	38.5355
95.2771	0.088893	38.5302
95.3271	0.088972	38.5250
95.3771	0.089043	38.5202
95.4186	0.089103	38.5159
95.4686	0.089166	38.5109
95.5186	0.089264	38.5060
95.5686	0.089369	38.5005
95.6266	0.089464	38.4953
95.6766	0.089572	38.4906
95.7266	0.089655	38.4855
95.7766	0.089732	38.4803
95.8185	0.089821	38.4758
95.8685	0.089791	38.4714
95.9185	0.089491	38.4663
95.9685	0.089424	38.4611
96.0268	0.089547	38.4553
96.0768	0.089665	38.4501
96.1268	0.089762	38.4455
96.1768	0.089896	38.4404
96.2183	0.090024	38.4363
96.2683	0.090097	38.4313
96.3183	0.090159	38.4259
96.3683	0.090234	38.4214
96.4266	0.090316	38.4154
96.4766	0.090409	38.4100
96.5266	0.090506	38.4049
96.5766	0.090581	38.4002
96.6181	0.090656	38.3963
96.6681	0.090729	38.3912
96.7181	0.090786	38.3863
96.7681	0.090843	38.3816
96.8101	0.090920	38.3772
96.8601	0.091013	38.3718
96.9101	0.091112	38.3668
96.9601	0.091214	38.3620
97.0180	0.091305	38.3561
97.0680	0.091390	38.3513
97.1180	0.091467	38.3461
97.1680	0.091550	38.3412
97.2102	0.091635	38.3371
97.2602	0.091722	38.3316
97.3102	0.091807	38.3271
97.3602	0.091878	38.3219
97.4178	0.091923	38.3163
97.4678	0.091984	38.3114
97.5178	0.092071	38.3060
97.5678	0.092191	38.3005
97.6098	0.092320	38.2967
97.6598	0.092438	38.2921
97.7098	0.092553	38.2871
97.7598	0.092667	38.2819
97.8176	0.092750	38.2766
97.8676	0.092843	38.2714
97.9176	0.092918	38.2664
97.9676	0.092983	38.2614
98.0095	0.093070	38.2569
98.0595	0.093164	38.2523
98.1095	0.093253	38.2472
98.1595	0.093334	38.2419
98.2175	0.093405	38.2360
98.2675	0.093484	38.2313
98.3175	0.093571	38.2266
98.3675	0.093664	38.2213
98.4094	0.093757	38.2172
98.4594	0.093843	38.2123
98.5094	0.093920	38.2071
98.5594	0.094013	38.2025
98.6173	0.094094	38.1964
98.6673	0.094173	38.1911
98.7173	0.094236	38.1861
98.7673	0.094297	38.1813
98.8092	0.094368	38.1770
98.8592	0.094430	38.1722
98.9092	0.094497	38.1671
98.9592	0.094566	38.1618
99.0171	0.094623	38.1566
99.0671	0.094692	38.1511
99.1171	0.094781	38.1464
99.1671	0.094864	38.1413
99.2091	0.094947	38.1370
99.2591	0.094970	38.1325
99.3091	0.094653	38.1271
99.3591	0.094388	38.1221
99.4170	0.094439	38.1162
99.4670	0.094540	38.1111
99.5170	0.094629	38.1064
99.5670	0.094732	38.1012
99.6089	0.094848	38.0971
99.6589	0.094957	38.0920
99.7089	0.095053	38.0867
99.7589	0.095154	38.0822
99.8168	0.095235	38.0758
99.8668	0.095308	38.0712
99.9168	0.095379	38.0665
99.9668	0.095450	38.0614
100.0087	0.095533	38.0568
100.0587	0.095614	38.0524
100.1087	0.095689	38.0472
100.1587	0.095784	38.0418
100.2014	0.095892	38.0374
100.2514	0.095971	38.0327
100.3014	0.096036	38.0272
100.3514	0.096121	38.0224
100.4086	0.096224	38.0172
100.4586	0.096301	38.0124
100.5086	0.096376	38.0071
100.5586	0.096466	38.0023
100.6005	0.096573	37.9979
100.6505	0.096707	37.9930
100.7005	0.096836	37.9883
100.7505	0.096944	37.9828
100.8084	0.097027	37.9769
100.8584	0.097116	37.9720
100.9084	0.097234	37.9671
100.9584	0.097372	37.9621
101.0003	0.097518	37.9582
101.0503	0.097674	37.9529
101.1003	0.097820	37.9480
101.1503	0.097941	37.9432
101.2084	0.098028	37.9370
101.2584	0.098095	37.9325
101.3084	0.098172	37.9268
101.3584	0.098253	37.9219
101.4001	0.098326	37.9177
101.4501	0.098418	37.9126
101.5001	0.098529	37.9078
101.5501	0.098657	37.9033
101.6081	0.098797	37.8971
101.6581	0.098912	37.8923
101.7081	0.098993	37.8875
101.7581	0.099080	37.8822
101.8000	0.099168	37.8783
101.8500	0.099249	37.8732
101.9000	0.099303	37.8680
101.9500	0.099137	37.8627
102.0079	0.098934	37.8575
102.0579	0.098991	37.8520
102.1079	0.099097	37.8473
102.1579	0.099214	37.8423
102.1998	0.099326	37.8379
102.2498	0.099433	37.8332
102.2998	0.099528	37.8280
102.3498	0.099624	37.8231
102.4077	0.099707	37.8171
102.4577	0.099786	37.8120
102.5077	0.099877	37.8074
102.5577	0.099970	37.8019
102.5996	0.100066	37.7980
102.6496	0.100179	37.7932
102.6996	0.100278	37.7879
102.7496	0.100376	37.7832
102.8076	0.100481	37.7769
102.8576	0.100586	37.7722
102.9076	0.100694	37.7672
102.9576	0.100787	37.7621
102.9995	0.100880	37.7581
103.0495	0.100988	37.7528
103.0995	0.101116	37.7481
103.1495	0.101229	37.7432
103.2074	0.101343	37.7372
103.2574	0.101466	37.7327
103.3074	0.101576	37.7271
103.3574	0.101653	37.7216
103.3993	0.101740	37.7175
103.4493	0.101829	37.7130
103.4993	0.101906	37.7083
103.5493	0.101997	37.7032
103.5913	0.102105	37.6990
103.6413	0.102228	37.6942
103.6913	0.102330	37.6890
103.7413	0.102429	37.6836
103.7992	0.102530	37.6779
103.8492	0.102636	37.6729
103.8992	0.102749	37.6678
103.9492	0.102865	37.6630
103.9911	0.102964	37.6587
104.0411	0.103066	37.6540
104.0911	0.103169	37.6489
104.1411	0.103262	37.6436
104.1990	0.103347	37.6383
104.2490	0.103434	37.6328
104.2990	0.103550	37.6282
104.3490	0.103682	37.6231
104.3910	0.103805	37.6188
104.4410	0.103909	37.6142
104.4910	0.104014	37.6090
104.5410	0.104116	37.6042
104.5989	0.104215	37.5984
104.6489	0.104322	37.5931
104.6989	0.104418	37.5877
104.7489	0.104521	37.5830
104.7908	0.104580	37.5786
104.8408	0.104381	37.5735
104.8908	0.104199	37.5688
104.9408	0.104249	37.5643
104.9987	0.104347	37.5580
105.0487	0.104476	37.5534
105.0987	0.104612	37.5483
105.1487	0.104732	37.5432
105.1922	0.104847	37.5392
105.2422	0.104961	37.5340
105.2922	0.105074	37.5286
105.3422	0.105178	37.5236
105.3985	0.105281	37.5184
105.4485	0.105388	37.5136
105.4985	0.105498	37.5083
105.5485	0.105616	37.5029
105.5905	0.105725	37.4987
105.6405	0.105806	37.4939
105.6905	0.105889	37.4888
105.7405	0.105982	37.4840
105.7984	0.106068	37.4785
105.8484	0.106169	37.4734
105.8984	0.106266	37.4683
105.9484	0.106368	37.4635
105.9903	0.106499	37.4591
106.0403	0.106631	37.4542
106.0903	0.106728	37.4490
106.1403	0.106836	37.4438
106.1982	0.106968	37.4384
106.2482	0.107073	37.4329
106.2982	0.107158	37.4284
106.3482	0.107245	37.4234
106.3901	0.107349	37.4188
106.4401	0.107460	37.4134
106.4901	0.107584	37.4089
106.5401	0.107709	37.4044
106.5828	0.107837	37.4003
106.6328	0.107936	37.3951
106.6828	0.108042	37.3898
106.7328	0.108151	37.3844
106.7900	0.108269	37.3788
106.8400	0.108382	37.3741
106.8900	0.108496	37.3691
106.9400	0.108587	37.3638
106.9819	0.108672	37.3598
107.0319	0.108776	37.3548
107.0819	0.108861	37.3498
107.1319	0.108942	37.3450
107.1898	0.109041	37.3386
107.2398	0.109151	37.3341
107.2898	0.109268	37.3288
107.3398	0.109408	37.3239
107.3820	0.109536	37.3200
107.4320	0.109670	37.3145
107.4820	0.109801	37.3096
107.5320	0.109895	37.3046
107.5898	0.109974	37.2989
107.6398	0.110004	37.2940
107.6898	0.109961	37.2887
107.7398	0.110012	37.2840
107.7816	0.110122	37.2796
107.8316	0.110247	37.2745
107.8816	0.110347	37.2700
107.9316	0.110430	37.2645
107.9897	0.110537	37.2591
108.0397	0.110647	37.2538
108.0897	0.110752	37.2488
108.1397	0.110853	37.2440
108.1814	0.110945	37.2395
108.2314	0.111026	37.2347
108.2814	0.111125	37.2296
108.3314	0.111245	37.2246
108.3893	0.111368	37.2190
108.4393	0.111502	37.2137
108.4893	0.111640	37.2089
108.5393	0.111782	37.2042
108.5812	0.111895	37.2000
108.6312	0.111976	37.1949
108.6812	0.112078	37.1901
108.7312	0.112199	37.1850
108.7891	0.112319	37.1793
108.8391	0.112443	37.1741
108.8891	0.112574	37.1690
108.9391	0.112674	37.1643
108.9814	0.112767	37.1598
109.0314	0.112878	37.1549
109.0814	0.112996	37.1500
109.1314	0.113095	37.1446
109.1890	0.113203	37.1383
109.2390	0.113324	37.1338
109.2890	0.113413	37.1290
109.3390	0.113294	37.1240
109.3809	0.113225	37.1197
109.4309	0.113292	37.1151
109.4809	0.113403	37.1099
109.5309	0.113541	37.1050
109.5888	0.113677	37.0995
109.6388	0.113803	37.0945
109.6888	0.113934	37.0892
109.7388	0.114058	37.0838
109.7807	0.114174	37.0799
109.8307	0.114303	37.0748
109.8807	0.114423	37.0696
109.9307	0.114522	37.0648
109.9727	0.114591	37.0604
110.0227	0.114656	37.0554
110.0727	0.114745	37.0508
110.1227	0.114840	37.0461
110.1809	0.114958	37.0398
110.2309	0.115076	37.0353
110.2809	0.115205	37.0300
110.3309	0.115325	37.0250
110.3725	0.115463	37.0210
110.4225	0.115580	37.0158
110.4725	0.115684	37.0111
110.5225	0.115795	37.0062
110.5804	0.115917	37.0000
110.6304	0.116030	36.9947
110.6804	0.116164	36.9901
110.7304	0.116278	36.9849
110.7723	0.116355	36.9808
110.8223	0.116438	36.9759
110.8723	0.116537	36.9709
110.9223	0.116606	36.9661
110.9803	0.116679	36.9599
111.0303	0.116760	36.9551
111.0803	0.116886	36.9501
111.1303	0.117024	36.9449
111.1722	0.117180	36.9413
111.2222	0.117324	36.9358
111.2722	0.117461	36.9307
111.3222	0.117595	36.9257
111.3803	0.117727	36.9198
111.4303	0.117851	36.9151
111.4803	0.117972	36.9100
111.5303	0.118074	36.9053
111.5720	0.118153	36.9012
111.6220	0.118145	36.8959
111.6720	0.117723	36.8904
111.7220	0.117482	36.8855
111.7800	0.117599	36.8802
111.8300	0.117751	36.8752
111.8800	0.117930	36.8700
111.9300	0.118104	36.8654
111.9718	0.118266	36.8609
112.0218	0.118396	36.8559
112.0718	0.118536	36.8510
112.1218	0.118694	36.8458
112.1798	0.118856	36.8403
112.2298	0.118984	36.8351
112.2798	0.119103	36.8302
112.3298	0.119217	36.8251
112.3717	0.119340	36.8207
112.4217	0.119442	36.8163
112.4717	0.119541	36.8108
112.5217	0.119657	36.8060
112.5796	0.119784	36.8003
112.6296	0.119916	36.7951
112.6796	0.120030	36.7904
112.7296	0.120133	36.7853
112.7715	0.120245	36.7807
112.8215	0.120350	36.7756
112.8715	0.120421	36.7711
112.9215	0.120413	36.7663
112.9794	0.120447	36.7600
113.0294	0.120542	36.7547
113.0794	0.120666	36.7498
113.1294	0.120788	36.7451
113.1714	0.120930	36.7413
113.2214	0.121074	36.7360
113.2714	0.121205	36.7306
113.3214	0.121335	36.7256
113.3633	0.121473	36.7219
113.4133	0.121621	36.7165
113.4633	0.121775	36.7117
113.5133	0.121901	36.7067
113.5712	0.122026	36.7008
113.6212	0.122162	36.6962
113.6712	0.122278	36.6907
113.7212	0.122385	36.6859
113.7631	0.122521	36.6817
113.8131	0.122647	36.6766
113.8631	0.122758	36.6719
113.9131	0.122888	36.6667
113.9711	0.123028	36.6611
114.0211	0.123139	36.6560
114.0711	0.123265	36.6508
114.1211	0.123401	36.6457
114.1630	0.123532	36.6417
114.2130	0.123650	36.6367
114.2630	0.123782	36.6317
114.3130	0.123915	36.6268
114.3709	0.124027	36.6206
114.4209	0.124128	36.6161
114.4709	0.124250	36.6108
114.5209	0.124374	36.6058
114.5628	0.124497	36.6019
114.6128	0.124633	36.5963
114.6628	0.124775	36.5916
114.7128	0.124913	36.5865
114.7707	0.125028	36.5809
114.8207	0.125142	36.5760
114.8707	0.125261	36.5709
114.9207	0.125375	36.5662
114.9626	0.125484	36.5617
115.0126	0.125580	36.5566
115.0626	0.125689	36.5519
115.1126	0.125819	36.5464
115.1706	0.125947	36.5412
115.2206	0.126038	36.5359
115.2706	0.126139	36.5309
115.3206	0.126271	36.5262
115.3625	0.126378	36.5222
115.4125	0.126457	36.5167
115.4625	0.126534	36.5120
115.5125	0.126619	36.5071
115.5704	0.126711	36.5008
115.6204	0.126806	36.4956
115.6704	0.126952	36.4910
115.7204	0.127108	36.4863
115.7623	0.127226	36.4820
115.8123	0.127339	36.4768
115.8623	0.127440	36.4720
115.9123	0.127515	36.4668
115.9702	0.127625	36.4612
116.0202	0.127761	36.4559
116.0702	0.127911	36.4509
116.1202	0.128057	36.4462
116.1621	0.128194	36.4417
116.2121	0.128320	36.4370
116.2621	0.128405	36.4319
116.3121	0.128462	36.4267
116.3541	0.128488	36.4229
116.4041	0.128517	36.4175
116.4541	0.128596	36.4125
116.5041	0.128726	36.4076
116.5631	0.128882	36.4016
116.6131	0.129021	36.3969
116.6631	0.129151	36.3917
116.7131	0.129279	36.3869
116.7539	0.129423	36.3827
116.8039	0.129569	36.3774
116.8539	0.129711	36.3728
116.9039	0.129842	36.3674
116.9618	0.129976	36.3619
117.0118	0.130108	36.3568
117.0618	0.130252	36.3515
117.1118	0.130400	36.3468
117.1538	0.130524	36.3423
117.2038	0.130588	36.3374
117.2538	0.130633	36.3325
117.3038	0.130704	36.3273
117.3616	0.130821	36.3218
117.4116	0.130931	36.3164
117.4616	0.131012	36.3118
117.5116	0.131107	36.3071
117.5536	0.131227	36.3031
117.6036	0.131363	36.2978
117.6536	0.131505	36.2930
117.7036	0.131626	36.2879
117.7615	0.131748	36.2821
117.8115	0.131853	36.2770
117.8615	0.131949	36.2716
117.9115	0.132048	36.2671
117.9534	0.132151	36.2631
118.0034	0.132277	36.2580
118.0534	0.132396	36.2528
118.1034	0.132524	36.2475
118.1614	0.132688	36.2418
118.2114	0.132857	36.2373
118.2614	0.132992	36.2320
118.3114	0.133120	36.2270
118.3533	0.133252	36.2232
118.4033	0.133386	36.2177
118.4533	0.133410	36.2122
118.5033	0.133400	36.2074
118.5612	0.133451	36.2021
118.6112	0.133515	36.1972
118.6612	0.133621	36.1920
118.7112	0.133749	36.1873
118.7531	0.133878	36.1830
118.8031	0.133976	36.1780
118.8531	0.134077	36.1732
118.9031	0.134196	36.1676
118.9610	0.134348	36.1623
119.0110	0.134505	36.1569
119.0610	0.134628	36.1520
119.1110	0.134728	36.1473
119.1530	0.134829	36.1426
119.2030	0.134946	36.1378
119.2530	0.135082	36.1327
119.3030	0.135206	36.1277
119.3608	0.135348	36.1221
119.4108	0.135492	36.1169
119.4608	0.135613	36.1122
119.5108	0.135725	36.1069
119.5528	0.135848	36.1027
119.6028	0.135978	36.0980
119.6528	0.136094	36.0926
119.7028	0.136215	36.0881
119.7447	0.136292	36.0839
119.7947	0.136033	36.0785
119.8447	0.135709	36.0729
119.8947	0.135788	36.0685
119.9526	0.135950	36.0631
120.0026	0.136118	36.0581
120.0526	0.136311	36.0528
120.1026	0.136501	36.0475
120.1446	0.136673	36.0438
120.1946	0.136781	36.0387
120.2446	0.136901	36.0336
120.2946	0.137046	36.0288
120.3524	0.137194	36.0229
120.4024	0.137361	36.0182
120.4524	0.137521	36.0132
120.5024	0.137669	36.0079
120.5444	0.137796	36.0034
120.5944	0.137916	35.9987
120.6444	0.138034	35.9934
120.6944	0.138143	35.9885
120.7523	0.138251	35.9826
120.8023	0.138368	35.9776
120.8523	0.138478	35.9728
120.9023	0.138609	35.9681
120.9443	0.138751	35.9638
120.9943	0.138887	35.9588
121.0443	0.139027	35.9540
121.0943	0.139159	35.9489
121.1522	0.139284	35.9426
121.2022	0.139422	35.9378
121.2522	0.139566	35.9328
121.3022	0.139702	35.9277
121.3441	0.139821	35.9238
121.3941	0.139929	35.9185
121.4441	0.140034	35.9137
121.4941	0.140140	35.9087
121.5520	0.140219	35.9025
121.6020	0.140336	35.8979
121.6520	0.140509	35.8933
121.7020	0.140687	35.8882
121.7440	0.140886	35.8837
121.7940	0.141082	35.8785
121.8440	0.141204	35.8740
121.8940	0.141275	35.8685
121.9519	0.141350	35.8629
122.0019	0.141405	35.8578
122.0519	0.141488	35.8528
122.1019	0.141621	35.8480
122.1441	0.141778	35.8436
122.1941	0.141930	35.8386
122.2441	0.142071	35.8339
122.2941	0.142221	35.8290
122.3517	0.142380	35.8231
122.4017	0.142499	35.8184
122.4517	0.142574	35.8132
122.5017	0.142669	35.8078
122.5436	0.142793	35.8034
122.5936	0.142907	35.7986
122.6436	0.143030	35.7933
122.6936	0.143168	35.7884
122.7515	0.143322	35.7832
122.8015	0.143498	35.7783
122.8515	0.143655	35.7728
122.9015	0.143772	35.7675
122.9434	0.143863	35.7636
122.9934	0.143959	35.7591
123.0434	0.144060	35.7543
123.0934	0.144151	35.7491
123.1356	0.144279	35.7445
123.1856	0.144419	35.7397
123.2356	0.144544	35.7349
123.2856	0.144652	35.7294
123.3433	0.144763	35.7238
123.3933	0.144895	35.7186
123.4433	0.145035	35.7138
123.4933	0.145161	35.7089
123.5352	0.145262	35.7045
123.5852	0.145386	35.6998
123.6352	0.145511	35.6945
123.6852	0.145623	35.6896
123.7441	0.145763	35.6840
123.7941	0.145933	35.6789
123.8441	0.146105	35.6732
123.8941	0.146259	35.6684
123.9352	0.146379	35.6646
123.9852	0.146492	35.6598
124.0352	0.146634	35.6545
124.0852	0.146786	35.6497
124.1430	0.146948	35.6438
124.1930	0.147096	35.6390
124.2430	0.147198	35.6339
124.2930	0.147299	35.6286
124.3349	0.147415	35.6250
124.3849	0.147540	35.6197
124.4349	0.147670	35.6144
124.4849	0.147812	35.6094
124.5428	0.147952	35.6039
124.5928	0.148090	35.5984
124.6428	0.148234	35.5938
124.6928	0.148353	35.5888
124.7347	0.148455	35.5844
124.7847	0.148578	35.5790
124.8347	0.148704	35.5743
124.8847	0.148827	35.5697
124.9426	0.148949	35.5638
124.9926	0.149079	35.5587
125.0426	0.149213	35.5539
125.0926	0.149336	35.5487
125.1349	0.149430	35.5447
125.1849	0.149432	35.5397
125.2349	0.149211	35.5347
125.2849	0.149099	35.5301
125.3424	0.149213	35.5239
125.3924	0.149365	35.5186
125.4424	0.149527	35.5138
125.4924	0.149721	35.5089
125.5344	0.149910	35.5044
125.5844	0.150072	35.4996
125.6344	0.150232	35.4950
125.6844	0.150405	35.4901
125.7423	0.150567	35.4840
125.7923	0.150711	35.4786
125.8423	0.150844	35.4740
125.8923	0.150962	35.4686
125.9342	0.151086	35.4643
125.9842	0.151225	35.4596
126.0342	0.151359	35.4551
126.0842	0.151489	35.4497
126.1261	0.151605	35.4456
126.1761	0.151714	35.4407
126.2261	0.151832	35.4353
126.2761	0.151953	35.4309
126.3341	0.152061	35.4247
126.3841	0.152154	35.4199
126.4341	0.152269	35.4149
126.4841	0.152405	35.4099
126.5260	0.152543	35.4059
126.5760	0.152679	35.4008
126.6260	0.152815	35.3955
126.6760	0.152920	35.3903
126.7339	0.152882	35.3849
126.7839	0.152861	35.3796
126.8339	0.152940	35.3750
126.8839	0.153050	35.3699
126.9259	0.153182	35.3657
126.9759	0.153338	35.3610
127.0259	0.153500	35.3555
127.0759	0.153664	35.3503
127.1341	0.153808	35.3446
127.1841	0.153962	35.3397
127.2341	0.154110	35.3347
127.2841	0.154225	35.3305
127.3257	0.154335	35.3258
127.3757	0.154497	35.3204
127.4257	0.154665	35.3156
127.4757	0.154821	35.3102
127.5335	0.154963	35.3050
127.5835	0.155089	35.2997
127.6335	0.155190	35.2947
127.6835	0.155310	35.2898
127.7255	0.155411	35.2854
127.7755	0.155504	35.2807
127.8255	0.155592	35.2757
127.8755	0.155693	35.2707
127.9334	0.155807	35.2649
127.9834	0.155936	35.2596
128.0334	0.156056	35.2551
128.0834	0.156196	35.2498
128.1253	0.156344	35.2457
128.1753	0.156467	35.2410
128.2253	0.156593	35.2356
128.2753	0.156741	35.2302
128.3332	0.156897	35.2248
128.3832	0.157079	35.2197
128.4332	0.157248	35.2146
128.4832	0.157384	35.2101
128.5251	0.157517	35.2055
128.5751	0.157645	35.2007
128.6251	0.157538	35.1958
128.6751	0.157343	35.1905
128.7331	0.157408	35.1850
128.7831	0.157544	35.1800
128.8331	0.157677	35.1745
128.8831	0.157844	35.1696
128.9250	0.158006	35.1657
128.9750	0.158172	35.1604
129.0250	0.158350	35.1556
129.0750	0.158517	35.1505
129.1329	0.158642	35.1448
129.1829	0.158786	35.1400
129.2329	0.158944	35.1348
129.2829	0.159086	35.1300
129.3249	0.159244	35.1255
129.3749	0.159425	35.1203
129.4249	0.159575	35.1158
129.4749	0.159698	35.1112
129.5168	0.159820	35.1069
129.5668	0.159972	35.1015
129.6168	0.160142	35.0961
129.6668	0.160315	35.0914
129.7247	0.160491	35.0853
129.7747	0.160655	35.0806
129.8247	0.160799	35.0756
129.8747	0.160951	35.0706
129.9166	0.161105	35.0666
129.9666	0.161253	35.0611
130.0166	0.161393	35.0563
130.0666	0.161517	35.0517
130.1245	0.161638	35.0462
130.1745	0.161770	35.0410
130.2245	0.161758	35.0357
130.2745	0.161547	35.0302
130.3164	0.161567	35.0260
130.3664	0.161701	35.0215
130.4164	0.161851	35.0170
130.4664	0.162031	35.0117
130.5244	0.162208	35.0061
130.5744	0.162382	35.0010
130.6244	0.162538	34.9957
130.6744	0.162672	34.9904
130.7163	0.162794	34.9864
130.7663	0.162934	34.9814
130.8163	0.163092	34.9765
130.8663	0.163248	34.9718
130.9242	0.163400	34.9658
130.9742	0.163570	34.9611
131.0242	0.163732	34.9557
131.0742	0.163868	34.9509
131.1164	0.163981	34.9470
131.1664	0.164103	34.9415
131.2164	0.164239	34.9363
131.2664	0.164286	34.9314
131.3240	0.164069	34.9260
131.3740	0.164034	34.9211
131.4240	0.164206	34.9159
131.4740	0.164411	34.9105
131.5160	0.164608	34.9066
131.5660	0.164809	34.9018
131.6160	0.165011	34.8963
131.6660	0.165202	34.8915
131.7239	0.165366	34.8856
131.7739	0.165544	34.8807
131.8239	0.165723	34.8758
131.8739	0.165869	34.8707
131.9157	0.165986	34.8668
131.9657	0.166100	34.8615
132.0157	0.166231	34.8566
132.0657	0.166386	34.8518
132.1240	0.166540	34.8456
132.1740	0.166700	34.8411
132.2240	0.166856	34.8357
132.2740	0.166941	34.8310
132.3159	0.166904	34.8269
132.3659	0.166955	34.8216
132.4159	0.167099	34.8168
132.4659	0.167229	34.8117
132.5236	0.167332	34.8060
132.5736	0.167458	34.8010
132.6236	0.167616	34.7959
132.6736	0.167790	34.7911
132.7154	0.167942	34.7865
132.7654	0.168084	34.7817
132.8154	0.168232	34.7768
132.8654	0.168372	34.7714
132.9074	0.168496	34.7670
132.9574	0.168638	34.7621
133.0074	0.168788	34.7574
133.0574	0.168903	34.7525
133.1153	0.168998	34.7465
133.1653	0.168960	34.7418
133.2153	0.168636	34.7367
133.2653	0.168532	34.7318
133.3074	0.168617	34.7277
133.3574	0.168741	34.7223
133.4074	0.168891	34.7170
133.4574	0.169067	34.7122
133.5151	0.169246	34.7066
133.5651	0.169404	34.7017
133.6151	0.169562	34.6970
133.6651	0.169714	34.6916
133.7070	0.169856	34.6876
133.7570	0.170018	34.6828
133.8070	0.170188	34.6773
133.8570	0.170381	34.6720
133.9149	0.170551	34.6666
133.9649	0.170685	34.6613
134.0149	0.170804	34.6564
134.0649	0.170938	34.6518
134.1068	0.171078	34.6472
134.1568	0.171218	34.6426
134.2068	0.171346	34.6375
134.2568	0.171481	34.6323
134.3148	0.171625	34.6270
134.3648	0.171753	34.6215
134.4148	0.171846	34.6168
134.4648	0.171871	34.6118
134.5067	0.171919	34.6077
134.5567	0.172045	34.6030
134.6067	0.172185	34.5978
134.6567	0.172323	34.5922
134.7146	0.172465	34.5864
134.7646	0.172602	34.5818
134.8146	0.172761	34.5772
134.8646	0.172917	34.5718
134.9065	0.173061	34.5673
134.9565	0.173200	34.5621
135.0065	0.173314	34.5567
135.0565	0.173436	34.5518
135.1144	0.173567	34.5470
135.1644	0.173677	34.5416
135.2144	0.173756	34.5364
135.2644	0.173827	34.5316
135.3102	0.173654	34.5270
135.3602	0.173381	34.5219
135.4102	0.173411	34.5173
135.4602	0.173551	34.5125
135.5143	0.173752	34.5073
135.5643	0.173944	34.5021
135.6143	0.174094	34.4965
135.6643	0.174212	34.4920
135.7062	0.174313	34.4874
135.7562	0.174423	34.4823
135.8062	0.174567	34.4774
135.8562	0.174708	34.4720
135.8981	0.174832	34.4681
135.9481	0.174944	34.4630
135.9981	0.175053	34.4580
136.0481	0.175185	34.4534
136.1061	0.175317	34.4481
136.1561	0.175446	34.4427
136.2061	0.175600	34.4378
136.2561	0.175760	34.4327
136.2980	0.175878	34.4285
136.3480	0.175870	34.4239
136.3980	0.175602	34.4188
136.4480	0.175576	34.4134
136.5061	0.175744	34.4074
136.5561	0.175941	34.4025
136.6061	0.176133	34.3973
136.6561	0.176316	34.3925
136.6978	0.176504	34.3882
136.7478	0.176685	34.3833
136.7978	0.176849	34.3785
136.8478	0.177013	34.3738
136.9057	0.177175	34.3677
136.9557	0.177329	34.3629
137.0057	0.177496	34.3579
137.0557	0.177656	34.3529
137.0976	0.177777	34.3489
137.1476	0.177885	34.3434
137.1976	0.178027	34.3382
137.2476	0.178209	34.3333
137.3055	0.178286	34.3277
137.3555	0.178227	34.3226
137.4055	0.178262	34.3179
137.4555	0.178390	34.3126
137.4974	0.178542	34.3085
137.5474	0.178685	34.3039
137.5974	0.178835	34.2983
137.6474	0.179010	34.2930
137.7054	0.179188	34.2873
137.7554	0.179346	34.2827
137.8054	0.179494	34.2778
137.8554	0.179640	34.2726
137.8973	0.179792	34.2687
137.9473	0.179967	34.2637
137.9973	0.180135	34.2584
138.0473	0.180277	34.2531
138.1052	0.180404	34.2478
138.1552	0.180522	34.2432
138.2052	0.180631	34.2378
138.2552	0.180743	34.2325
138.2971	0.180848	34.2283
138.3471	0.180966	34.2236
138.3971	0.181049	34.2186
138.4471	0.181049	34.2137
138.5050	0.181152	34.2079
138.5550	0.181335	34.2025
138.6050	0.181503	34.1973
138.6550	0.181669	34.1926
138.6969	0.181844	34.1883
138.7469	0.182008	34.1832
138.7969	0.182184	34.1785
138.8469	0.182381	34.1737
138.9049	0.182555	34.1678
138.9549	0.182715	34.1630
139.0049	0.182885	34.1580
139.0549	0.183072	34.1530
139.0971	0.183269	34.1490
139.1471	0.183433	34.1436
139.1971	0.183534	34.1382
139.2471	0.183279	34.1334
139.2891	0.182819	34.1298
139.3391	0.182800	34.1243
139.3891	0.182944	34.1194
139.4391	0.183104	34.1144
139.4967	0.183281	34.1084
139.5467	0.183463	34.1037
139.5967	0.183629	34.0983
139.6467	0.183781	34.0937
139.6886	0.183968	34.0894
139.7386	0.184181	34.0841
139.7886	0.184379	34.0796
139.8386	0.184552	34.0742
139.8965	0.184718	34.0685
139.9465	0.184882	34.0634
139.9965	0.185048	34.0584
140.0465	0.185210	34.0536
140.0884	0.185360	34.0491
140.1384	0.185510	34.0443
140.1884	0.185642	34.0396
140.2384	0.185721	34.0347
140.2966	0.185695	34.0286
140.3466	0.185715	34.0240
140.3966	0.185861	34.0188
140.4466	0.186021	34.0138
140.4882	0.186173	34.0097
140.5382	0.186333	34.0042
140.5882	0.186485	33.9991
140.6382	0.186613	33.9942
140.6961	0.186749	33.9884
140.7461	0.186901	33.9834
140.7961	0.187059	33.9785
140.8461	0.187239	33.9730
140.8880	0.187450	33.9692
140.9380	0.187645	33.9646
140.9880	0.187795	33.9597
141.0380	0.187910	33.9545
141.0960	0.188032	33.9491
141.1460	0.188144	33.9438
141.1960	0.188006	33.9384
141.2460	0.187657	33.9333
141.2879	0.187704	33.9294
141.3379	0.187900	33.9242
141.3879	0.188091	33.9194
141.4379	0.188261	33.9144
141.4958	0.188405	33.9086
141.5458	0.188529	33.9039
141.5958	0.188664	33.8985
141.6458	0.188823	33.8932
141.6877	0.188985	33.8891
141.7377	0.189141	33.8843
141.7877	0.189305	33.8791
141.8377	0.189475	33.8743
141.8956	0.189642	33.8688
141.9456	0.189787	33.8637
141.9956	0.189952	33.8586
142.0456	0.190150	33.8538
142.0875	0.190349	33.8494
142.1375	0.190519	33.8446
142.1875	0.190673	33.8395
142.2375	0.190825	33.8344
142.2954	0.190963	33.8290
142.3454	0.190939	33.8236
142.3954	0.190894	33.8189
142.4454	0.191018	33.8138
142.4874	0.191190	33.8093
142.5374	0.191369	33.8039
142.5874	0.191527	33.7994
142.6374	0.191679	33.7947
142.6793	0.191829	33.7906
142.7293	0.191952	33.7853
142.7793	0.192080	33.7805
142.8293	0.192220	33.7754
142.8872	0.192368	33.7697
142.9372	0.192514	33.7646
142.9872	0.192637	33.7594
143.0372	0.192723	33.7547
143.0791	0.192798	33.7502
143.1291	0.192907	33.7455
143.1791	0.192950	33.7406
143.2291	0.192686	33.7353
143.2906	0.192575	33.7300
143.3406	0.192694	33.7235
143.3906	0.192848	33.7191
143.4406	0.192994	33.7143
143.4790	0.193128	33.7104
143.5290	0.193268	33.7058
143.5790	0.193444	33.7006
143.6290	0.193617	33.6952
143.6869	0.193783	33.6892
143.7369	0.193937	33.6843
143.7869	0.194093	33.6791
143.8369	0.194259	33.6744
143.8788	0.194419	33.6699
143.9288	0.194577	33.6648
143.9788	0.194735	33.6603
144.0288	0.194891	33.6556
144.0867	0.195072	33.6496
144.1367	0.195240	33.6447
144.1867	0.195366	33.6398
144.2367	0.195500	33.6346
144.2787	0.195660	33.6299
144.3287	0.195834	33.6252
144.3787	0.196010	33.6202
144.4287	0.196130	33.6152
144.4867	0.196094	33.6096
144.5367	0.196120	33.6045
144.5867	0.196274	33.5996
144.6367	0.196452	33.5949
144.6785	0.196647	33.5907
144.7285	0.196821	33.5855
144.7785	0.196991	33.5809
144.8285	0.197172	33.5757
144.8864	0.197344	33.5694
144.9364	0.197506	33.5643
144.9864	0.197683	33.5594
145.0364	0.197857	33.5542
145.0794	0.198009	33.5501
145.1294	0.198155	33.5449
145.1794	0.198323	33.5399
145.2294	0.198500	33.5351
145.2863	0.198684	33.5290
145.3363	0.198856	33.5246
145.3863	0.199047	33.5201
145.4363	0.199122	33.5151
145.4785	0.198751	33.5107
145.5285	0.198534	33.5053
145.5785	0.198670	33.5008
145.6285	0.198842	33.4957
145.6701	0.198980	33.4913
145.7201	0.199126	33.4866
145.7701	0.199290	33.4814
145.8201	0.199479	33.4760
145.8781	0.199663	33.4703
145.9281	0.199841	33.4655
145.9781	0.200028	33.4601
146.0281	0.200225	33.4553
146.0702	0.200419	33.4509
146.1202	0.200600	33.4459
146.1702	0.200764	33.4411
146.2202	0.200936	33.4359
146.2779	0.201123	33.4304
146.3279	0.201325	33.4258
146.3779	0.201508	33.4208
146.4279	0.201674	33.4155
146.4698	0.201832	33.4109
146.5198	0.201832	33.4065
146.5698	0.201627	33.4014
146.6198	0.201579	33.3963
146.6777	0.201684	33.3907
146.7277	0.201877	33.3856
146.7777	0.202063	33.3808
146.8277	0.202185	33.3757
146.8696	0.202327	33.3712
146.9196	0.202489	33.3659
146.9696	0.202663	33.3612
147.0196	0.202876	33.3559
147.0781	0.203089	33.3501
147.1281	0.203255	33.3455
147.1781	0.203397	33.3407
147.2281	0.203531	33.3353
147.2695	0.203683	33.3308
147.3195	0.203861	33.3260
147.3695	0.204021	33.3214
147.4195	0.204094	33.3167
147.4774	0.204125	33.3106
147.5274	0.204234	33.3050
147.5774	0.204396	33.3005
147.6274	0.204556	33.2955
147.6693	0.204718	33.2911
147.7193	0.204868	33.2865
147.7693	0.205037	33.2813
147.8193	0.205191	33.2765
147.8772	0.205341	33.2708
147.9272	0.205497	33.2656
147.9772	0.205657	33.2600
148.0272	0.205785	33.2553
148.0692	0.205645	33.2514
148.1192	0.205201	33.2466
148.1692	0.205124	33.2411
148.2192	0.205270	33.2360
148.2773	0.205444	33.2303
148.3273	0.205647	33.2256
148.3773	0.205864	33.2206
148.4273	0.206064	33.2157
148.4690	0.206261	33.2117
148.5190	0.206429	33.2066
148.5690	0.206567	33.2013
148.6190	0.206703	33.1961
148.6769	0.206859	33.1906
148.7269	0.207035	33.1853
148.7769	0.207214	33.1807
148.8269	0.207392	33.1756
148.8688	0.207534	33.1713
148.9188	0.207658	33.1665
148.9688	0.207769	33.1609
149.0188	0.207777	33.1563
149.0607	0.207708	33.1522
149.1107	0.207779	33.1469
149.1607	0.207903	33.1425
149.2107	0.208047	33.1372
149.2687	0.208215	33.1309
149.3187	0.208381	33.1260
149.3687	0.208543	33.1214
149.4187	0.208708	33.1166
149.4605	0.208876	33.1123
149.5105	0.209056	33.1074
149.5605	0.209259	33.1025
149.6105	0.209445	33.0974
149.6685	0.209614	33.0909
149.7185	0.209788	33.0863
149.7685	0.209960	33.0812
149.8185	0.210112	33.0762
149.8604	0.210244	33.0721
149.9104	0.210145	33.0668
149.9604	0.209904	33.0620
150.0104	0.209938	33.0572
150.0683	0.210084	33.0513
150.1183	0.210222	33.0463
150.1683	0.210335	33.0414
150.2183	0.210457	33.0361
150.2602	0.210611	33.0321
150.3102	0.210743	33.0271
150.3602	0.210883	33.0219
150.4102	0.211045	33.0174
150.4686	0.211227	33.0119
150.5186	0.211432	33.0068
150.5686	0.211610	33.0016
150.6186	0.211748	32.9962
150.6600	0.211754	32.9917
150.7100	0.211600	32.9871
150.7600	0.211641	32.9824
150.8100	0.211807	32.9775
150.8680	0.211973	32.9714
150.9180	0.212143	32.9660
150.9680	0.212342	32.9615
151.0180	0.212527	32.9567
151.0599	0.212695	32.9524
151.1099	0.212847	32.9472
151.1599	0.212985	32.9428
151.2099	0.213118	32.9374
151.2678	0.213273	32.9312
151.3178	0.213429	32.9262
151.3678	0.213595	32.9215
151.4178	0.213755	32.9166
151.4597	0.213901	32.9122
151.5097	0.214037	32.9074
151.5597	0.214162	32.9025
151.6097	0.214272	32.8974
151.6676	0.214221	32.8918
151.7176	0.214219	32.8864
151.7676	0.214369	32.8811
151.8176	0.214531	32.8763
151.8595	0.214679	32.8724
151.9095	0.214825	32.8672
151.9595	0.215002	32.8624
152.0095	0.215182	32.8571
152.0675	0.215352	32.8514
152.1175	0.215525	32.8465
152.1675	0.215719	32.8411
152.2175	0.215910	32.8366
152.2594	0.216116	32.8326
152.3094	0.216307	32.8275
152.3594	0.216475	32.8225
152.4094	0.216621	32.8177
152.4513	0.216747	32.8131
152.5013	0.216864	32.8083
152.5513	0.216816	32.8035
152.6013	0.216631	32.7982
152.6594	0.216662	32.7922
152.7094	0.216850	32.7874
152.7594	0.217097	32.7822
152.8094	0.217333	32.7771
152.8512	0.217547	32.7732
152.9012	0.217736	32.7684
152.9512	0.217892	32.7632
153.0012	0.218046	32.7583
153.0591	0.218214	32.7523
153.1091	0.218342	32.7471
153.1591	0.218472	32.7425
153.2091	0.218638	32.7370
153.2510	0.218804	32.7331
153.3010	0.218956	32.7281
153.3510	0.219129	32.7229
153.4010	0.219331	32.7185
153.4589	0.219512	32.7122
153.5089	0.219658	32.7074
153.5589	0.219830	32.7023
153.6089	0.219984	32.6973
153.6508	0.220008	32.6933
153.7008	0.219702	32.6882
153.7508	0.219595	32.6833
153.8008	0.219725	32.6782
153.8588	0.219897	32.6723
153.9088	0.220095	32.6676
153.9588	0.220284	32.6621
154.0088	0.220428	32.6576
154.0507	0.220552	32.6534
154.1007	0.220675	32.6482
154.1507	0.220823	32.6435
154.2007	0.221006	32.6382
154.2586	0.221233	32.6326
154.3086	0.221484	32.6275
154.3586	0.221695	32.6224
154.4086	0.221871	32.6175
154.4505	0.222019	32.6129
154.5005	0.222159	32.6082
154.5505	0.222299	32.6033
154.6005	0.222398	32.5981
154.6584	0.222185	32.5929
154.7084	0.221958	32.5876
154.7584	0.222088	32.5822
154.8084	0.222313	32.5773
154.8504	0.222564	32.5734
154.9004	0.222810	32.5680
154.9504	0.223029	32.5633
155.0004	0.223199	32.5580
155.0583	0.223351	32.5522
155.1083	0.223515	32.5477
155.1583	0.223687	32.5429
155.2083	0.223876	32.5375
155.2502	0.224079	32.5331
155.3002	0.224289	32.5280
155.3502	0.224486	32.5233
155.4002	0.224652	32.5181
155.4421	0.224824	32.5141
155.4921	0.225009	32.5094
155.5421	0.225175	32.5046
155.5921	0.225145	32.4995
155.6500	0.224934	32.4931
155.7000	0.224977	32.4885
155.7500	0.225139	32.4833
155.8000	0.225321	32.4782
155.8419	0.225495	32.4741
155.8919	0.225660	32.4688
155.9419	0.225824	32.4639
155.9919	0.226004	32.4589
156.0499	0.226170	32.4531
156.0999	0.226337	32.4483
156.1499	0.226503	32.4429
156.1999	0.226645	32.4384
156.2418	0.226797	32.4342
156.2918	0.226906	32.4290
156.3418	0.226825	32.4243
156.3918	0.226799	32.4188
156.4497	0.226904	32.4134
156.4997	0.227030	32.4081
156.5497	0.227151	32.4030
156.5997	0.227316	32.3982
156.6417	0.227506	32.3938
156.6917	0.227689	32.3890
156.7417	0.227863	32.3840
156.7917	0.228049	32.3789
156.8496	0.228204	32.3734
156.8996	0.228339	32.3688
156.9496	0.228520	32.3636
156.9996	0.228702	32.3582
157.0415	0.228852	32.3539
157.0915	0.228984	32.3493
157.1415	0.229087	32.3439
157.1915	0.229179	32.3391
157.2494	0.229278	32.3333
157.2994	0.229391	32.3283
157.3494	0.229564	32.3235
157.3994	0.229754	32.3183
157.4413	0.229937	32.3143
157.4913	0.230109	32.3091
157.5413	0.230275	32.3038
157.5913	0.230423	32.2993
157.6492	0.230571	32.2939
157.6992	0.230739	32.2885
157.7492	0.230893	32.2836
157.7992	0.231021	32.2787
157.8412	0.231137	32.2743
157.8912	0.231281	32.2689
157.9412	0.231445	32.2641
157.9912	0.231631	32.2590
158.0492	0.231834	32.2531
158.0992	0.232026	32.2482
158.1492	0.232203	32.2432
158.1992	0.232383	32.2384
158.2413	0.232556	32.2345
158.2913	0.232701	32.2296
158.3413	0.232845	32.2244
158.3913	0.233004	32.2190
158.4489	0.233129	32.2135
158.4989	0.233235	32.2082
158.5489	0.233338	32.2031
158.5989	0.233480	32.1982
158.6409	0.233620	32.1939
158.6909	0.233762	32.1891
158.7409	0.233930	32.1841
158.7909	0.234106	32.1790
158.8328	0.234276	32.1750
158.8828	0.234443	32.1695
158.9328	0.234593	32.1647
158.9828	0.234743	32.1600
159.0407	0.234878	32.1545
159.0907	0.234735	32.1494
159.1407	0.234404	32.1439
159.1907	0.234376	32.1393
159.2326	0.234451	32.1351
159.2826	0.234572	32.1298
159.3326	0.234716	32.1250
159.3826	0.234876	32.1198
159.4405	0.235061	32.1142
159.4905	0.235278	32.1093
159.5405	0.235503	32.1043
159.5905	0.235679	32.0995
159.6324	0.235744	32.0949
159.6824	0.232951	32.0901
159.7324	0.225696	32.0851
159.7824	0.224006	32.0798
159.8403	0.224626	32.0745
159.8903	0.225202	32.0690
159.9403	0.225733	32.0642
159.9903	0.226231	32.0591
160.0329	0.226718	32.0548
160.0829	0.227176	32.0500
160.1329	0.227638	32.0449
160.1829	0.228084	32.0400
160.2402	0.228536	32.0341
160.2902	0.228956	32.0290
160.3402	0.229369	32.0245
160.3902	0.229774	32.0197
160.4322	0.230180	32.0153
160.4822	0.230547	32.0103
160.5322	0.230877	32.0054
160.5822	0.231163	32.0001
160.6401	0.231394	31.9946
160.6901	0.231583	31.9891
160.7401	0.231757	31.9844
160.7901	0.231917	31.9794
160.8321	0.232106	31.9750
160.8821	0.232347	31.9705
160.9321	0.232590	31.9651
160.9821	0.232823	31.9600
161.0399	0.233058	31.9541
161.0899	0.233285	31.9490
161.1399	0.233478	31.9442
161.1899	0.233699	31.9398
161.2318	0.233926	31.9352
161.2818	0.234131	31.9302
161.3318	0.234153	31.9254
161.3818	0.234045	31.9199
161.4397	0.234135	31.9145
161.4897	0.234321	31.9093
161.5397	0.234538	31.9043
161.5897	0.234745	31.8994
161.6316	0.234937	31.8951
161.6816	0.235132	31.8904
161.7316	0.235304	31.8850
161.7816	0.235487	31.8800
161.8395	0.235669	31.8744
161.8895	0.235841	31.8691
161.9395	0.236026	31.8646
161.9895	0.236251	31.8592
162.0314	0.236496	31.8550
162.0814	0.236731	31.8501
162.1314	0.236932	31.8448
162.1814	0.237110	31.8400
162.2234	0.237291	31.8358
162.2734	0.237477	31.8308
162.3234	0.237583	31.8261
162.3734	0.237564	31.8208
162.4313	0.237688	31.8154
162.4813	0.237897	31.8102
162.5313	0.238116	31.8053
162.5813	0.238365	31.8006
162.6232	0.238635	31.7960
162.6732	0.238888	31.7906
162.7232	0.239072	31.7856
162.7732	0.239218	31.7811
162.8311	0.239374	31.7756
162.8811	0.239593	31.7704
162.9311	0.239804	31.7649
162.9811	0.239997	31.7601
163.0230	0.240183	31.7562
163.0730	0.240351	31.7513
163.1230	0.240520	31.7458
163.1730	0.240688	31.7412
163.2310	0.240876	31.7353
163.2810	0.241057	31.7300
163.3310	0.241221	31.7250
163.3810	0.241371	31.7202
163.4233	0.241505	31.7161
163.4733	0.241659	31.7110
163.5233	0.241827	31.7059
163.5733	0.242008	31.7012
163.6308	0.242190	31.6953
163.6808	0.242378	31.6906
163.7308	0.242555	31.6853
163.7808	0.242739	31.6800
163.8227	0.242891	31.6756
163.8727	0.243007	31.6708
163.9227	0.243066	31.6663
163.9727	0.243051	31.6611
164.0306	0.243141	31.6553
164.0806	0.243321	31.6505
164.1306	0.243503	31.6451
164.1806	0.243668	31.6404
164.2225	0.243830	31.6361
164.2725	0.244037	31.6311
164.3225	0.244237	31.6262
164.3725	0.244432	31.6211
164.4305	0.244612	31.6158
164.4805	0.244687	31.6105
164.5305	0.244361	31.6052
164.5805	0.243929	31.6002
164.6224	0.243953	31.5963
164.6724	0.244132	31.5912
164.7224	0.244276	31.5862
164.7724	0.244529	31.5812
164.8303	0.244870	31.5752
164.8803	0.244993	31.5708
164.9303	0.245204	31.5652
164.9803	0.245350	31.5604
165.0222	0.245559	31.5562
165.0722	0.245500	31.5507
165.1222	0.245413	31.5459
165.1722	0.245389	31.5407
165.2141	0.245510	31.5366
165.2641	0.245828	31.5318
165.3141	0.246039	31.5265
165.3641	0.246191	31.5217
165.4221	0.246406	31.5164
165.4721	0.246475	31.5112
165.5221	0.246684	31.5061
165.5721	0.246945	31.5011
165.6141	0.247053	31.4968
165.6641	0.247081	31.4920
165.7141	0.247257	31.4869
165.7641	0.247428	31.4817
165.8219	0.247632	31.4762
165.8719	0.247864	31.4716
165.9219	0.248042	31.4662
165.9719	0.248228	31.4614
166.0138	0.248528	31.4573
166.0638	0.248808	31.4521
166.1138	0.249001	31.4472
166.1638	0.249171	31.4417
166.2217	0.249086	31.4362
166.2717	0.248987	31.4311
166.3217	0.249167	31.4260
166.3717	0.249380	31.4214
166.4137	0.249518	31.4168
166.4637	0.249730	31.4120
166.5137	0.249941	31.4070
166.5637	0.250128	31.4018
166.6216	0.250276	31.3962
166.6716	0.250414	31.3909
166.7216	0.250560	31.3862
166.7716	0.250782	31.3811
166.8135	0.251005	31.3768
166.8635	0.251194	31.3720
166.9135	0.251376	31.3673
166.9635	0.251551	31.3621
167.0214	0.251721	31.3564
167.0714	0.251881	31.3514
167.1214	0.251974	31.3463
167.1714	0.251942	31.3416
167.2134	0.252017	31.3370
167.2634	0.252193	31.3321
167.3134	0.252353	31.3273
167.3634	0.252471	31.3218
167.4213	0.252591	31.3166
167.4713	0.252755	31.3112
167.5213	0.252955	31.3057
167.5713	0.253166	31.3008
167.6132	0.253367	31.2970
167.6632	0.253555	31.2923
167.7132	0.253750	31.2871
167.7632	0.253951	31.2822
167.8211	0.254147	31.2765
167.8711	0.254322	31.2713
167.9211	0.254482	31.2667
167.9711	0.254638	31.2612
168.0130	0.254804	31.2572
168.0630	0.254974	31.2524
168.1130	0.255100	31.2470
168.1630	0.255179	31.2418
168.2209	0.255270	31.2362
168.2709	0.255394	31.2314
168.3209	0.255566	31.2265
168.3709	0.255828	31.2213
168.4128	0.255931	31.2166
168.4628	0.256037	31.2120
168.5128	0.256152	31.2074
168.5628	0.256304	31.2024
168.6048	0.256578	31.1978
168.6548	0.256683	31.1927
168.7048	0.256712	31.1878
168.7548	0.256859	31.1828
168.8127	0.256995	31.1769
168.8627	0.256839	31.1721
168.9127	0.256712	31.1666
168.9627	0.256671	31.1620
169.0046	0.256803	31.1581
169.0546	0.257054	31.1532
169.1046	0.257261	31.1480
169.1546	0.257354	31.1432
169.2125	0.257480	31.1373
169.2625	0.257589	31.1324
169.3125	0.257816	31.1273
169.3625	0.258068	31.1220
169.4044	0.258278	31.1182
169.4544	0.258420	31.1130
169.5044	0.258609	31.1077
169.5544	0.258763	31.1026
169.6124	0.258941	31.0972
169.6624	0.259144	31.0925
169.7124	0.259322	31.0875
169.7624	0.259484	31.0822
169.8047	0.259639	31.0777
169.8547	0.259677	31.0733
169.9047	0.259716	31.0679
169.9547	0.259793	31.0629
170.0122	0.259892	31.0571
170.0622	0.260050	31.0520
170.1122	0.260230	31.0472
170.1622	0.260397	31.0419
170.2041	0.260516	31.0378
170.2541	0.260733	31.0327
170.3041	0.260930	31.0274
170.3541	0.261155	31.0229
170.4121	0.261311	31.0174
170.4621	0.261505	31.0124
170.5121	0.261682	31.0075
170.5621	0.261416	31.0026
170.6039	0.261098	30.9983
170.6539	0.261053	30.9929
170.7039	0.261108	30.9879
170.7539	0.261309	30.9829
170.8184	0.261568	30.9764
170.8684	0.261816	30.9716
170.9184	0.261931	30.9664
170.9684	0.262142	30.9616
171.0037	0.262290	30.9579
171.0537	0.262533	30.9527
171.1037	0.262750	30.9481
171.1537	0.262872	30.9434
171.2117	0.262857	30.9376
171.2617	0.262961	30.9322
171.3117	0.263125	30.9271
171.3617	0.263301	30.9223
171.4039	0.263451	30.9180
171.4539	0.263547	30.9132
171.5039	0.263646	30.9084
171.5539	0.263843	30.9031
171.5955	0.264019	30.8985
171.6455	0.264167	30.8935
171.6955	0.264335	30.8889
171.7455	0.264499	30.8840
171.8036	0.264684	30.8778
171.8536	0.264895	30.8733
171.9036	0.265077	30.8679
171.9536	0.265170	30.8632
171.9954	0.265310	30.8591
172.0454	0.265478	30.8538
172.0954	0.265673	30.8491
172.1454	0.265847	30.8441
172.2033	0.265987	30.8379
172.2533	0.266038	30.8329
172.3033	0.265949	30.8282
172.3533	0.265934	30.8228
172.3955	0.266064	30.8188
172.4455	0.266196	30.8139
172.4955	0.266352	30.8089
172.5455	0.266530	30.8041
172.6031	0.266739	30.7980
172.6531	0.266944	30.7933
172.7031	0.267147	30.7882
172.7531	0.267349	30.7829
172.7950	0.267505	30.7785
172.8450	0.267702	30.7738
172.8950	0.267913	30.7686
172.9450	0.268107	30.7635
173.0030	0.268255	30.7579
173.0530	0.268409	30.7530
173.1030	0.268525	30.7478
173.1530	0.268604	30.7430
173.1952	0.268478	30.7387
173.2452	0.268452	30.7336
173.2952	0.268539	30.7288
173.3452	0.268732	30.7231
173.4028	0.268977	30.7179
173.4528	0.269166	30.7133
173.5028	0.269366	30.7083
173.5528	0.269701	30.7031
173.5950	0.269733	30.6988
173.6450	0.269875	30.6939
173.6950	0.270001	30.6891
173.7450	0.270161	30.6842
173.8026	0.270487	30.6781
173.8526	0.270732	30.6736
173.9026	0.270787	30.6683
173.9526	0.270919	30.6631
173.9946	0.271140	30.6589
174.0446	0.271186	30.6543
174.0946	0.271225	30.6488
174.1446	0.271237	30.6441
174.2025	0.271272	30.6383
174.2525	0.271527	30.6329
174.3025	0.271744	30.6276
174.3525	0.271910	30.6229
174.3944	0.272103	30.6190
174.4444	0.272243	30.6140
174.4944	0.272447	30.6089
174.5444	0.272701	30.6041
174.6023	0.272901	30.5978
174.6523	0.272916	30.5932
174.7023	0.272800	30.5878
174.7523	0.272711	30.5828
174.7942	0.272879	30.5790
174.8442	0.273063	30.5742
174.8942	0.273262	30.5691
174.9442	0.273380	30.5642
174.9862	0.273574	30.5601
175.0362	0.273745	30.5549
175.0862	0.273915	30.5501
175.1362	0.274063	30.5448
175.1946	0.274263	30.5387
175.2446	0.274464	30.5337
175.2946	0.274707	30.5289
175.3446	0.274926	30.5238
175.3861	0.275052	30.5198
175.4361	0.275078	30.5150
175.4861	0.275192	30.5101
175.5361	0.275370	30.5049
175.5939	0.275561	30.4995
175.6439	0.275729	30.4944
175.6939	0.275873	30.4890
175.7439	0.276076	30.4838
175.7858	0.276274	30.4799
175.8358	0.276493	30.4747
175.8858	0.276686	30.4698
175.9358	0.276872	30.4649
175.9937	0.277049	30.4591
176.0437	0.277219	30.4543
176.0937	0.277332	30.4489
176.1437	0.277436	30.4442
176.1861	0.277568	30.4398
176.2361	0.277734	30.4346
176.2861	0.277896	30.4302
176.3361	0.278097	30.4247
176.3936	0.278305	30.4193
176.4436	0.278484	30.4141
176.4936	0.278646	30.4090
176.5436	0.278798	30.4042
176.5855	0.278976	30.3998
176.6355	0.279151	30.3950
176.6855	0.279317	30.3901
176.7355	0.279463	30.3850
176.7934	0.279617	30.3787
176.8434	0.279757	30.3741
176.8934	0.279919	30.3687
176.9434	0.280091	30.3638
176.9854	0.280259	30.3597
177.0354	0.280385	30.3544
177.0854	0.280527	30.3497
177.1354	0.280655	30.3450
177.1937	0.280772	30.3392
177.2437	0.280902	30.3342
177.2937	0.281066	30.3294
177.3437	0.281230	30.3242
177.3852	0.281409	30.3202
177.4352	0.281581	30.3151
177.4852	0.281729	30.3097
177.5352	0.281913	30.3045
177.5931	0.282092	30.2989
177.6431	0.282276	30.2937
177.6931	0.282321	30.2888
177.7431	0.282013	30.2838
177.7851	0.281861	30.2792
177.8351	0.281924	30.2747
177.8851	0.282013	30.2701
177.9351	0.282157	30.2651
177.9930	0.282339	30.2592
178.0430	0.282526	30.2544
178.0930	0.282716	30.2493
178.1430	0.282917	30.2438
178.1849	0.283117	30.2395
178.2349	0.283278	30.2348
178.2849	0.283407	30.2302
178.3349	0.283531	30.2246
178.3768	0.283618	30.2207
178.4268	0.283693	30.2159
178.4768	0.283825	30.2106
178.5268	0.283965	30.2059
178.5850	0.284125	30.1999
178.6350	0.284311	30.1951
178.6850	0.284504	30.1900
178.7350	0.284690	30.1849
178.7769	0.284877	30.1810
178.8269	0.285070	30.1755
178.8769	0.285274	30.1706
178.9269	0.285465	30.1660
178.9846	0.285647	30.1605
179.0346	0.285809	30.1553
179.0846	0.285965	30.1498
179.1346	0.286130	30.1451
179.1765	0.286286	30.1410
179.2265	0.286432	30.1357
179.2765	0.286594	30.1310
179.3265	0.286740	30.1259
179.3844	0.286896	30.1203
179.4344	0.287080	30.1153
179.4844	0.287269	30.1100
179.5344	0.287472	30.1046
179.5763	0.287672	30.1006
179.6263	0.287847	30.0956
179.6763	0.288017	30.0905
179.7263	0.288209	30.0857
179.7842	0.288434	30.0804
179.8342	0.288647	30.0750
179.8842	0.288858	30.0701
179.9342	0.289053	30.0651
179.9761	0.289199	30.0607
180.0261	0.289328	30.0560
180.0761	0.289436	30.0508
180.1261	0.289537	30.0459
180.1841	0.289695	30.0401
180.2341	0.289841	30.0349
180.2841	0.289995	30.0302
180.3341	0.290200	30.0246
180.3761	0.290366	30.0208
180.4261	0.290431	30.0158
180.4761	0.290555	30.0105
180.5261	0.290780	30.0060
180.5840	0.291021	29.9999
180.6340	0.291219	29.9951
180.6840	0.291367	29.9901
180.7340	0.291487	29.9851
180.7758	0.291631	29.9811
180.8258	0.291747	29.9759
180.8758	0.291870	29.9711
180.9258	0.292014	29.9660
180.9838	0.292172	29.9600
181.0338	0.292211	29.9554
181.0838	0.292164	29.9499
181.1338	0.292257	29.9453
181.1757	0.292438	29.9412
181.2257	0.292642	29.9359
181.2757	0.292849	29.9313
181.3257	0.293058	29.9261
181.3676	0.293244	29.9216
181.4176	0.293411	29.9164
181.4676	0.293621	29.9120
181.5176	0.293851	29.9065
181.5755	0.294071	29.9009
181.6255	0.294256	29.8958
181.6755	0.294426	29.8907
181.7255	0.294605	29.8859
181.7675	0.294807	29.8816
181.8175	0.295016	29.8768
181.8675	0.295219	29.8718
181.9175	0.295395	29.8665
181.9754	0.295468	29.8613
182.0254	0.295442	29.8558
182.0754	0.295539	29.8506
182.1254	0.295677	29.8457
182.1673	0.295821	29.8415
182.2173	0.295971	29.8361
182.2673	0.296167	29.8316
182.3173	0.296372	29.8268
182.3752	0.296561	29.8209
182.4252	0.296769	29.8158
182.4752	0.296976	29.8109
182.5252	0.297171	29.8056
182.5671	0.297349	29.8015
182.6171	0.297485	29.7967
182.6671	0.297615	29.7918
182.7171	0.297795	29.7867
182.7751	0.297965	29.7813
182.8251	0.298067	29.7760
182.8751	0.298188	29.7712
182.9251	0.298359	29.7662
182.9670	0.298507	29.7617
183.0170	0.298638	29.7565
183.0670	0.298817	29.7518
183.1170	0.298991	29.7469
183.1749	0.299171	29.7412
183.2249	0.299336	29.7364
183.2749	0.299490	29.7309
183.3249	0.299599	29.7259
183.3668	0.299743	29.7218
183.4168	0.299911	29.7169
183.4668	0.300110	29.7117
183.5168	0.300303	29.7070
183.5747	0.300465	29.7010
183.6247	0.300530	29.6961
183.6747	0.300617	29.6913
183.7247	0.300734	29.6858
183.7666	0.300911	29.6815
183.8166	0.301079	29.6766
183.8666	0.301253	29.6716
183.9166	0.301438	29.6663
183.9748	0.301653	29.6610
184.0248	0.301853	29.6563
184.0748	0.302056	29.6511
184.1248	0.302267	29.6462
184.1665	0.302465	29.6422
184.2165	0.302644	29.6371
184.2665	0.302844	29.6317
184.3165	0.303039	29.6268
184.3745	0.303207	29.6211
184.4245	0.303361	29.6160
184.4745	0.303526	29.6112
184.5245	0.303702	29.6060
184.5663	0.303917	29.6020
184.6163	0.304136	29.5970
184.6663	0.304318	29.5917
184.7163	0.304494	29.5864
184.7582	0.304703	29.5823
184.8082	0.304916	29.5777
184.8582	0.305127	29.5729
184.9082	0.305348	29.5674
184.9662	0.305569	29.5618
185.0162	0.305733	29.5567
185.0662	0.305889	29.5518
185.1162	0.306019	29.5468
185.1581	0.306171	29.5424
185.2081	0.306315	29.5378
185.2581	0.306483	29.5324
185.3081	0.306641	29.5275
185.3660	0.306832	29.5218
185.4160	0.307044	29.5165
185.4660	0.307259	29.5120
185.5160	0.307428	29.5072
185.5583	0.307608	29.5029
185.6083	0.307756	29.4976
185.6583	0.307841	29.4922
185.7083	0.307890	29.4875
185.7661	0.307973	29.4814
185.8161	0.308050	29.4766
185.8661	0.308151	29.4719
185.9161	0.308332	29.4671
185.9578	0.308534	29.4625
186.0078	0.308731	29.4577
186.0578	0.308915	29.4527
186.1078	0.309118	29.4476
186.1659	0.309325	29.4420
186.2159	0.309532	29.4367
186.2659	0.309740	29.4319
186.3159	0.309959	29.4265
186.3599	0.310174	29.4222
186.4099	0.310389	29.4177
186.4599	0.310547	29.4129
186.5099	0.310389	29.4078
186.5655	0.309980	29.4017
186.6155	0.309953	29.3968
186.6655	0.310140	29.3919
186.7155	0.310395	29.3864
186.7574	0.310677	29.3824
186.8074	0.310924	29.3778
186.8574	0.311070	29.3728
186.9074	0.311141	29.3676
186.9654	0.311255	29.3622
187.0154	0.311421	29.3567
187.0654	0.311601	29.3518
187.1154	0.311794	29.3468
187.1576	0.311974	29.3426
187.2076	0.312128	29.3379
187.2576	0.312288	29.3327
187.3076	0.312491	29.3279
187.3654	0.312682	29.3219
187.4154	0.312870	29.3169
187.4654	0.313069	29.3123
187.5154	0.313253	29.3067
187.5575	0.313419	29.3030
187.6075	0.313596	29.2980
187.6575	0.313809	29.2925
187.7075	0.314052	29.2871
187.7653	0.314271	29.2818
187.8153	0.314453	29.2771
187.8653	0.314625	29.2721
187.9153	0.314761	29.2671
187.9574	0.314909	29.2633
188.0074	0.315067	29.2581
188.0574	0.315248	29.2527
188.1074	0.315430	29.2476
188.1489	0.315631	29.2436
188.1989	0.315827	29.2383
188.2489	0.316036	29.2335
188.2989	0.316233	29.2284
188.3571	0.316423	29.2225
188.4071	0.316610	29.2178
188.4571	0.316750	29.2130
188.5071	0.316843	29.2078
188.5487	0.316973	29.2038
188.5987	0.317177	29.1989
188.6487	0.317384	29.1937
188.6987	0.317510	29.1889
188.7569	0.317627	29.1826
188.8069	0.317828	29.1779
188.8569	0.318039	29.1729
188.9069	0.318270	29.1675
188.9489	0.318525	29.1632
188.9989	0.318807	29.1583
189.0489	0.319085	29.1536
189.0989	0.319352	29.1486
189.1565	0.319596	29.1425
189.2065	0.319841	29.1378
189.2565	0.320088	29.1327
189.3065	0.320336	29.1279
189.3484	0.320583	29.1237
189.3984	0.320818	29.1185
189.4484	0.321053	29.1137
189.4984	0.321298	29.1089
189.5566	0.321548	29.1030
189.6066	0.321793	29.0981
189.6566	0.322046	29.0931
189.7066	0.322275	29.0879
189.7487	0.322456	29.0833
189.7987	0.322537	29.0783
189.8487	0.322630	29.0737
189.8987	0.322853	29.0690
189.9562	0.323094	29.0628
190.0062	0.323317	29.0573
190.0562	0.323542	29.0525
190.1062	0.323788	29.0480
190.1482	0.324037	29.0440
190.1982	0.324292	29.0385
190.2482	0.324562	29.0338
190.2982	0.324813	29.0287
190.3561	0.325046	29.0230
190.4061	0.325279	29.0181
190.4561	0.325502	29.0130
190.5061	0.325744	29.0084
190.5482	0.325971	29.0039
190.5982	0.326204	28.9986
190.6482	0.326449	28.9935
190.6982	0.326725	28.9888
190.7558	0.326998	28.9827
190.8058	0.327258	28.9780
190.8558	0.327503	28.9732
190.9058	0.327746	28.9682
190.9478	0.328006	28.9639
190.9978	0.328269	28.9582
191.0478	0.328502	28.9535
191.0978	0.328705	28.9489
191.1397	0.328825	28.9449
191.1897	0.328920	28.9394
191.2397	0.329088	28.9349
191.2897	0.329265	28.9298
191.3477	0.329457	28.9237
191.3977	0.329702	28.9187
191.4477	0.329950	28.9139
191.4977	0.330199	28.9084
191.5396	0.330448	28.9044
191.5896	0.330692	28.8995
191.6396	0.330933	28.8941
191.6896	0.331184	28.8896
191.7475	0.331419	28.8842
191.7975	0.331634	28.8790
191.8475	0.331847	28.8740
191.8975	0.332048	28.8691
191.9397	0.332220	28.8646
191.9897	0.332394	28.8593
192.0397	0.332581	28.8544
192.0897	0.332788	28.8495
192.1473	0.333039	28.8436
192.1973	0.333323	28.8388
192.2473	0.333592	28.8340
192.2973	0.333838	28.8288
192.3396	0.334091	28.8246
192.3896	0.334365	28.8198
192.4396	0.334634	28.8147
192.4896	0.334906	28.8099
192.5474	0.335181	28.8037
192.5974	0.335471	28.7989
192.6474	0.335757	28.7940
192.6974	0.336045	28.7886
192.7391	0.336333	28.7843
192.7891	0.336625	28.7794
192.8391	0.336911	28.7744
192.8891	0.337184	28.7691
192.9470	0.337450	28.7639
192.9970	0.337709	28.7592
193.0470	0.337969	28.7540
193.0970	0.338232	28.7491
193.1390	0.338494	28.7450
193.1890	0.338767	28.7397
193.2390	0.339045	28.7349
193.2890	0.339317	28.7296
193.3469	0.339588	28.7239
193.3969	0.339864	28.7189
193.4469	0.340146	28.7136
193.4969	0.340411	28.7091
193.5388	0.340677	28.7046
193.5888	0.340954	28.6996
193.6388	0.341220	28.6947
193.6888	0.341500	28.6895
193.7467	0.341781	28.6839
193.7967	0.342057	28.6787
193.8467	0.342337	28.6738
193.8967	0.342619	28.6688
193.9386	0.342890	28.6643
193.9886	0.343182	28.6598
194.0386	0.343468	28.6546
194.0886	0.343735	28.6496
194.1468	0.344003	28.6440
194.1968	0.344265	28.6387
194.2468	0.344526	28.6342
194.2968	0.344785	28.6287
194.3389	0.345039	28.6245
194.3889	0.345274	28.6197
194.4389	0.345499	28.6145
194.4889	0.345734	28.6098
194.5304	0.345994	28.6056
194.5804	0.346259	28.6006
194.6304	0.346510	28.5957
194.6804	0.346774	28.5903
194.7386	0.347052	28.5849
194.7886	0.347333	28.5795
194.8386	0.347607	28.5746
194.8886	0.347869	28.5698
194.9303	0.348126	28.5651
194.9803	0.348396	28.5604
195.0303	0.348671	28.5552
195.0803	0.348943	28.5501
195.1381	0.349190	28.5445
195.1881	0.349369	28.5393
195.2381	0.349484	28.5346
195.2881	0.349705	28.5292
195.3301	0.349962	28.5251
