Time(s)	Force(lb)	Position(mm)
0.1204	0.032835	47.9998
0.1704	0.032829	47.9995
0.2204	0.032833	47.9988
0.3153	0.032831	47.9969
0.3653	0.032833	47.9955
0.4153	0.032839	47.9939
0.4653	0.032837	47.9922
0.5071	0.032837	47.9902
0.5571	0.032835	47.9880
0.6071	0.032829	47.9855
0.6571	0.032825	47.9825
0.7151	0.032837	47.9794
0.7651	0.032841	47.9758
0.8151	0.032837	47.9723
0.8651	0.032841	47.9685
0.9070	0.032844	47.9650
0.9570	0.032841	47.9603
1.0070	0.032841	47.9560
1.0570	0.032848	47.9514
1.1149	0.032846	47.9453
1.1649	0.032848	47.9405
1.2149	0.032858	47.9351
1.2649	0.032852	47.9303
1.3068	0.032848	47.9260
1.3568	0.032856	47.9209
1.4068	0.032864	47.9163
1.4568	0.032866	47.9109
1.5147	0.032866	47.9055
1.5647	0.032870	47.9005
1.6147	0.032874	47.8951
1.6647	0.032872	47.8899
1.7067	0.032876	47.8860
1.7567	0.032878	47.8808
1.8067	0.032876	47.8758
1.8567	0.032882	47.8713
1.8986	0.032888	47.8674
1.9486	0.032890	47.8622
1.9986	0.032894	47.8572
2.0486	0.032902	47.8528
2.1067	0.032902	47.8489
2.1567	0.032906	47.8431
2.2067	0.032906	47.8361
2.2567	0.032904	47.8313
2.2990	0.032912	47.8267
2.3490	0.032923	47.8219
2.3990	0.032923	47.8169
2.4490	0.032919	47.8117
2.5064	0.032929	47.8066
2.5564	0.032925	47.8011
2.6064	0.032925	47.7965
2.6564	0.032931	47.7914
2.6983	0.032935	47.7870
2.7483	0.032941	47.7823
2.7983	0.032947	47.7772
2.8483	0.032945	47.7723
2.9063	0.032947	47.7664
2.9563	0.032949	47.7613
3.0063	0.032949	47.7565
3.0563	0.032955	47.7512
3.0981	0.032953	47.7469
3.1481	0.032959	47.7420
3.1981	0.032967	47.7372
3.2481	0.032965	47.7320
3.3066	0.032965	47.7265
3.3566	0.032977	47.7212
3.4066	0.032975	47.7162
3.4566	0.032973	47.7114
3.4979	0.032977	47.7068
3.5479	0.032981	47.7022
3.5979	0.032991	47.6971
3.6479	0.032994	47.6920
3.7058	0.032996	47.6864
3.7558	0.032998	47.6813
3.8058	0.033004	47.6766
3.8558	0.033008	47.6716
3.8978	0.033010	47.6672
3.9478	0.033014	47.6618
3.9978	0.033018	47.6570
4.0478	0.033018	47.6519
4.1056	0.033020	47.6462
4.1556	0.033026	47.6411
4.2056	0.033018	47.6360
4.2556	0.033026	47.6313
4.2977	0.033032	47.6267
4.3477	0.033030	47.6218
4.3977	0.033034	47.6173
4.4477	0.033036	47.6126
4.5055	0.033042	47.6067
4.5555	0.033050	47.6012
4.6055	0.033046	47.5963
4.6555	0.033048	47.5913
4.6974	0.033052	47.5867
4.7474	0.033062	47.5820
4.7974	0.033069	47.5768
4.8474	0.033066	47.5719
4.9053	0.033069	47.5661
4.9553	0.033069	47.5611
5.0053	0.033069	47.5564
5.0553	0.033071	47.5517
5.0972	0.033089	47.5475
5.1472	0.033089	47.5422
5.1972	0.033083	47.5368
5.2472	0.033089	47.5322
5.2892	0.033101	47.5278
5.3392	0.033097	47.5227
5.3892	0.033101	47.5179
5.4392	0.033103	47.5127
5.4971	0.033115	47.5072
5.5471	0.033119	47.5021
5.5971	0.033113	47.4972
5.6471	0.033117	47.4922
5.6890	0.033121	47.4875
5.7390	0.033119	47.4829
5.7890	0.033127	47.4784
5.8390	0.033127	47.4735
5.8969	0.033129	47.4672
5.9469	0.033127	47.4618
5.9969	0.033131	47.4573
6.0469	0.033117	47.4520
6.0888	0.033107	47.4478
6.1388	0.033087	47.4430
6.1888	0.033129	47.4378
6.2388	0.033233	47.4331
6.2967	0.033289	47.4272
6.3467	0.033273	47.4223
6.3967	0.033251	47.4173
6.4467	0.033271	47.4120
6.4890	0.033275	47.4082
6.5390	0.033237	47.4030
6.5890	0.033285	47.3979
6.6390	0.033435	47.3932
6.6965	0.033547	47.3870
6.7465	0.033634	47.3823
6.7965	0.033776	47.3772
6.8465	0.033900	47.3722
6.8885	0.034070	47.3681
6.9385	0.033843	47.3629
6.9885	0.033468	47.3581
7.0385	0.033338	47.3528
7.0963	0.033241	47.3472
7.1463	0.033160	47.3423
7.1963	0.033170	47.3370
7.2463	0.033287	47.3326
7.2883	0.033308	47.3282
7.3383	0.033249	47.3228
7.3883	0.033186	47.3176
7.4383	0.033178	47.3131
7.4962	0.033190	47.3077
7.5462	0.033188	47.3025
7.5962	0.033198	47.2975
7.6462	0.033200	47.2925
7.6881	0.033202	47.2881
7.7381	0.033212	47.2834
7.7881	0.033223	47.2782
7.8381	0.033243	47.2729
7.8960	0.033245	47.2670
7.9460	0.033231	47.2624
7.9960	0.033237	47.2571
8.0460	0.033237	47.2523
8.0879	0.033216	47.2481
8.1379	0.033212	47.2429
8.1879	0.033239	47.2384
8.2379	0.033259	47.2331
8.2961	0.033306	47.2270
8.3461	0.033322	47.2220
8.3961	0.033360	47.2172
8.4461	0.033464	47.2124
8.4878	0.033604	47.2080
8.5378	0.033725	47.2031
8.5878	0.033679	47.1981
8.6378	0.033516	47.1929
8.6797	0.033470	47.1889
8.7297	0.033531	47.1835
8.7797	0.033547	47.1786
8.8297	0.033608	47.1741
8.8876	0.033729	47.1685
8.9376	0.033772	47.1632
8.9876	0.033606	47.1584
9.0376	0.033446	47.1533
9.0795	0.033375	47.1491
9.1295	0.033340	47.1443
9.1795	0.033338	47.1389
9.2295	0.033304	47.1336
9.2874	0.033267	47.1280
9.3374	0.033275	47.1230
9.3874	0.033275	47.1179
9.4374	0.033279	47.1132
9.4793	0.033285	47.1092
9.5293	0.033298	47.1042
9.5793	0.033302	47.0990
9.6293	0.033302	47.0938
9.6872	0.033300	47.0886
9.7372	0.033306	47.0833
9.7872	0.033312	47.0783
9.8372	0.033318	47.0733
9.8791	0.033320	47.0690
9.9291	0.033330	47.0642
9.9791	0.033334	47.0590
10.0291	0.033338	47.0540
10.0870	0.033344	47.0482
10.1370	0.033354	47.0430
10.1870	0.033354	47.0386
10.2370	0.033354	47.0332
10.2790	0.033362	47.0288
10.3290	0.033364	47.0237
10.3790	0.033366	47.0190
10.4290	0.033364	47.0136
10.4869	0.033373	47.0084
10.5369	0.033377	47.0033
10.5869	0.033391	46.9982
10.6369	0.033397	46.9936
10.6788	0.033399	46.9890
10.7288	0.033397	46.9836
10.7788	0.033399	46.9786
10.8288	0.033403	46.9741
10.8867	0.033409	46.9685
10.9367	0.033411	46.9634
10.9867	0.033421	46.9579
11.0367	0.033425	46.9531
11.0786	0.033429	46.9491
11.1286	0.033435	46.9436
11.1786	0.033433	46.9390
11.2286	0.033435	46.9339
11.2866	0.033435	46.9282
11.3366	0.033450	46.9232
11.3866	0.033448	46.9181
11.4366	0.033452	46.9133
11.4785	0.033456	46.9093
11.5285	0.033458	46.9043
11.5785	0.033468	46.8992
11.6285	0.033480	46.8944
11.6864	0.033486	46.8883
11.7364	0.033478	46.8835
11.7864	0.033480	46.8783
11.8364	0.033490	46.8733
11.8783	0.033490	46.8695
11.9283	0.033500	46.8640
11.9783	0.033502	46.8588
12.0283	0.033502	46.8538
12.0702	0.033508	46.8498
12.1202	0.033516	46.8453
12.1702	0.033523	46.8400
12.2202	0.033519	46.8350
12.2781	0.033519	46.8292
12.3281	0.033531	46.8241
12.3781	0.033539	46.8193
12.4281	0.033539	46.8141
12.4700	0.033539	46.8100
12.5200	0.033545	46.8049
12.5700	0.033553	46.7996
12.6200	0.033563	46.7952
12.6784	0.033559	46.7889
12.7284	0.033555	46.7843
12.7784	0.033565	46.7792
12.8284	0.033569	46.7739
12.8701	0.033581	46.7699
12.9201	0.033587	46.7646
12.9701	0.033581	46.7598
13.0201	0.033589	46.7549
13.0778	0.033598	46.7490
13.1278	0.033589	46.7441
13.1778	0.033598	46.7386
13.2278	0.033608	46.7340
13.2697	0.033614	46.7301
13.3197	0.033624	46.7253
13.3697	0.033626	46.7201
13.4197	0.033624	46.7154
13.4776	0.033622	46.7093
13.5276	0.033626	46.7043
13.5776	0.033634	46.6992
13.6276	0.033634	46.6940
13.6695	0.033640	46.6902
13.7195	0.033642	46.6850
13.7695	0.033652	46.6800
13.8195	0.033660	46.6751
13.8775	0.033658	46.6691
13.9275	0.033664	46.6643
13.9775	0.033673	46.6592
14.0275	0.033677	46.6544
14.0694	0.033685	46.6504
14.1194	0.033691	46.6453
14.1694	0.033687	46.6397
14.2194	0.033689	46.6348
14.2773	0.033695	46.6290
14.3273	0.033703	46.6240
14.3773	0.033703	46.6192
14.4273	0.033713	46.6140
14.4692	0.033711	46.6099
14.5192	0.033713	46.6047
14.5692	0.033717	46.5996
14.6192	0.033729	46.5951
14.6782	0.033735	46.5898
14.7282	0.033733	46.5845
14.7782	0.033735	46.5791
14.8282	0.033739	46.5741
14.8692	0.033748	46.5705
14.9192	0.033748	46.5650
14.9692	0.033752	46.5601
15.0192	0.033762	46.5551
15.0769	0.033766	46.5492
15.1269	0.033762	46.5444
15.1769	0.033772	46.5399
15.2269	0.033774	46.5351
15.2689	0.033784	46.5308
15.3189	0.033796	46.5253
15.3689	0.033790	46.5202
15.4189	0.033790	46.5154
15.4609	0.033804	46.5113
15.5109	0.033798	46.5059
15.5609	0.033796	46.5006
15.6109	0.033806	46.4958
15.6688	0.033810	46.4900
15.7188	0.033821	46.4849
15.7688	0.033819	46.4800
15.8188	0.033823	46.4746
15.8607	0.033839	46.4708
15.9107	0.033839	46.4660
15.9607	0.033841	46.4608
16.0107	0.033849	46.4563
16.0686	0.033855	46.4499
16.1186	0.033865	46.4453
16.1686	0.033857	46.4401
16.2186	0.033863	46.4349
16.2605	0.033875	46.4308
16.3105	0.033885	46.4256
16.3605	0.033891	46.4208
16.4105	0.033894	46.4159
16.4684	0.033900	46.4100
16.5184	0.033904	46.4052
16.5684	0.033900	46.3998
16.6184	0.033902	46.3952
16.6603	0.033906	46.3909
16.7103	0.033920	46.3857
16.7603	0.033932	46.3812
16.8103	0.033918	46.3758
16.8683	0.033922	46.3702
16.9183	0.033934	46.3652
16.9683	0.033934	46.3601
17.0183	0.033944	46.3553
17.0602	0.033958	46.3510
17.1102	0.033960	46.3461
17.1602	0.033956	46.3410
17.2102	0.033956	46.3358
17.2681	0.033966	46.3303
17.3181	0.033979	46.3248
17.3681	0.033979	46.3203
17.4181	0.033983	46.3152
17.4600	0.033995	46.3109
17.5100	0.033999	46.3064
17.5600	0.034005	46.3010
17.6100	0.034011	46.2962
17.6681	0.034017	46.2903
17.7181	0.034013	46.2853
17.7681	0.034021	46.2805
17.8181	0.034029	46.2753
17.8598	0.034031	46.2712
17.9098	0.034039	46.2661
17.9598	0.034035	46.2609
18.0098	0.034044	46.2563
18.0678	0.034056	46.2501
18.1178	0.034062	46.2448
18.1678	0.034066	46.2399
18.2178	0.034074	46.2352
18.2597	0.034074	46.2313
18.3097	0.034078	46.2263
18.3597	0.034086	46.2209
18.4097	0.034090	46.2158
18.4676	0.034098	46.2103
18.5176	0.034094	46.2050
18.5676	0.034104	46.2001
18.6176	0.034116	46.1949
18.6595	0.034119	46.1908
18.7095	0.034119	46.1859
18.7595	0.034119	46.1807
18.8095	0.034129	46.1761
18.8514	0.034143	46.1717
18.9014	0.034147	46.1667
18.9514	0.034147	46.1621
19.0014	0.034153	46.1567
19.0594	0.034157	46.1514
19.1094	0.034157	46.1463
19.1594	0.034163	46.1409
19.2094	0.034175	46.1356
19.2513	0.034177	46.1318
19.3013	0.034189	46.1270
19.3513	0.034196	46.1221
19.4013	0.034202	46.1169
19.4592	0.034200	46.1107
19.5092	0.034204	46.1062
19.5592	0.034212	46.1008
19.6092	0.034212	46.0958
19.6511	0.034220	46.0917
19.7011	0.034232	46.0866
19.7511	0.034238	46.0819
19.8011	0.034234	46.0767
19.8591	0.034240	46.0709
19.9091	0.034252	46.0661
19.9591	0.034262	46.0612
20.0091	0.034269	46.0559
20.0510	0.034271	46.0519
20.1010	0.034271	46.0469
20.1510	0.034281	46.0418
20.2010	0.034289	46.0369
20.2589	0.034293	46.0306
20.3089	0.034295	46.0262
20.3589	0.034299	46.0210
20.4089	0.034311	46.0161
20.4509	0.034315	46.0121
20.5009	0.034317	46.0066
20.5509	0.034327	46.0018
20.6009	0.034333	45.9971
20.6588	0.034335	45.9912
20.7088	0.034341	45.9861
20.7588	0.034352	45.9814
20.8088	0.034358	45.9759
20.8512	0.034366	45.9721
20.9012	0.034366	45.9672
20.9512	0.034368	45.9618
21.0012	0.034380	45.9571
21.0586	0.034380	45.9511
21.1086	0.034386	45.9463
21.1586	0.034390	45.9412
21.2086	0.034396	45.9362
21.2506	0.034406	45.9323
21.3006	0.034414	45.9269
21.3506	0.034421	45.9216
21.4006	0.034425	45.9165
21.4584	0.034431	45.9110
21.5084	0.034437	45.9063
21.5584	0.034439	45.9009
21.6084	0.034451	45.8964
21.6505	0.034457	45.8921
21.7005	0.034459	45.8868
21.7505	0.034465	45.8819
21.8005	0.034475	45.8765
21.8583	0.034481	45.8709
21.9083	0.034485	45.8659
21.9583	0.034489	45.8609
22.0083	0.034496	45.8561
22.0502	0.034510	45.8521
22.1002	0.034512	45.8469
22.1502	0.034512	45.8420
22.2002	0.034520	45.8371
22.2421	0.034522	45.8326
22.2921	0.034536	45.8279
22.3421	0.034548	45.8226
22.3921	0.034556	45.8175
22.4500	0.034566	45.8121
22.5000	0.034564	45.8073
22.5500	0.034566	45.8021
22.6000	0.034579	45.7967
22.6419	0.034583	45.7927
22.6919	0.034587	45.7879
22.7419	0.034597	45.7825
22.7919	0.034603	45.7777
22.8499	0.034607	45.7717
22.8999	0.034621	45.7668
22.9499	0.034629	45.7618
22.9999	0.034633	45.7566
23.0418	0.034627	45.7527
23.0918	0.034635	45.7480
23.1418	0.034648	45.7430
23.1918	0.034658	45.7379
23.2498	0.034662	45.7325
23.2998	0.034668	45.7274
23.3498	0.034672	45.7220
23.3998	0.034680	45.7170
23.4418	0.034686	45.7129
23.4918	0.034692	45.7077
23.5418	0.034700	45.7030
23.5918	0.034702	45.6978
23.6496	0.034712	45.6920
23.6996	0.034725	45.6869
23.7496	0.034727	45.6817
23.7996	0.034733	45.6773
23.8415	0.034739	45.6728
23.8915	0.034753	45.6679
23.9415	0.034761	45.6631
23.9915	0.034765	45.6577
24.0494	0.034769	45.6513
24.0994	0.034781	45.6467
24.1494	0.034787	45.6421
24.1994	0.034793	45.6371
24.2413	0.034802	45.6327
24.2913	0.034804	45.6279
24.3413	0.034818	45.6228
24.3913	0.034826	45.6178
24.4492	0.034830	45.6123
24.4992	0.034836	45.6074
24.5492	0.034840	45.6022
24.5992	0.034842	45.5968
24.6412	0.034848	45.5928
24.6912	0.034860	45.5880
24.7412	0.034866	45.5827
24.7912	0.034871	45.5778
24.8491	0.034881	45.5718
24.8991	0.034891	45.5670
24.9491	0.034897	45.5620
24.9991	0.034903	45.5570
25.0410	0.034915	45.5531
25.0910	0.034923	45.5477
25.1410	0.034929	45.5428
25.1910	0.034937	45.5380
25.2489	0.034952	45.5320
25.2989	0.034952	45.5275
25.3489	0.034954	45.5220
25.3989	0.034946	45.5173
25.4408	0.034946	45.5131
25.4908	0.034958	45.5077
25.5408	0.034968	45.5030
25.5908	0.034970	45.4979
25.6332	0.034976	45.4937
25.6832	0.034986	45.4889
25.7332	0.034992	45.4836
25.7832	0.034996	45.4788
25.8407	0.035004	45.4727
25.8907	0.035012	45.4679
25.9407	0.035023	45.4630
25.9907	0.035035	45.4577
26.0326	0.035047	45.4539
26.0826	0.035057	45.4487
26.1326	0.035059	45.4435
26.1826	0.035073	45.4386
26.2405	0.035075	45.4327
26.2905	0.035077	45.4281
26.3405	0.035096	45.4228
26.3905	0.035114	45.4179
26.4325	0.035112	45.4136
26.4825	0.035118	45.4081
26.5325	0.035120	45.4036
26.5825	0.035132	45.3989
26.6403	0.035142	45.3931
26.6903	0.035154	45.3880
26.7403	0.035160	45.3832
26.7903	0.035171	45.3780
26.8326	0.035179	45.3741
26.8826	0.035183	45.3689
26.9326	0.035187	45.3638
26.9826	0.035199	45.3597
27.0402	0.035213	45.3531
27.0902	0.035217	45.3479
27.1402	0.035223	45.3430
27.1902	0.035229	45.3379
27.2321	0.035237	45.3333
27.2821	0.035250	45.3287
27.3321	0.035256	45.3240
27.3821	0.035272	45.3190
27.4400	0.035288	45.3133
27.4900	0.035290	45.3087
27.5400	0.035298	45.3029
27.5900	0.035306	45.2976
27.6320	0.035312	45.2935
27.6820	0.035325	45.2886
27.7320	0.035333	45.2834
27.7820	0.035337	45.2786
27.8401	0.035351	45.2725
27.8901	0.035359	45.2678
27.9401	0.035365	45.2633
27.9901	0.035375	45.2586
28.0318	0.035383	45.2541
28.0818	0.035393	45.2486
28.1318	0.035404	45.2437
28.1818	0.035408	45.2390
28.2397	0.035420	45.2333
28.2897	0.035428	45.2280
28.3397	0.035436	45.2227
28.3897	0.035448	45.2179
28.4318	0.035458	45.2138
28.4818	0.035464	45.2087
28.5318	0.035471	45.2041
28.5818	0.035471	45.1989
28.6395	0.035481	45.1928
28.6895	0.035497	45.1877
28.7395	0.035503	45.1830
28.7895	0.035513	45.1777
28.8314	0.035525	45.1737
28.8814	0.035531	45.1689
28.9314	0.035539	45.1640
28.9814	0.035552	45.1588
29.0233	0.035558	45.1548
29.0733	0.035566	45.1498
29.1233	0.035572	45.1448
29.1733	0.035578	45.1400
29.2313	0.035590	45.1338
29.2813	0.035604	45.1293
29.3313	0.035610	45.1240
29.3813	0.035614	45.1186
29.4231	0.035627	45.1143
29.4731	0.035639	45.1095
29.5231	0.035649	45.1049
29.5731	0.035659	45.0999
29.6313	0.035669	45.0940
29.6813	0.035675	45.0891
29.7313	0.035689	45.0839
29.7813	0.035696	45.0791
29.8230	0.035708	45.0749
29.8730	0.035718	45.0699
29.9230	0.035726	45.0650
29.9730	0.035734	45.0596
30.0310	0.035744	45.0542
30.0810	0.035752	45.0490
30.1310	0.035760	45.0437
30.1810	0.035768	45.0386
30.2229	0.035779	45.0347
30.2729	0.035795	45.0300
30.3229	0.035807	45.0249
30.3729	0.035815	45.0199
30.4308	0.035827	45.0144
30.4808	0.035841	45.0092
30.5308	0.035852	45.0036
30.5808	0.035856	44.9987
30.6227	0.035868	44.9945
30.6727	0.035884	44.9894
30.7227	0.035886	44.9847
30.7727	0.035882	44.9793
30.8306	0.035896	44.9736
30.8806	0.035906	44.9690
30.9306	0.035925	44.9641
30.9806	0.035933	44.9588
31.0225	0.035941	44.9548
31.0725	0.035961	44.9497
31.1225	0.035977	44.9448
31.1725	0.035983	44.9400
31.2305	0.035987	44.9340
31.2805	0.036000	44.9293
31.3305	0.036008	44.9239
31.3805	0.036014	44.9190
31.4226	0.036030	44.9150
31.4726	0.036044	44.9095
31.5226	0.036058	44.9050
31.5726	0.036068	44.8998
31.6303	0.036077	44.8940
31.6803	0.036089	44.8892
31.7303	0.036101	44.8841
31.7803	0.036117	44.8795
31.8222	0.036121	44.8753
31.8722	0.036131	44.8700
31.9222	0.036148	44.8646
31.9722	0.036156	44.8598
32.0301	0.036168	44.8537
32.0801	0.036178	44.8489
32.1301	0.036188	44.8438
32.1801	0.036196	44.8388
32.2221	0.036210	44.8348
32.2721	0.036227	44.8292
32.3221	0.036243	44.8245
32.3721	0.036251	44.8199
32.4140	0.036263	44.8159
32.4640	0.036273	44.8106
32.5140	0.036277	44.8057
32.5640	0.036289	44.8006
32.6219	0.036308	44.7950
32.6719	0.036324	44.7901
32.7219	0.036332	44.7846
32.7719	0.036348	44.7800
32.8138	0.036356	44.7756
32.8638	0.036366	44.7706
32.9138	0.036373	44.7660
32.9638	0.036389	44.7607
33.0221	0.036415	44.7551
33.0721	0.036425	44.7501
33.1221	0.036433	44.7449
33.1721	0.036439	44.7396
33.2137	0.036454	44.7359
33.2637	0.036462	44.7306
33.3137	0.036468	44.7256
33.3637	0.036482	44.7206
33.4218	0.036502	44.7146
33.4718	0.036521	44.7098
33.5218	0.036529	44.7047
33.5718	0.036537	44.6998
33.6135	0.036549	44.6956
33.6635	0.036567	44.6902
33.7135	0.036581	44.6858
33.7635	0.036591	44.6810
33.8214	0.036600	44.6752
33.8714	0.036606	44.6699
33.9214	0.036620	44.6648
33.9714	0.036636	44.6602
34.0134	0.036646	44.6556
34.0634	0.036656	44.6505
34.1134	0.036671	44.6455
34.1634	0.036681	44.6403
34.2212	0.036699	44.6349
34.2712	0.036707	44.6296
34.3212	0.036715	44.6249
34.3712	0.036731	44.6202
34.4132	0.036741	44.6162
34.4632	0.036752	44.6110
34.5132	0.036764	44.6055
34.5632	0.036780	44.6007
34.6217	0.036796	44.5948
34.6717	0.036808	44.5896
34.7217	0.036818	44.5848
34.7717	0.036831	44.5797
34.8130	0.036849	44.5756
34.8630	0.036859	44.5706
34.9130	0.036867	44.5654
34.9630	0.036875	44.5608
35.0210	0.036887	44.5547
35.0710	0.036893	44.5499
35.1210	0.036908	44.5448
35.1710	0.036922	44.5397
35.2129	0.036932	44.5358
35.2629	0.036942	44.5310
35.3129	0.036950	44.5260
35.3629	0.036973	44.5210
35.4048	0.036989	44.5170
35.4548	0.036995	44.5116
35.5048	0.037003	44.5063
35.5548	0.037023	44.5013
35.6127	0.037037	44.4956
35.6627	0.037050	44.4905
35.7127	0.037060	44.4858
35.7627	0.037074	44.4810
35.8047	0.037090	44.4768
35.8547	0.037104	44.4717
35.9047	0.037118	44.4669
35.9547	0.037131	44.4616
36.0126	0.037151	44.4559
36.0626	0.037157	44.4506
36.1126	0.037169	44.4456
36.1626	0.037183	44.4408
36.2045	0.037193	44.4362
36.2545	0.037206	44.4316
36.3045	0.037220	44.4269
36.3545	0.037238	44.4220
36.4123	0.037256	44.4159
36.4623	0.037266	44.4105
36.5123	0.037277	44.4058
36.5623	0.037291	44.4006
36.6043	0.037317	44.3964
36.6543	0.037333	44.3917
36.7043	0.037343	44.3864
36.7543	0.037362	44.3816
36.8122	0.037380	44.3761
36.8622	0.037390	44.3711
36.9122	0.037404	44.3660
36.9622	0.037423	44.3612
37.0042	0.037439	44.3569
37.0542	0.037455	44.3516
37.1042	0.037467	44.3465
37.1542	0.037485	44.3417
37.2120	0.037502	44.3357
37.2620	0.037518	44.3309
37.3120	0.037540	44.3257
37.3620	0.037554	44.3208
37.4039	0.037560	44.3168
37.4539	0.037573	44.3113
37.5039	0.037599	44.3068
37.5539	0.037617	44.3018
37.6119	0.037633	44.2956
37.6619	0.037643	44.2904
37.7119	0.037662	44.2857
37.7619	0.037678	44.2812
37.8038	0.037700	44.2768
37.8538	0.037714	44.2717
37.9038	0.037727	44.2669
37.9538	0.037745	44.2616
38.0117	0.037761	44.2562
38.0617	0.037773	44.2509
38.1117	0.037791	44.2460
38.1617	0.037810	44.2409
38.2036	0.037830	44.2363
38.2536	0.037846	44.2318
38.3036	0.037864	44.2267
38.3536	0.037889	44.2217
38.4115	0.037905	44.2163
38.4615	0.037919	44.2107
38.5115	0.037935	44.2058
38.5615	0.037954	44.2006
38.6035	0.037974	44.1964
38.6535	0.037986	44.1916
38.7035	0.038006	44.1865
38.7535	0.038031	44.1819
38.7954	0.038047	44.1775
38.8454	0.038073	44.1723
38.8954	0.038089	44.1677
38.9454	0.038104	44.1622
39.0033	0.038124	44.1569
39.0533	0.038132	44.1517
39.1033	0.038152	44.1467
39.1533	0.038177	44.1419
39.1952	0.038195	44.1374
39.2452	0.038215	44.1325
39.2952	0.038235	44.1274
39.3452	0.038252	44.1224
39.4032	0.038276	44.1168
39.4532	0.038294	44.1116
39.5032	0.038314	44.1068
39.5532	0.038339	44.1021
39.5950	0.038353	44.0979
39.6450	0.038373	44.0927
39.6950	0.038385	44.0880
39.7450	0.038400	44.0828
39.8030	0.038418	44.0766
39.8530	0.038438	44.0716
39.9030	0.038462	44.0667
39.9530	0.038479	44.0615
39.9949	0.038499	44.0575
40.0449	0.038517	44.0524
40.0949	0.038543	44.0474
40.1449	0.038572	44.0425
40.2028	0.038586	44.0363
40.2528	0.038608	44.0317
40.3028	0.038627	44.0270
40.3528	0.038647	44.0221
40.3947	0.038665	44.0177
40.4447	0.038687	44.0124
40.4947	0.038706	44.0078
40.5447	0.038728	44.0027
40.6029	0.038746	43.9967
40.6529	0.038764	43.9919
40.7029	0.038775	43.9866
40.7529	0.038756	43.9819
40.7946	0.038722	43.9777
40.8446	0.038738	43.9726
40.8946	0.038760	43.9679
40.9446	0.038787	43.9623
41.0026	0.038813	43.9571
41.0526	0.038841	43.9519
41.1026	0.038866	43.9466
41.1526	0.038882	43.9414
41.1944	0.038904	43.9376
41.2444	0.038927	43.9328
41.2944	0.038951	43.9279
41.3444	0.038977	43.9226
41.4023	0.038998	43.9164
41.4523	0.039020	43.9120
41.5023	0.039044	43.9065
41.5523	0.039064	43.9015
41.5942	0.039085	43.8976
41.6442	0.039111	43.8931
41.6942	0.039141	43.8875
41.7442	0.039166	43.8829
41.8022	0.039188	43.8768
41.8522	0.039206	43.8719
41.9022	0.039229	43.8671
41.9522	0.039249	43.8618
41.9941	0.039275	43.8578
42.0441	0.039300	43.8527
42.0941	0.039326	43.8476
42.1441	0.039342	43.8428
42.1860	0.039366	43.8385
42.2360	0.039389	43.8337
42.2860	0.039409	43.8287
42.3360	0.039427	43.8234
42.3939	0.039452	43.8174
42.4439	0.039474	43.8126
42.4939	0.039492	43.8073
42.5439	0.039512	43.8024
42.5858	0.039543	43.7985
42.6358	0.039559	43.7937
42.6858	0.039583	43.7886
42.7358	0.039604	43.7838
42.7937	0.039628	43.7781
42.8437	0.039652	43.7729
42.8937	0.039673	43.7675
42.9437	0.039693	43.7629
42.9856	0.039717	43.7586
43.0356	0.039743	43.7536
43.0856	0.039768	43.7487
43.1356	0.039794	43.7433
43.1940	0.039816	43.7378
43.2440	0.039839	43.7324
43.2940	0.039861	43.7275
43.3440	0.039885	43.7229
43.3855	0.039908	43.7191
43.4355	0.039932	43.7138
43.4855	0.039958	43.7084
43.5355	0.039989	43.7034
43.5934	0.040007	43.6979
43.6434	0.040027	43.6926
43.6934	0.040058	43.6879
43.7434	0.040084	43.6828
43.7853	0.040106	43.6786
43.8353	0.040133	43.6738
43.8853	0.040159	43.6686
43.9353	0.040181	43.6639
43.9932	0.040206	43.6579
44.0432	0.040232	43.6526
44.0932	0.040256	43.6476
44.1432	0.040281	43.6427
44.1852	0.040311	43.6383
44.2352	0.040339	43.6335
44.2852	0.040352	43.6288
44.3352	0.040374	43.6240
44.3930	0.040402	43.6180
44.4430	0.040429	43.6125
44.4930	0.040457	43.6079
44.5430	0.040487	43.6029
44.5850	0.040512	43.5984
44.6350	0.040534	43.5937
44.6850	0.040554	43.5886
44.7350	0.040571	43.5837
44.7929	0.040593	43.5779
44.8429	0.040615	43.5729
44.8929	0.040650	43.5681
44.9429	0.040682	43.5626
44.9848	0.040690	43.5587
45.0348	0.040696	43.5538
45.0848	0.040714	43.5486
45.1348	0.040733	43.5441
45.1927	0.040755	43.5379
45.2427	0.040783	43.5323
45.2927	0.040814	43.5274
45.3427	0.040844	43.5228
45.3846	0.040868	43.5188
45.4346	0.040897	43.5136
45.4846	0.040927	43.5088
45.5346	0.040956	43.5040
45.5770	0.040982	43.4996
45.6270	0.041012	43.4941
45.6770	0.041037	43.4892
45.7270	0.041063	43.4843
45.7845	0.041098	43.4786
45.8345	0.041130	43.4737
45.8845	0.041156	43.4685
45.9345	0.041181	43.4637
45.9764	0.041217	43.4597
46.0264	0.041233	43.4548
46.0764	0.041231	43.4496
46.1264	0.041258	43.4443
46.1843	0.041294	43.4388
46.2343	0.041323	43.4337
46.2843	0.041355	43.4286
46.3343	0.041391	43.4239
46.3763	0.041363	43.4196
46.4263	0.041041	43.4147
46.4763	0.040852	43.4096
46.5263	0.040907	43.4044
46.5842	0.040958	43.3989
46.6342	0.041002	43.3934
46.6842	0.041045	43.3888
46.7342	0.041087	43.3837
46.7764	0.041124	43.3794
46.8264	0.041162	43.3751
46.8764	0.041201	43.3698
46.9264	0.041237	43.3644
46.9840	0.041276	43.3587
47.0340	0.041318	43.3540
47.0840	0.041353	43.3486
47.1340	0.041383	43.3432
47.1760	0.041426	43.3392
47.2260	0.041462	43.3346
47.2760	0.041491	43.3300
47.3260	0.041529	43.3245
47.3839	0.041568	43.3190
47.4339	0.041594	43.3138
47.4839	0.041635	43.3088
47.5339	0.041673	43.3039
47.5758	0.041706	43.2996
47.6258	0.041736	43.2948
47.6758	0.041777	43.2895
47.7258	0.041809	43.2845
47.7837	0.041845	43.2790
47.8337	0.041888	43.2736
47.8837	0.041916	43.2691
47.9337	0.041953	43.2638
47.9756	0.041985	43.2595
48.0256	0.042012	43.2547
48.0756	0.042050	43.2495
48.1256	0.042085	43.2447
48.1835	0.042113	43.2389
48.2335	0.042143	43.2337
48.2835	0.042182	43.2285
48.3335	0.042212	43.2238
48.3754	0.042249	43.2195
48.4254	0.042281	43.2145
48.4754	0.042316	43.2095
48.5254	0.042352	43.2043
48.5833	0.042298	43.1988
48.6333	0.042198	43.1934
48.6833	0.042227	43.1887
48.7333	0.042271	43.1837
48.7753	0.042316	43.1792
48.8253	0.042356	43.1747
48.8753	0.042399	43.1694
48.9253	0.042439	43.1645
48.9671	0.042476	43.1606
49.0171	0.042518	43.1552
49.0671	0.042571	43.1503
49.1171	0.042608	43.1452
49.1751	0.042646	43.1395
49.2251	0.042691	43.1345
49.2751	0.042729	43.1294
49.3251	0.042762	43.1246
49.3670	0.042800	43.1206
49.4170	0.042845	43.1156
49.4670	0.042895	43.1105
49.5170	0.042928	43.1058
49.5752	0.042962	43.0996
49.6252	0.042999	43.0950
49.6752	0.043033	43.0898
49.7252	0.043068	43.0845
49.7668	0.043106	43.0801
49.8168	0.043151	43.0754
49.8668	0.043191	43.0703
49.9168	0.043236	43.0653
49.9750	0.043279	43.0594
50.0250	0.043315	43.0541
50.0750	0.043350	43.0498
50.1250	0.043396	43.0443
50.1667	0.043443	43.0403
50.2167	0.043479	43.0355
50.2667	0.043518	43.0301
50.3167	0.043562	43.0257
50.3746	0.043611	43.0197
50.4246	0.043650	43.0147
50.4746	0.043682	43.0097
50.5246	0.043718	43.0047
50.5665	0.043765	43.0007
50.6165	0.043806	42.9955
50.6665	0.043850	42.9905
50.7165	0.043893	42.9857
50.7744	0.043929	42.9800
50.8244	0.043962	42.9748
50.8744	0.044012	42.9694
50.9244	0.044061	42.9647
50.9663	0.044106	42.9607
51.0163	0.044146	42.9552
51.0663	0.044193	42.9506
51.1163	0.044239	42.9454
51.1743	0.044284	42.9398
51.2243	0.044333	42.9348
51.2743	0.044375	42.9296
51.3243	0.044416	42.9248
51.3662	0.044464	42.9202
51.4162	0.044507	42.9152
51.4662	0.044550	42.9105
51.5162	0.044600	42.9057
51.5740	0.044653	42.8996
51.6240	0.044695	42.8948
51.6740	0.044742	42.8897
51.7240	0.044787	42.8848
51.7660	0.044831	42.8806
51.8160	0.044874	42.8751
51.8660	0.044925	42.8706
51.9160	0.044975	42.8655
51.9739	0.045018	42.8597
52.0239	0.045066	42.8550
52.0739	0.045109	42.8496
52.1239	0.045152	42.8450
52.1703	0.045192	42.8403
52.2203	0.045239	42.8353
52.2703	0.045267	42.8304
52.3203	0.045295	42.8252
52.3577	0.045328	42.8217
52.4077	0.045362	42.8167
52.4577	0.045413	42.8113
52.5077	0.045462	42.8062
52.5659	0.045508	42.8007
52.6159	0.045567	42.7955
52.6659	0.045622	42.7905
52.7159	0.045668	42.7855
52.7576	0.045723	42.7810
52.8076	0.045774	42.7765
52.8576	0.045825	42.7713
52.9076	0.045867	42.7663
52.9654	0.045922	42.7607
53.0154	0.045977	42.7554
53.0654	0.046023	42.7509
53.1154	0.046072	42.7456
53.1574	0.046127	42.7414
53.2074	0.046173	42.7368
53.2574	0.046228	42.7316
53.3074	0.046279	42.7268
53.3653	0.046337	42.7210
53.4153	0.046388	42.7156
53.4653	0.046437	42.7104
53.5153	0.046481	42.7056
53.5573	0.046530	42.7013
53.6073	0.046583	42.6965
53.6573	0.046633	42.6917
53.7073	0.046672	42.6865
53.7651	0.046725	42.6811
53.8151	0.046767	42.6757
53.8651	0.046816	42.6704
53.9151	0.046860	42.6654
53.9570	0.046895	42.6615
54.0070	0.046923	42.6564
54.0570	0.046962	42.6516
54.1070	0.047012	42.6466
54.1652	0.047061	42.6404
54.2152	0.047110	42.6352
54.2652	0.047160	42.6306
54.3152	0.047219	42.6254
54.3569	0.047278	42.6213
54.4069	0.047331	42.6167
54.4569	0.047383	42.6120
54.5069	0.047432	42.6068
54.5648	0.047485	42.6006
54.6148	0.047531	42.5957
54.6648	0.047578	42.5908
54.7148	0.047629	42.5855
54.7567	0.047671	42.5815
54.8067	0.047722	42.5764
54.8567	0.047789	42.5714
54.9067	0.047850	42.5666
54.9646	0.047898	42.5606
55.0146	0.047933	42.5558
55.0646	0.047971	42.5505
55.1146	0.048012	42.5456
55.1566	0.048075	42.5416
55.2066	0.048145	42.5369
55.2566	0.048212	42.5317
55.3066	0.048273	42.5263
55.3644	0.048342	42.5207
55.4144	0.048407	42.5159
55.4644	0.048466	42.5106
55.5144	0.048535	42.5058
55.5563	0.048600	42.5015
55.6063	0.048660	42.4966
55.6563	0.048723	42.4918
55.7063	0.048788	42.4865
55.7483	0.048859	42.4825
55.7983	0.048934	42.4773
55.8483	0.049001	42.4723
55.8983	0.049054	42.4678
55.9562	0.049120	42.4614
56.0062	0.049191	42.4569
56.0562	0.049258	42.4517
56.1062	0.049323	42.4465
56.1481	0.049386	42.4424
56.1981	0.049449	42.4374
56.2481	0.049522	42.4325
56.2981	0.049589	42.4273
56.3560	0.049656	42.4215
56.4060	0.049722	42.4165
56.4560	0.049785	42.4111
56.5060	0.049846	42.4065
56.5480	0.049899	42.4025
56.5980	0.049968	42.3976
56.6480	0.050039	42.3925
56.6980	0.050100	42.3879
56.7562	0.050166	42.3819
56.8062	0.050233	42.3764
56.8562	0.050304	42.3714
56.9062	0.050383	42.3666
56.9478	0.050456	42.3624
56.9978	0.050525	42.3576
57.0478	0.050598	42.3526
57.0978	0.050667	42.3476
57.1564	0.050738	42.3419
57.2064	0.050807	42.3366
57.2564	0.050876	42.3311
57.3064	0.050945	42.3263
57.3476	0.051016	42.3222
57.3976	0.051083	42.3170
57.4476	0.051154	42.3122
57.4976	0.051225	42.3076
57.5555	0.051293	42.3017
57.6055	0.051362	42.2967
57.6555	0.051433	42.2918
57.7055	0.051494	42.2866
57.7474	0.051563	42.2826
57.7974	0.051636	42.2775
57.8474	0.051713	42.2723
57.8974	0.051786	42.2671
57.9553	0.051859	42.2618
58.0053	0.051934	42.2567
58.0553	0.052005	42.2518
58.1053	0.052078	42.2467
58.1472	0.052161	42.2422
58.1972	0.052232	42.2381
58.2472	0.052301	42.2326
58.2972	0.052380	42.2275
58.3552	0.052455	42.2219
58.4052	0.052530	42.2164
58.4552	0.052605	42.2108
58.5052	0.052676	42.2062
58.5474	0.052747	42.2022
58.5974	0.052826	42.1975
58.6474	0.052903	42.1928
58.6974	0.052982	42.1874
58.7551	0.053063	42.1813
58.8051	0.053140	42.1765
58.8551	0.053221	42.1718
58.9051	0.053292	42.1668
58.9470	0.053365	42.1624
58.9970	0.053442	42.1578
59.0470	0.053527	42.1528
59.0970	0.053602	42.1475
59.1389	0.053681	42.1428
59.1889	0.053762	42.1382
59.2389	0.053841	42.1332
59.2889	0.053920	42.1282
59.3468	0.053995	42.1224
59.3968	0.054066	42.1173
59.4468	0.054158	42.1125
59.4968	0.054229	42.1071
59.5387	0.054300	42.1031
59.5887	0.054383	42.0985
59.6387	0.054443	42.0930
59.6887	0.054407	42.0884
59.7466	0.054409	42.0823
59.7966	0.054500	42.0775
59.8466	0.054597	42.0727
59.8966	0.054689	42.0674
59.9386	0.054784	42.0635
59.9886	0.054871	42.0584
60.0386	0.054964	42.0534
60.0886	0.055058	42.0486
60.1464	0.055143	42.0426
60.1964	0.055222	42.0379
60.2464	0.055305	42.0324
60.2964	0.055398	42.0276
60.3384	0.055493	42.0235
60.3884	0.055581	42.0180
60.4384	0.055678	42.0135
60.4884	0.055769	42.0083
60.5463	0.055864	42.0024
60.5963	0.055960	41.9975
60.6463	0.056051	41.9923
60.6963	0.056144	41.9876
60.7385	0.056231	41.9834
60.7885	0.056316	41.9784
60.8385	0.056404	41.9734
60.8885	0.056495	41.9680
60.9461	0.056578	41.9627
60.9961	0.056663	41.9574
61.0461	0.056750	41.9526
61.0961	0.056837	41.9477
61.1379	0.056918	41.9432
61.1879	0.057018	41.9387
61.2379	0.057109	41.9335
61.2879	0.057198	41.9284
61.3459	0.057304	41.9227
61.3959	0.057407	41.9176
61.4459	0.057506	41.9129
61.4959	0.057602	41.9076
61.5378	0.057693	41.9035
61.5878	0.057780	41.8986
61.6378	0.057865	41.8932
61.6878	0.057958	41.8887
61.7457	0.058064	41.8826
61.7957	0.058153	41.8778
61.8457	0.058242	41.8728
61.8957	0.058335	41.8675
61.9379	0.058441	41.8635
61.9879	0.058540	41.8583
62.0379	0.058639	41.8534
62.0879	0.058731	41.8486
62.1456	0.058824	41.8428
62.1956	0.058921	41.8380
62.2456	0.059018	41.8327
62.2956	0.059110	41.8274
62.3375	0.059203	41.8232
62.3875	0.059304	41.8185
62.4375	0.059420	41.8132
62.4875	0.059517	41.8083
62.5294	0.059614	41.8041
62.5794	0.059722	41.7987
62.6294	0.059819	41.7942
62.6794	0.059916	41.7896
62.7373	0.060006	41.7847
62.7873	0.060105	41.7802
62.8373	0.060208	41.7738
62.8873	0.060304	41.7683
62.9293	0.060403	41.7643
62.9793	0.060502	41.7595
63.0293	0.060599	41.7540
63.0793	0.060707	41.7496
63.1372	0.060818	41.7436
63.1872	0.060940	41.7386
63.2372	0.061060	41.7335
63.2872	0.061171	41.7284
63.3291	0.061272	41.7245
63.3791	0.061374	41.7193
63.4291	0.061473	41.7143
63.4791	0.061581	41.7093
63.5370	0.061678	41.7032
63.5870	0.061771	41.6988
63.6370	0.061881	41.6933
63.6870	0.061982	41.6885
63.7289	0.062085	41.6844
63.7789	0.062181	41.6790
63.8289	0.062276	41.6745
63.8789	0.062373	41.6692
63.9368	0.062462	41.6635
63.9868	0.062558	41.6585
64.0368	0.062655	41.6535
64.0868	0.062758	41.6488
64.1287	0.062858	41.6444
64.1787	0.062965	41.6395
64.2287	0.063079	41.6345
64.2787	0.063184	41.6290
64.3366	0.063281	41.6239
64.3866	0.063372	41.6184
64.4366	0.063468	41.6137
64.4866	0.063555	41.6088
64.5286	0.063638	41.6043
64.5786	0.063715	41.5996
64.6286	0.063798	41.5944
64.6786	0.063877	41.5894
64.7365	0.063964	41.5837
64.7865	0.064056	41.5786
64.8365	0.064149	41.5738
64.8865	0.064246	41.5685
64.9284	0.064349	41.5645
64.9784	0.064447	41.5598
65.0284	0.064538	41.5544
65.0784	0.064647	41.5491
65.1363	0.064759	41.5435
65.1863	0.064866	41.5382
65.2363	0.064974	41.5332
65.2863	0.065079	41.5286
65.3282	0.065179	41.5246
65.3782	0.065284	41.5194
65.4282	0.065385	41.5145
65.4782	0.065489	41.5097
65.5361	0.065584	41.5038
65.5861	0.065677	41.4991
65.6361	0.065766	41.4935
65.6861	0.065770	41.4888
65.7280	0.065770	41.4847
65.7780	0.065835	41.4793
65.8280	0.065929	41.4749
65.8780	0.066032	41.4696
65.9200	0.066147	41.4653
65.9700	0.066253	41.4604
66.0200	0.066360	41.4552
66.0700	0.066468	41.4505
66.1279	0.066575	41.4446
66.1779	0.066687	41.4397
66.2279	0.066790	41.4347
66.2779	0.066883	41.4293
66.3198	0.066985	41.4250
66.3698	0.067092	41.4201
66.4198	0.067201	41.4151
66.4698	0.067319	41.4100
66.5277	0.067422	41.4044
66.5777	0.067524	41.3989
66.6277	0.067633	41.3942
66.6777	0.067743	41.3895
66.7196	0.067840	41.3854
66.7696	0.067939	41.3801
66.8196	0.068045	41.3753
66.8696	0.068156	41.3702
66.9276	0.068262	41.3646
66.9776	0.068363	41.3595
67.0276	0.068474	41.3542
67.0776	0.068586	41.3497
67.1195	0.068706	41.3451
67.1695	0.068815	41.3402
67.2195	0.068922	41.3354
67.2695	0.069032	41.3300
67.3273	0.069160	41.3243
67.3773	0.069279	41.3191
67.4273	0.069395	41.3143
67.4773	0.069498	41.3093
67.5193	0.069616	41.3051
67.5693	0.069731	41.3004
67.6193	0.069841	41.2951
67.6693	0.069946	41.2902
67.7272	0.070060	41.2844
67.7772	0.070165	41.2793
67.8272	0.070272	41.2747
67.8772	0.070378	41.2699
67.9194	0.070471	41.2656
67.9694	0.070566	41.2603
68.0194	0.070664	41.2549
68.0694	0.070749	41.2502
68.1271	0.070844	41.2443
68.1771	0.070927	41.2394
68.2271	0.071004	41.2343
68.2771	0.071093	41.2293
68.3190	0.071172	41.2253
68.3690	0.071264	41.2206
68.4190	0.071373	41.2155
68.4690	0.071481	41.2105
68.5269	0.071598	41.2048
68.5769	0.071706	41.1996
68.6269	0.071819	41.1943
68.6769	0.071928	41.1895
68.7188	0.072032	41.1854
68.7688	0.072141	41.1802
68.8188	0.072263	41.1755
68.8688	0.072389	41.1703
68.9107	0.072488	41.1662
68.9607	0.072575	41.1613
69.0107	0.072670	41.1560
69.0607	0.072770	41.1509
69.1190	0.072871	41.1452
69.1690	0.072958	41.1402
69.2190	0.073019	41.1352
69.2690	0.073064	41.1304
69.3106	0.073078	41.1260
69.3606	0.072966	41.1213
69.4106	0.072368	41.1165
69.4606	0.070195	41.1111
69.5185	0.067122	41.1051
69.5685	0.066445	41.1003
69.6185	0.066618	41.0950
69.6685	0.066772	41.0901
69.7107	0.066851	41.0863
69.7607	0.066839	41.0808
69.8107	0.066794	41.0763
69.8607	0.066772	41.0713
69.9183	0.066676	41.0655
69.9683	0.066660	41.0607
70.0183	0.066741	41.0553
70.0683	0.066833	41.0506
70.1106	0.066910	41.0464
70.1606	0.066972	41.0413
70.2106	0.067045	41.0365
70.2606	0.067157	41.0313
70.3181	0.067281	41.0258
70.3681	0.067347	41.0204
70.4181	0.067374	41.0155
70.4681	0.067437	41.0108
70.5101	0.067504	41.0062
70.5601	0.067398	41.0010
70.6101	0.067210	40.9961
70.6601	0.067201	40.9914
70.7180	0.067204	40.9859
70.7680	0.067187	40.9807
70.8180	0.067104	40.9753
70.8680	0.067062	40.9707
70.9099	0.067041	40.9667
70.9599	0.067033	40.9613
71.0099	0.067001	40.9566
71.0599	0.067029	40.9514
71.1179	0.067082	40.9456
71.1679	0.067161	40.9406
71.2179	0.067281	40.9355
71.2679	0.067378	40.9307
71.3099	0.067404	40.9262
71.3599	0.067433	40.9212
71.4099	0.067526	40.9164
71.4599	0.067660	40.9111
71.5177	0.067757	40.9059
71.5677	0.067830	40.9005
71.6177	0.067897	40.8957
71.6677	0.067996	40.8908
71.7096	0.068134	40.8863
71.7596	0.068215	40.8816
71.8096	0.068241	40.8766
71.8596	0.068300	40.8712
71.9176	0.068420	40.8654
71.9676	0.068495	40.8608
72.0176	0.068562	40.8552
72.0676	0.068665	40.8504
72.1094	0.068811	40.8462
72.1594	0.068864	40.8412
72.2094	0.068959	40.8364
72.2594	0.069038	40.8313
72.3014	0.069139	40.8272
72.3514	0.069135	40.8222
72.4014	0.069111	40.8168
72.4514	0.069129	40.8125
72.5093	0.069170	40.8063
72.5593	0.069228	40.8011
72.6093	0.069277	40.7961
72.6593	0.069228	40.7914
72.7015	0.069328	40.7875
72.7515	0.069456	40.7823
72.8015	0.069484	40.7774
72.8515	0.069551	40.7726
72.9091	0.069589	40.7666
72.9591	0.069616	40.7611
73.0091	0.069739	40.7563
73.0591	0.069960	40.7511
73.1010	0.070094	40.7468
73.1510	0.070051	40.7421
73.2010	0.070149	40.7368
73.2510	0.070278	40.7320
73.3090	0.070408	40.7260
73.3590	0.070518	40.7210
73.4090	0.070570	40.7165
73.4590	0.070583	40.7117
73.5008	0.070731	40.7074
73.5508	0.070874	40.7024
73.6008	0.070951	40.6975
73.6508	0.070990	40.6923
73.7088	0.071087	40.6860
73.7588	0.071174	40.6813
73.8088	0.071351	40.6762
73.8588	0.071462	40.6713
73.9006	0.071543	40.6673
73.9506	0.071592	40.6620
74.0006	0.071726	40.6571
74.0506	0.071821	40.6524
74.1086	0.071963	40.6467
74.1586	0.072060	40.6416
74.2086	0.072164	40.6369
74.2586	0.072247	40.6316
74.3006	0.072391	40.6276
74.3506	0.072494	40.6226
74.4006	0.072581	40.6172
74.4506	0.072654	40.6119
74.5084	0.072770	40.6065
74.5584	0.072887	40.6013
74.6084	0.073033	40.5963
74.6584	0.073155	40.5913
74.7003	0.073266	40.5866
74.7503	0.073374	40.5820
74.8003	0.073489	40.5775
74.8503	0.073603	40.5726
74.9083	0.073704	40.5666
74.9583	0.073808	40.5611
75.0083	0.073897	40.5566
75.0583	0.074014	40.5514
75.1002	0.074136	40.5471
75.1502	0.074270	40.5424
75.2002	0.074383	40.5372
75.2502	0.074511	40.5323
75.3082	0.074606	40.5264
75.3582	0.074726	40.5214
75.4082	0.074833	40.5167
75.4582	0.074943	40.5120
75.5000	0.075040	40.5077
75.5500	0.075160	40.5023
75.6000	0.075287	40.4971
75.6500	0.075437	40.4925
75.6919	0.075567	40.4878
75.7419	0.075676	40.4829
75.7919	0.075766	40.4779
75.8419	0.075891	40.4728
75.8999	0.076031	40.4673
75.9499	0.076179	40.4621
75.9999	0.076305	40.4573
76.0499	0.076441	40.4521
76.0918	0.076574	40.4478
76.1418	0.076696	40.4434
76.1918	0.076789	40.4381
76.2418	0.076775	40.4333
76.2997	0.076433	40.4276
76.3497	0.076396	40.4221
76.3997	0.076603	40.4166
76.4497	0.076822	40.4121
76.4916	0.076988	40.4082
76.5416	0.077122	40.4033
76.5916	0.077253	40.3982
76.6416	0.077375	40.3935
76.6996	0.077487	40.3876
76.7496	0.077576	40.3822
76.7996	0.077647	40.3772
76.8496	0.077718	40.3724
76.8915	0.077815	40.3681
76.9415	0.077916	40.3631
76.9915	0.077993	40.3579
77.0415	0.078058	40.3529
77.0994	0.078164	40.3475
77.1494	0.078208	40.3425
77.1994	0.078249	40.3372
77.2494	0.078206	40.3325
77.2913	0.078271	40.3283
77.3413	0.078340	40.3233
77.3913	0.078453	40.3187
77.4413	0.078472	40.3132
77.4997	0.078561	40.3071
77.5497	0.078447	40.3022
77.5997	0.078443	40.2972
77.6497	0.078453	40.2921
77.6911	0.078380	40.2881
77.7411	0.078322	40.2829
77.7911	0.078314	40.2778
77.8411	0.078301	40.2733
77.8991	0.078318	40.2677
77.9491	0.078383	40.2625
77.9991	0.078318	40.2578
78.0491	0.078243	40.2528
78.0910	0.078387	40.2485
78.1410	0.078376	40.2431
78.1910	0.078403	40.2383
78.2410	0.078543	40.2332
78.2989	0.078640	40.2275
78.3489	0.078687	40.2227
78.3989	0.078810	40.2173
78.4489	0.078857	40.2125
78.4908	0.078855	40.2085
78.5408	0.078995	40.2035
78.5908	0.078855	40.1982
78.6408	0.078865	40.1927
78.6988	0.078901	40.1876
78.7488	0.078908	40.1823
78.7988	0.078950	40.1773
78.8488	0.078936	40.1723
78.8907	0.078861	40.1679
78.9407	0.078774	40.1632
78.9907	0.078818	40.1581
79.0407	0.078893	40.1531
79.0826	0.078974	40.1491
79.1326	0.079051	40.1436
79.1826	0.079098	40.1389
79.2326	0.079157	40.1342
79.2906	0.079242	40.1285
79.3406	0.079254	40.1234
79.3906	0.079244	40.1187
79.4406	0.079274	40.1134
79.4824	0.079327	40.1093
79.5324	0.079349	40.1043
79.5824	0.079368	40.0989
79.6324	0.079366	40.0937
79.6904	0.079362	40.0882
79.7404	0.079376	40.0830
79.7904	0.079414	40.0780
79.8404	0.079453	40.0733
79.8823	0.079524	40.0694
79.9323	0.079578	40.0643
79.9823	0.079621	40.0589
80.0323	0.079688	40.0538
80.0902	0.079781	40.0485
80.1402	0.079850	40.0437
80.1902	0.079913	40.0385
80.2402	0.079949	40.0331
80.2821	0.079962	40.0288
80.3321	0.079962	40.0241
80.3821	0.080002	40.0195
80.4321	0.080073	40.0141
80.4901	0.080176	40.0078
80.5401	0.080249	40.0030
80.5901	0.080324	39.9985
80.6401	0.080389	39.9937
80.6820	0.080448	39.9894
80.7320	0.080513	39.9840
80.7820	0.080594	39.9790
80.8320	0.080687	39.9744
80.8898	0.080801	39.9681
80.9398	0.080906	39.9633
80.9898	0.080989	39.9582
81.0398	0.081056	39.9532
81.0818	0.081119	39.9490
81.1318	0.081184	39.9437
81.1818	0.081241	39.9390
81.2318	0.081287	39.9344
81.2897	0.081362	39.9287
81.3397	0.081462	39.9235
81.3897	0.081563	39.9180
81.4397	0.081670	39.9135
81.4816	0.081745	39.9091
81.5316	0.081814	39.9039
81.5816	0.081889	39.8990
81.6316	0.081976	39.8939
81.6896	0.082074	39.8883
81.7396	0.082187	39.8832
81.7896	0.082293	39.8783
81.8396	0.082353	39.8733
81.8815	0.082364	39.8688
81.9315	0.082343	39.8643
81.9815	0.082333	39.8592
82.0315	0.082366	39.8542
82.0894	0.082410	39.8488
82.1394	0.082451	39.8434
82.1894	0.082489	39.8378
82.2394	0.082544	39.8332
82.2813	0.082629	39.8294
82.3313	0.082739	39.8247
82.3813	0.082840	39.8194
82.4313	0.082941	39.8140
82.4732	0.083000	39.8099
82.5232	0.083069	39.8052
82.5732	0.083193	39.7997
82.6232	0.083264	39.7950
82.6811	0.083260	39.7893
82.7311	0.083270	39.7844
82.7811	0.083330	39.7795
82.8311	0.083434	39.7743
82.8730	0.083566	39.7704
82.9230	0.083667	39.7653
82.9730	0.083746	39.7599
83.0230	0.083817	39.7549
83.0810	0.083928	39.7493
83.1310	0.084014	39.7441
83.1810	0.084062	39.7392
83.2310	0.084176	39.7341
83.2729	0.084232	39.7296
83.3229	0.084279	39.7253
83.3729	0.084362	39.7200
83.4229	0.084407	39.7151
83.4808	0.084419	39.7093
83.5308	0.084453	39.7040
83.5808	0.084466	39.6992
83.6308	0.084492	39.6939
83.6727	0.084541	39.6898
83.7227	0.084646	39.6850
83.7727	0.084695	39.6801
83.8227	0.084755	39.6747
83.8806	0.084867	39.6696
83.9306	0.084940	39.6642
83.9806	0.085009	39.6592
84.0306	0.085092	39.6542
84.0726	0.085161	39.6497
84.1226	0.085216	39.6450
84.1726	0.085325	39.6398
84.2226	0.085374	39.6348
84.2804	0.085414	39.6292
84.3304	0.085443	39.6243
84.3804	0.085473	39.6190
84.4304	0.085499	39.6142
84.4723	0.085609	39.6099
84.5223	0.085649	39.6048
84.5723	0.085609	39.6000
84.6223	0.085611	39.5945
84.6803	0.085668	39.5891
84.7303	0.085730	39.5843
84.7803	0.085822	39.5793
84.8303	0.085864	39.5742
84.8722	0.085874	39.5702
84.9222	0.085994	39.5651
84.9722	0.086130	39.5603
85.0222	0.086199	39.5553
85.0801	0.086284	39.5493
85.1301	0.086375	39.5449
85.1801	0.086444	39.5396
85.2301	0.086580	39.5344
85.2720	0.086695	39.5302
85.3220	0.086718	39.5253
85.3720	0.086782	39.5200
85.4220	0.086902	39.5148
85.4800	0.087014	39.5092
85.5300	0.087109	39.5043
85.5800	0.087204	39.4992
85.6300	0.087243	39.4945
85.6718	0.087249	39.4900
85.7218	0.087352	39.4851
85.7718	0.087451	39.4804
85.8218	0.087451	39.4750
85.8638	0.087462	39.4713
85.9138	0.087504	39.4662
85.9638	0.087561	39.4609
86.0138	0.087676	39.4561
86.0717	0.087786	39.4502
86.1217	0.087786	39.4455
86.1717	0.087879	39.4405
86.2217	0.087987	39.4352
86.2636	0.088017	39.4307
86.3136	0.088051	39.4260
86.3636	0.088112	39.4209
86.4136	0.088199	39.4159
86.4715	0.088329	39.4101
86.5215	0.088443	39.4051
86.5715	0.088495	39.4005
86.6215	0.088536	39.3948
86.6634	0.088603	39.3908
86.7134	0.088674	39.3860
86.7634	0.088763	39.3807
86.8134	0.088854	39.3763
86.8713	0.088957	39.3701
86.9213	0.089024	39.3654
86.9713	0.089103	39.3605
87.0213	0.089223	39.3552
87.0636	0.089290	39.3512
87.1136	0.089310	39.3459
87.1636	0.089387	39.3409
87.2136	0.089428	39.3360
87.2712	0.089462	39.3302
87.3212	0.089570	39.3255
87.3712	0.089628	39.3202
87.4212	0.089618	39.3148
87.4631	0.089718	39.3106
87.5131	0.089774	39.3059
87.5631	0.089789	39.3014
87.6131	0.089926	39.2960
87.6710	0.090046	39.2901
87.7210	0.090089	39.2852
87.7710	0.090214	39.2802
87.8210	0.090316	39.2755
87.8630	0.090334	39.2712
87.9130	0.090413	39.2664
87.9630	0.090494	39.2615
88.0130	0.090557	39.2560
88.0708	0.090759	39.2498
88.1208	0.090834	39.2450
88.1708	0.090832	39.2406
88.2208	0.090912	39.2356
88.2628	0.090855	39.2310
88.3128	0.090934	39.2255
88.3628	0.091045	39.2208
88.4128	0.091108	39.2162
88.4707	0.091104	39.2104
88.5207	0.091236	39.2052
88.5707	0.091357	39.2005
88.6207	0.091501	39.1952
88.6627	0.091643	39.1911
88.7127	0.091726	39.1860
88.7627	0.091767	39.1808
88.8127	0.091816	39.1764
88.8708	0.092016	39.1701
88.9208	0.092006	39.1653
88.9708	0.092085	39.1602
89.0208	0.092148	39.1550
89.0624	0.092259	39.1512
89.1124	0.092286	39.1460
89.1624	0.092412	39.1411
89.2124	0.092515	39.1362
89.2543	0.092557	39.1319
89.3043	0.092637	39.1273
89.3543	0.092845	39.1220
89.4043	0.092833	39.1167
89.4622	0.092975	39.1108
89.5122	0.093168	39.1060
89.5622	0.093237	39.1008
89.6122	0.093342	39.0960
89.6542	0.093555	39.0917
89.7042	0.093632	39.0865
89.7542	0.093689	39.0820
89.8042	0.093881	39.0773
89.8621	0.093974	39.0714
89.9121	0.094066	39.0665
89.9621	0.094207	39.0615
90.0121	0.094362	39.0563
90.0540	0.094398	39.0523
90.1040	0.094542	39.0471
90.1540	0.094609	39.0421
90.2040	0.094734	39.0373
90.2619	0.094856	39.0311
90.3119	0.095018	39.0266
90.3619	0.095057	39.0213
90.4119	0.095191	39.0164
90.4538	0.095264	39.0124
90.5038	0.095399	39.0069
90.5538	0.095497	39.0021
90.6038	0.095618	38.9970
90.6618	0.095641	38.9914
90.7118	0.095740	38.9865
90.7618	0.095795	38.9812
90.8118	0.095904	38.9761
90.8537	0.095961	38.9720
90.9037	0.096084	38.9670
90.9537	0.096176	38.9618
91.0037	0.096324	38.9571
91.0616	0.096429	38.9508
91.1116	0.096484	38.9463
91.1616	0.096249	38.9413
91.2116	0.096117	38.9361
91.2535	0.096309	38.9324
91.3035	0.096541	38.9269
91.3535	0.096719	38.9222
91.4035	0.096869	38.9173
91.4614	0.096997	38.9113
91.5114	0.097132	38.9066
91.5614	0.097254	38.9014
91.6114	0.097331	38.8964
91.6534	0.097424	38.8922
91.7034	0.097522	38.8871
91.7534	0.097643	38.8825
91.8034	0.097743	38.8770
91.8613	0.097846	38.8715
91.9113	0.097901	38.8664
91.9613	0.097943	38.8610
92.0113	0.097998	38.8559
92.0532	0.098124	38.8520
92.1032	0.098241	38.8472
92.1532	0.098357	38.8422
92.2032	0.098450	38.8371
92.2451	0.098582	38.8330
92.2951	0.098707	38.8279
92.3451	0.098837	38.8230
92.3951	0.098951	38.8180
92.4540	0.099060	38.8119
92.5040	0.099143	38.8074
92.5540	0.099271	38.8020
92.6040	0.099384	38.7968
92.6449	0.099478	38.7927
92.6949	0.099555	38.7879
92.7449	0.099650	38.7824
92.7949	0.099723	38.7778
92.8529	0.099810	38.7724
92.9029	0.099899	38.7674
92.9529	0.100013	38.7623
93.0029	0.100114	38.7568
93.0448	0.100211	38.7529
93.0948	0.100289	38.7478
93.1448	0.100390	38.7426
93.1948	0.100516	38.7380
93.2527	0.100645	38.7320
93.3027	0.100809	38.7273
93.3527	0.100959	38.7222
93.4027	0.101087	38.7173
93.4451	0.101205	38.7134
93.4951	0.101294	38.7079
93.5451	0.101397	38.7032
93.5951	0.101519	38.6982
93.6526	0.101618	38.6919
93.7026	0.101673	38.6868
93.7526	0.101720	38.6821
93.8026	0.101823	38.6774
93.8444	0.101965	38.6733
93.8944	0.102097	38.6682
93.9444	0.102212	38.6627
93.9944	0.102344	38.6581
94.0523	0.102478	38.6522
94.1023	0.102589	38.6472
94.1523	0.102682	38.6423
94.2023	0.102780	38.6371
94.2443	0.102881	38.6330
94.2943	0.102962	38.6279
94.3443	0.103037	38.6228
94.3943	0.103088	38.6178
94.4522	0.103155	38.6116
94.5022	0.103286	38.6071
94.5522	0.103449	38.6024
94.6022	0.103603	38.5973
94.6446	0.103763	38.5930
94.6946	0.103907	38.5883
94.7446	0.104002	38.5831
94.7946	0.104053	38.5783
94.8521	0.104132	38.5724
94.9021	0.104217	38.5671
94.9521	0.104312	38.5619
95.0021	0.104411	38.5571
95.0442	0.104509	38.5527
95.0942	0.104616	38.5477
95.1442	0.104744	38.5429
95.1942	0.104886	38.5381
95.2519	0.105036	38.5320
95.3019	0.105184	38.5273
95.3519	0.105338	38.5223
95.4019	0.105498	38.5173
95.4440	0.105640	38.5133
95.4940	0.105780	38.5079
95.5440	0.105932	38.5032
95.5940	0.106092	38.4980
95.6357	0.106224	38.4936
95.6857	0.106335	38.4892
95.7357	0.106463	38.4838
95.7857	0.106570	38.4790
95.8436	0.106659	38.4732
95.8936	0.106773	38.4680
95.9436	0.106882	38.4633
95.9936	0.106966	38.4581
96.0356	0.107055	38.4541
96.0856	0.107180	38.4492
96.1356	0.107308	38.4440
96.1856	0.107428	38.4386
96.2434	0.107570	38.4330
96.2934	0.107697	38.4278
96.3434	0.107811	38.4229
96.3934	0.107922	38.4180
96.4353	0.108048	38.4136
96.4853	0.108178	38.4088
96.5353	0.108273	38.4040
96.5853	0.108370	38.3991
96.6433	0.108500	38.3933
96.6933	0.108638	38.3886
96.7433	0.108790	38.3833
96.7933	0.108920	38.3785
96.8360	0.109039	38.3740
96.8860	0.109138	38.3686
96.9360	0.109238	38.3634
96.9860	0.109378	38.3586
97.0431	0.109536	38.3534
97.0931	0.109676	38.3484
97.1431	0.109791	38.3430
97.1931	0.109899	38.3377
97.2350	0.110010	38.3339
97.2850	0.110120	38.3288
97.3350	0.110229	38.3238
97.3850	0.110361	38.3192
97.4430	0.110507	38.3130
97.4930	0.110653	38.3085
97.5430	0.110805	38.3033
97.5930	0.110928	38.2983
97.6349	0.111024	38.2943
97.6849	0.111137	38.2891
97.7349	0.111267	38.2837
97.7849	0.111399	38.2789
97.8428	0.111528	38.2733
97.8928	0.111670	38.2680
97.9428	0.111838	38.2632
97.9928	0.112011	38.2581
98.0350	0.112163	38.2540
98.0850	0.112252	38.2491
98.1350	0.112297	38.2440
98.1850	0.112372	38.2391
98.2427	0.112453	38.2329
98.2927	0.112363	38.2282
98.3427	0.112388	38.2232
98.3927	0.112574	38.2181
98.4346	0.112726	38.2143
98.4846	0.112864	38.2090
98.5346	0.112996	38.2039
98.5846	0.113134	38.1990
98.6425	0.113265	38.1931
98.6925	0.113387	38.1884
98.7425	0.113509	38.1833
98.7925	0.113614	38.1784
98.8345	0.113699	38.1742
98.8845	0.113784	38.1688
98.9345	0.113878	38.1644
98.9845	0.113983	38.1592
99.0263	0.114109	38.1547
99.0763	0.114236	38.1497
99.1263	0.114368	38.1450
99.1763	0.114504	38.1397
99.2343	0.114620	38.1341
99.2843	0.114731	38.1291
99.3343	0.114824	38.1237
99.3843	0.114922	38.1185
99.4267	0.115043	38.1145
99.4767	0.115175	38.1093
99.5267	0.115305	38.1042
99.5767	0.115432	38.0998
99.6341	0.115546	38.0944
99.6841	0.115674	38.0892
99.7341	0.115751	38.0844
99.7841	0.115834	38.0794
99.8260	0.115961	38.0750
99.8760	0.116083	38.0703
99.9260	0.116174	38.0650
99.9760	0.116282	38.0596
100.0339	0.116430	38.0539
100.0839	0.116559	38.0491
100.1339	0.116669	38.0440
100.1839	0.116784	38.0392
100.2259	0.116908	38.0350
100.2759	0.117022	38.0296
100.3259	0.117139	38.0243
100.3759	0.117265	38.0195
100.4337	0.117364	38.0143
100.4837	0.117467	38.0091
100.5337	0.117617	38.0040
100.5837	0.117804	37.9991
100.6256	0.117970	37.9948
100.6756	0.118098	37.9900
100.7256	0.118185	37.9850
100.7756	0.118268	37.9800
100.8336	0.118347	37.9744
100.8836	0.118438	37.9690
100.9336	0.118560	37.9637
100.9836	0.118686	37.9588
101.0255	0.118787	37.9546
101.0755	0.118872	37.9493
101.1255	0.118959	37.9448
101.1755	0.119057	37.9394
101.2334	0.119172	37.9337
101.2834	0.119294	37.9291
101.3334	0.119413	37.9242
101.3834	0.119519	37.9190
101.4253	0.119616	37.9150
101.4753	0.119683	37.9100
101.5253	0.119742	37.9049
101.5753	0.119815	37.9001
101.6332	0.119922	37.8938
101.6832	0.120042	37.8894
101.7332	0.120153	37.8842
101.7832	0.120247	37.8791
101.8252	0.120336	37.8752
101.8752	0.120443	37.8698
101.9252	0.120553	37.8651
101.9752	0.120640	37.8600
102.0331	0.120692	37.8543
102.0831	0.120776	37.8495
102.1331	0.120873	37.8444
102.1831	0.120911	37.8389
102.2252	0.120776	37.8346
102.2752	0.120536	37.8297
102.3252	0.120547	37.8245
102.3752	0.120670	37.8198
102.4169	0.120808	37.8155
102.4669	0.120984	37.8105
102.5169	0.121171	37.8056
102.5669	0.121343	37.8000
102.6251	0.121503	37.7948
102.6751	0.121655	37.7901
102.7251	0.121783	37.7852
102.7751	0.121901	37.7800
102.8167	0.122008	37.7755
102.8667	0.122103	37.7710
102.9167	0.122190	37.7659
102.9667	0.122251	37.7608
103.0246	0.122292	37.7551
103.0746	0.122330	37.7500
103.1246	0.122373	37.7452
103.1746	0.122444	37.7401
103.2166	0.122509	37.7360
103.2666	0.122543	37.7312
103.3166	0.122588	37.7258
103.3666	0.122644	37.7206
103.4245	0.122711	37.7148
103.4745	0.122776	37.7099
103.5245	0.122825	37.7048
103.5745	0.122861	37.7000
103.6164	0.122872	37.6961
103.6664	0.122886	37.6910
103.7164	0.122910	37.6859
103.7664	0.122953	37.6810
103.8243	0.122975	37.6750
103.8743	0.122973	37.6704
103.9243	0.122947	37.6650
103.9743	0.122904	37.6597
104.0162	0.122886	37.6554
104.0662	0.122890	37.6506
104.1162	0.122912	37.6462
104.1662	0.122922	37.6410
104.2241	0.122880	37.6347
104.2741	0.122851	37.6296
104.3241	0.122823	37.6250
104.3741	0.122797	37.6204
104.4161	0.122760	37.6160
104.4661	0.122734	37.6108
104.5161	0.122679	37.6060
104.5661	0.122618	37.6007
104.6240	0.122572	37.5953
104.6740	0.122561	37.5899
104.7240	0.122555	37.5851
104.7740	0.122539	37.5805
104.8196	0.122507	37.5761
104.8696	0.122499	37.5703
104.9196	0.122529	37.5654
104.9696	0.122578	37.5607
105.0238	0.122626	37.5554
105.0738	0.122677	37.5503
105.1238	0.122738	37.5454
105.1738	0.122819	37.5402
105.2157	0.122880	37.5361
105.2657	0.122930	37.5313
105.3157	0.122975	37.5258
105.3657	0.123046	37.5206
105.4242	0.123097	37.5149
105.4742	0.123161	37.5098
105.5242	0.123240	37.5047
105.5742	0.123330	37.4998
105.6156	0.123419	37.4953
105.6656	0.123528	37.4906
105.7156	0.123630	37.4860
105.7656	0.123709	37.4812
105.8074	0.123784	37.4768
105.8574	0.123869	37.4720
105.9074	0.123964	37.4669
105.9574	0.124076	37.4618
106.0154	0.124179	37.4561
106.0654	0.124254	37.4507
106.1154	0.124323	37.4461
106.1654	0.124406	37.4408
106.2073	0.124501	37.4366
106.2573	0.124564	37.4320
106.3073	0.124641	37.4265
106.3573	0.124740	37.4217
106.4153	0.124836	37.4158
106.4653	0.124980	37.4109
106.5153	0.125142	37.4061
106.5653	0.125290	37.4009
106.6072	0.125409	37.3968
106.6572	0.125533	37.3915
106.7072	0.125667	37.3865
106.7572	0.125807	37.3819
106.8151	0.125924	37.3764
106.8651	0.126030	37.3711
106.9151	0.126123	37.3662
106.9651	0.126212	37.3612
107.0070	0.126311	37.3569
107.0570	0.126411	37.3523
107.1070	0.126482	37.3467
107.1570	0.126549	37.3420
107.2149	0.126626	37.3363
107.2649	0.126721	37.3310
107.3149	0.126840	37.3258
107.3649	0.126990	37.3209
107.4068	0.127142	37.3170
107.4568	0.127274	37.3120
107.5068	0.127380	37.3069
107.5568	0.127493	37.3023
107.6148	0.127613	37.2962
107.6648	0.127749	37.2908
107.7148	0.127878	37.2858
107.7648	0.128000	37.2809
107.8067	0.128146	37.2765
107.8567	0.128294	37.2718
107.9067	0.128419	37.2667
107.9567	0.128557	37.2616
108.0146	0.128689	37.2559
108.0646	0.128799	37.2505
108.1146	0.128878	37.2460
108.1646	0.128967	37.2414
108.2065	0.129070	37.2372
108.2565	0.129157	37.2320
108.3065	0.129246	37.2272
108.3565	0.129356	37.2220
108.4144	0.129467	37.2158
108.4644	0.129575	37.2108
108.5144	0.129670	37.2061
108.5644	0.129715	37.2014
108.6063	0.129510	37.1969
108.6563	0.129291	37.1916
108.7063	0.129374	37.1866
108.7563	0.129540	37.1818
108.8143	0.129711	37.1761
108.8643	0.129861	37.1709
108.9143	0.129992	37.1661
108.9643	0.130138	37.1609
109.0062	0.130270	37.1566
109.0562	0.130404	37.1519
109.1062	0.130544	37.1464
109.1562	0.130659	37.1418
109.1981	0.130738	37.1379
109.2481	0.130811	37.1331
109.2981	0.130899	37.1278
109.3481	0.131022	37.1223
109.4060	0.131152	37.1168
109.4560	0.131267	37.1122
109.5060	0.131351	37.1073
109.5560	0.131436	37.1017
109.5980	0.131531	37.0974
109.6480	0.131644	37.0926
109.6980	0.131788	37.0876
109.7480	0.131942	37.0825
109.8059	0.132068	37.0769
109.8559	0.132159	37.0723
109.9059	0.132218	37.0672
109.9559	0.132295	37.0618
109.9978	0.132390	37.0574
110.0478	0.132498	37.0529
110.0978	0.132605	37.0475
110.1478	0.132694	37.0425
110.2057	0.132790	37.0371
110.2557	0.132889	37.0322
110.3057	0.133005	37.0268
110.3557	0.133140	37.0224
110.3977	0.133262	37.0180
110.4477	0.133388	37.0125
110.4977	0.133483	37.0073
110.5477	0.133582	37.0028
110.6056	0.133704	36.9976
110.6556	0.133842	36.9924
110.7056	0.133982	36.9871
110.7556	0.134087	36.9819
110.7975	0.134186	36.9781
110.8475	0.134294	36.9728
110.8975	0.134399	36.9679
110.9475	0.134517	36.9629
111.0059	0.134630	36.9569
111.0559	0.134746	36.9520
111.1059	0.134863	36.9468
111.1559	0.134977	36.9421
111.1973	0.135050	36.9379
111.2473	0.135092	36.9325
111.2973	0.135131	36.9272
111.3473	0.135202	36.9224
111.4053	0.135287	36.9172
111.4553	0.135370	36.9121
111.5053	0.135427	36.9069
111.5553	0.135457	36.9021
111.5971	0.135526	36.8977
111.6471	0.135642	36.8928
111.6971	0.135753	36.8877
111.7471	0.135848	36.8827
111.8053	0.135938	36.8770
111.8553	0.136007	36.8714
111.9053	0.136069	36.8670
111.9553	0.136157	36.8618
111.9970	0.136238	36.8575
112.0470	0.136311	36.8530
112.0970	0.136402	36.8475
112.1470	0.136495	36.8428
112.1889	0.136578	36.8387
112.2389	0.136647	36.8334
112.2889	0.136706	36.8287
112.3389	0.136791	36.8236
112.3968	0.136876	36.8179
112.4468	0.136969	36.8128
112.4968	0.137073	36.8077
112.5468	0.137170	36.8030
112.5887	0.137269	36.7984
112.6387	0.137373	36.7936
112.6887	0.137484	36.7888
112.7387	0.137600	36.7835
112.7967	0.137705	36.7774
112.8467	0.137815	36.7727
112.8967	0.137926	36.7680
112.9467	0.138026	36.7630
112.9886	0.138133	36.7587
113.0386	0.138240	36.7539
113.0886	0.138328	36.7488
113.1386	0.138429	36.7435
113.1965	0.138548	36.7376
113.2465	0.138664	36.7328
113.2965	0.138776	36.7276
113.3465	0.138885	36.7229
113.3884	0.138974	36.7186
113.4384	0.139063	36.7135
113.4884	0.139120	36.7087
113.5384	0.139203	36.7031
113.5963	0.139359	36.6979
113.6463	0.139523	36.6932
113.6963	0.139627	36.6883
113.7463	0.139736	36.6830
113.7882	0.139848	36.6783
113.8382	0.139931	36.6737
113.8882	0.140016	36.6686
113.9382	0.140105	36.6633
113.9961	0.140217	36.6577
114.0461	0.140371	36.6525
114.0961	0.140521	36.6477
114.1461	0.140634	36.6425
114.1881	0.140738	36.6384
114.2381	0.140853	36.6337
114.2881	0.140987	36.6289
114.3381	0.141121	36.6237
114.3963	0.141238	36.6180
114.4463	0.141358	36.6130
114.4963	0.141467	36.6080
114.5463	0.141561	36.6032
114.5879	0.141636	36.5986
114.6379	0.141686	36.5938
114.6879	0.141751	36.5889
114.7379	0.141861	36.5836
114.7959	0.141986	36.5776
114.8459	0.142124	36.5728
114.8959	0.142278	36.5674
114.9459	0.142424	36.5625
114.9878	0.142523	36.5586
115.0378	0.142611	36.5539
115.0878	0.142718	36.5488
115.1378	0.142848	36.5439
115.1956	0.142994	36.5381
115.2456	0.143125	36.5332
115.2956	0.143227	36.5286
115.3456	0.143342	36.5232
115.3876	0.143456	36.5187
115.4376	0.143561	36.5137
115.4876	0.143683	36.5089
115.5376	0.143815	36.5039
115.5795	0.143942	36.4999
115.6295	0.144082	36.4949
115.6795	0.144238	36.4896
115.7295	0.144356	36.4844
115.7874	0.144465	36.4788
115.8374	0.144579	36.4736
115.8874	0.144707	36.4687
115.9374	0.144818	36.4638
115.9793	0.144911	36.4597
116.0293	0.145000	36.4543
116.0793	0.145090	36.4494
116.1293	0.145183	36.4445
116.1872	0.145319	36.4386
116.2372	0.145477	36.4337
116.2872	0.145609	36.4282
116.3372	0.145704	36.4236
116.3792	0.145803	36.4196
116.4292	0.145903	36.4147
116.4792	0.145998	36.4095
116.5292	0.146103	36.4049
116.5872	0.146207	36.3989
116.6372	0.146334	36.3939
116.6872	0.146474	36.3888
116.7372	0.146584	36.3836
116.7790	0.146697	36.3799
116.8290	0.146819	36.3746
116.8790	0.146934	36.3697
116.9290	0.147074	36.3649
116.9869	0.147200	36.3587
117.0369	0.147328	36.3541
117.0869	0.147471	36.3488
117.1369	0.147607	36.3440
117.1789	0.147741	36.3399
117.2289	0.147883	36.3347
117.2789	0.148015	36.3301
117.3289	0.148130	36.3248
117.3868	0.148276	36.3187
117.4368	0.148432	36.3137
117.4868	0.148576	36.3088
117.5368	0.148706	36.3037
117.5787	0.148825	36.2997
117.6287	0.148947	36.2945
117.6787	0.149083	36.2892
117.7287	0.149219	36.2847
117.7870	0.149357	36.2793
117.8370	0.149468	36.2739
117.8870	0.149561	36.2691
117.9370	0.149671	36.2641
117.9785	0.149815	36.2598
118.0285	0.149952	36.2544
118.0785	0.150107	36.2494
118.1285	0.150263	36.2448
118.1864	0.150386	36.2391
118.2364	0.150482	36.2338
118.2864	0.150573	36.2294
118.3364	0.150658	36.2240
118.3784	0.150761	36.2199
118.4284	0.150865	36.2150
118.4784	0.150948	36.2098
118.5284	0.151013	36.2050
118.5863	0.151065	36.1990
118.6363	0.151183	36.1942
118.6863	0.151319	36.1892
118.7363	0.151450	36.1839
118.7782	0.151588	36.1796
118.8282	0.151742	36.1748
118.8782	0.151882	36.1698
118.9282	0.152006	36.1647
118.9702	0.152136	36.1607
119.0202	0.152257	36.1554
119.0702	0.152383	36.1506
119.1202	0.152515	36.1459
119.1781	0.152638	36.1397
119.2281	0.152784	36.1346
119.2781	0.152932	36.1297
119.3281	0.153070	36.1245
119.3701	0.153190	36.1203
119.4201	0.153307	36.1159
119.4701	0.153429	36.1104
119.5201	0.153559	36.1058
119.5779	0.153682	36.1000
119.6279	0.153814	36.0946
119.6779	0.153936	36.0893
119.7279	0.154047	36.0849
119.7698	0.154165	36.0804
119.8198	0.154262	36.0755
119.8698	0.154373	36.0708
119.9198	0.154515	36.0653
119.9777	0.154663	36.0599
120.0277	0.154803	36.0546
120.0777	0.154947	36.0497
120.1277	0.155105	36.0448
120.1697	0.155253	36.0404
120.2197	0.155405	36.0357
120.2697	0.155547	36.0306
120.3197	0.155669	36.0256
120.3776	0.155772	36.0197
120.4276	0.155886	36.0145
120.4776	0.156007	36.0100
120.5276	0.156133	36.0046
120.5695	0.156259	36.0005
120.6195	0.156388	35.9957
120.6695	0.156506	35.9903
120.7195	0.156597	35.9855
120.7774	0.156674	35.9795
120.8274	0.156751	35.9747
120.8774	0.156857	35.9697
120.9274	0.156962	35.9646
120.9698	0.157035	35.9605
121.0198	0.157128	35.9552
121.0698	0.157256	35.9504
121.1198	0.157390	35.9458
121.1773	0.157509	35.9402
121.2273	0.157627	35.9350
121.2773	0.157738	35.9297
121.3273	0.157848	35.9249
121.3697	0.157986	35.9207
121.4197	0.158095	35.9153
121.4697	0.158186	35.9106
121.5197	0.158279	35.9055
121.5771	0.158401	35.8999
121.6271	0.158521	35.8949
121.6771	0.158456	35.8898
121.7271	0.158172	35.8851
121.7694	0.158164	35.8804
121.8194	0.158302	35.8755
121.8694	0.158462	35.8707
121.9194	0.158628	35.8654
121.9771	0.158817	35.8602
122.0271	0.159011	35.8549
122.0771	0.159188	35.8500
122.1271	0.159342	35.8451
122.1689	0.159488	35.8408
122.2189	0.159668	35.8361
122.2689	0.159859	35.8310
122.3189	0.160035	35.8257
122.3608	0.160205	35.8212
122.4108	0.160355	35.8164
122.4608	0.160509	35.8112
122.5108	0.160659	35.8063
122.5687	0.160803	35.8005
122.6187	0.160931	35.7954
122.6687	0.161105	35.7907
122.7187	0.161281	35.7853
122.7606	0.161431	35.7814
122.8106	0.161573	35.7766
122.8606	0.161701	35.7712
122.9106	0.161829	35.7666
122.9689	0.161954	35.7604
123.0189	0.162070	35.7557
123.0689	0.162190	35.7506
123.1189	0.162307	35.7453
123.1605	0.162439	35.7414
123.2105	0.162309	35.7363
123.2605	0.161954	35.7314
123.3105	0.161987	35.7265
123.3684	0.162171	35.7206
123.4184	0.162348	35.7159
123.4684	0.162508	35.7111
123.5184	0.162664	35.7059
123.5603	0.162810	35.7017
123.6103	0.162958	35.6969
123.6603	0.163132	35.6916
123.7103	0.163300	35.6868
123.7682	0.163471	35.6807
123.8182	0.163633	35.6757
123.8682	0.163781	35.6708
123.9182	0.163913	35.6655
123.9601	0.164056	35.6617
124.0101	0.164206	35.6564
124.0601	0.164377	35.6515
124.1101	0.164519	35.6467
124.1680	0.164622	35.6405
124.2180	0.164734	35.6358
124.2680	0.164877	35.6307
124.3180	0.165009	35.6258
124.3599	0.165131	35.6217
124.4099	0.165242	35.6164
124.4599	0.165376	35.6116
124.5099	0.165540	35.6063
124.5679	0.165704	35.6007
124.6179	0.165848	35.5959
124.6679	0.165992	35.5906
124.7179	0.166148	35.5862
124.7598	0.166317	35.5818
124.8098	0.166469	35.5767
124.8598	0.166615	35.5719
124.9098	0.166744	35.5666
124.9677	0.166882	35.5612
125.0177	0.167012	35.5560
125.0677	0.167134	35.5511
125.1177	0.167247	35.5461
125.1596	0.167369	35.5415
125.2096	0.167500	35.5362
125.2596	0.167646	35.5314
125.3096	0.167782	35.5264
125.3675	0.167918	35.5205
125.4175	0.168048	35.5156
125.4675	0.168194	35.5102
125.5175	0.168346	35.5057
125.5595	0.168514	35.5019
125.6095	0.168686	35.4972
125.6595	0.168840	35.4920
125.7095	0.168960	35.4866
125.7514	0.169073	35.4825
125.8014	0.169215	35.4778
125.8514	0.169345	35.4724
125.9014	0.169454	35.4677
125.9595	0.169566	35.4616
126.0095	0.169669	35.4567
126.0595	0.169787	35.4517
126.1095	0.169908	35.4466
126.1512	0.170024	35.4426
126.2012	0.170144	35.4373
126.2512	0.170286	35.4324
126.3012	0.170417	35.4276
126.3594	0.170551	35.4215
126.4094	0.170673	35.4170
126.4594	0.170770	35.4114
126.5094	0.170837	35.4065
126.5513	0.170922	35.4024
126.6013	0.171017	35.3973
126.6513	0.171141	35.3926
126.7013	0.171275	35.3874
126.7590	0.171396	35.3816
126.8090	0.171522	35.3766
126.8590	0.171658	35.3714
126.9090	0.171761	35.3670
126.9514	0.171842	35.3624
127.0014	0.171684	35.3575
127.0514	0.171254	35.3527
127.1014	0.171198	35.3473
127.1588	0.171315	35.3420
127.2088	0.171447	35.3365
127.2588	0.171587	35.3316
127.3088	0.171743	35.3267
127.3507	0.171879	35.3224
127.4007	0.172017	35.3176
127.4507	0.172154	35.3124
127.5007	0.172286	35.3075
127.5586	0.172414	35.3020
127.6086	0.172562	35.2972
127.6586	0.172724	35.2920
127.7086	0.172892	35.2865
127.7506	0.173032	35.2824
127.8006	0.173158	35.2775
127.8506	0.173324	35.2720
127.9006	0.173506	35.2673
127.9585	0.173665	35.2620
128.0085	0.173800	35.2567
128.0585	0.173963	35.2519
128.1085	0.174119	35.2471
128.1504	0.174271	35.2426
128.2004	0.174400	35.2372
128.2504	0.174530	35.2324
128.3004	0.174676	35.2275
128.3583	0.174783	35.2215
128.4083	0.174848	35.2169
128.4583	0.174867	35.2114
128.5083	0.174846	35.2068
128.5502	0.174913	35.2026
128.6002	0.175051	35.1973
128.6502	0.175203	35.1926
128.7002	0.175321	35.1875
128.7422	0.175422	35.1834
128.7922	0.175558	35.1787
128.8422	0.175742	35.1737
128.8922	0.175929	35.1683
128.9501	0.176087	35.1626
129.0001	0.176217	35.1576
129.0501	0.176316	35.1526
129.1001	0.176417	35.1479
129.1421	0.176537	35.1435
129.1921	0.176614	35.1386
129.2421	0.176581	35.1336
129.2921	0.176510	35.1283
129.3500	0.176616	35.1222
129.4000	0.176790	35.1174
129.4500	0.176985	35.1128
129.5000	0.177153	35.1078
129.5418	0.177317	35.1034
129.5918	0.177453	35.0987
129.6418	0.177563	35.0936
129.6918	0.177684	35.0887
129.7498	0.177850	35.0830
129.7998	0.178015	35.0778
129.8498	0.178177	35.0724
129.8998	0.178339	35.0677
129.9417	0.178479	35.0634
129.9917	0.178610	35.0584
130.0417	0.178742	35.0537
130.0917	0.178860	35.0484
130.1496	0.178985	35.0429
130.1996	0.179117	35.0376
130.2496	0.179269	35.0326
130.2996	0.179425	35.0278
130.3415	0.179575	35.0233
130.3915	0.179697	35.0186
130.4415	0.179733	35.0136
130.4915	0.179620	35.0084
130.5494	0.179632	35.0030
130.5994	0.179784	34.9975
130.6494	0.179940	34.9929
130.6994	0.180056	34.9878
130.7415	0.180183	34.9836
130.7915	0.180325	34.9788
130.8415	0.180461	34.9736
130.8915	0.180583	34.9687
130.9493	0.180682	34.9626
130.9993	0.180769	34.9576
131.0493	0.180881	34.9529
131.0993	0.181031	34.9475
131.1412	0.181199	34.9437
131.1912	0.181359	34.9386
131.2412	0.181491	34.9335
131.2912	0.181623	34.9288
131.3491	0.181789	34.9227
131.3991	0.181969	34.9178
131.4491	0.182140	34.9126
131.4991	0.182263	34.9076
131.5410	0.182365	34.9036
131.5910	0.182468	34.8980
131.6410	0.182571	34.8935
131.6910	0.182677	34.8887
131.7489	0.182782	34.8830
131.7989	0.182904	34.8778
131.8489	0.183019	34.8725
131.8989	0.183147	34.8681
131.9409	0.183301	34.8637
131.9909	0.183421	34.8585
132.0409	0.183498	34.8536
132.0909	0.183609	34.8484
132.1328	0.183749	34.8445
132.1828	0.183879	34.8396
132.2328	0.183992	34.8344
132.2828	0.184098	34.8289
132.3408	0.184223	34.8233
132.3908	0.184373	34.8189
132.4408	0.184509	34.8137
132.4908	0.184635	34.8086
132.5332	0.184742	34.8049
132.5832	0.184844	34.7995
132.6332	0.184979	34.7945
132.6832	0.185121	34.7895
132.7405	0.185229	34.7837
132.7905	0.185302	34.7789
132.8405	0.185373	34.7737
132.8905	0.185456	34.7688
132.9324	0.185553	34.7644
132.9824	0.185671	34.7591
133.0324	0.185815	34.7546
133.0824	0.185946	34.7490
133.1403	0.186074	34.7435
133.1903	0.186200	34.7388
133.2403	0.186360	34.7338
133.2903	0.186520	34.7287
133.3322	0.186648	34.7247
133.3822	0.186779	34.7193
133.4322	0.186917	34.7144
133.4822	0.186992	34.7096
133.5403	0.186895	34.7035
133.5903	0.186877	34.6989
133.6403	0.186998	34.6934
133.6903	0.187167	34.6887
133.7323	0.187323	34.6845
133.7823	0.187452	34.6794
133.8323	0.187598	34.6746
133.8823	0.187773	34.6694
133.9400	0.187951	34.6640
133.9900	0.188113	34.6589
134.0400	0.188239	34.6535
134.0900	0.188352	34.6484
134.1319	0.188492	34.6444
134.1819	0.188652	34.6394
134.2319	0.188808	34.6343
134.2819	0.188973	34.6295
134.3399	0.189137	34.6232
134.3899	0.189301	34.6187
134.4399	0.189455	34.6135
134.4899	0.189597	34.6085
134.5318	0.189741	34.6046
134.5818	0.189889	34.5993
134.6318	0.189990	34.5946
134.6818	0.189844	34.5896
134.7397	0.189637	34.5836
134.7897	0.189721	34.5788
134.8397	0.189885	34.5736
134.8897	0.190079	34.5689
134.9316	0.190278	34.5647
134.9816	0.190420	34.5595
135.0316	0.190542	34.5540
135.0816	0.190704	34.5492
135.1395	0.190866	34.5440
135.1895	0.191042	34.5387
135.2395	0.191208	34.5337
135.2895	0.191369	34.5290
135.3314	0.191527	34.5244
135.3814	0.191681	34.5195
135.4314	0.191827	34.5145
135.4814	0.191971	34.5094
135.5234	0.192098	34.5055
135.5734	0.192218	34.5002
135.6234	0.192344	34.4954
135.6734	0.192481	34.4903
135.7313	0.192615	34.4843
135.7813	0.192729	34.4797
135.8313	0.192796	34.4742
135.8813	0.192794	34.4696
135.9232	0.192834	34.4654
135.9732	0.192944	34.4602
136.0232	0.193079	34.4557
136.0732	0.193227	34.4504
136.1311	0.193381	34.4448
136.1811	0.193535	34.4398
136.2311	0.193669	34.4347
136.2811	0.193819	34.4300
136.3230	0.193973	34.4256
136.3730	0.194137	34.4202
136.4230	0.194306	34.4151
136.4730	0.194444	34.4104
136.5309	0.194596	34.4044
136.5809	0.194762	34.3997
136.6309	0.194914	34.3946
136.6809	0.195054	34.3897
136.7231	0.195157	34.3856
136.7731	0.195151	34.3800
136.8231	0.195074	34.3755
136.8731	0.195110	34.3703
136.9308	0.195240	34.3646
136.9808	0.195384	34.3598
137.0308	0.195508	34.3544
137.0808	0.195615	34.3496
137.1227	0.195747	34.3453
137.1727	0.195899	34.3403
137.2227	0.196047	34.3356
137.2727	0.196193	34.3303
137.3306	0.196357	34.3248
137.3806	0.196519	34.3195
137.4306	0.196671	34.3146
137.4806	0.196813	34.3097
137.5225	0.196949	34.3051
137.5725	0.197073	34.3006
137.6225	0.197170	34.2956
137.6725	0.197265	34.2903
137.7304	0.197348	34.2843
137.7804	0.197231	34.2799
137.8304	0.196941	34.2746
137.8804	0.196945	34.2698
137.9263	0.197095	34.2652
137.9763	0.197253	34.2598
138.0263	0.197399	34.2543
138.0763	0.197547	34.2497
138.1303	0.197711	34.2447
138.1803	0.197891	34.2397
138.2303	0.198072	34.2346
138.2803	0.198242	34.2298
138.3221	0.198384	34.2253
138.3721	0.198538	34.2204
138.4221	0.198712	34.2157
138.4721	0.198881	34.2109
138.5301	0.199014	34.2048
138.5801	0.199031	34.2001
138.6301	0.198901	34.1949
138.6801	0.198927	34.1896
138.7220	0.199031	34.1852
138.7720	0.199146	34.1805
138.8220	0.199268	34.1752
138.8720	0.199396	34.1702
138.9139	0.199525	34.1661
138.9639	0.199653	34.1609
139.0139	0.199783	34.1562
139.0639	0.199937	34.1511
139.1219	0.200107	34.1454
139.1719	0.200291	34.1406
139.2219	0.200439	34.1357
139.2719	0.200561	34.1305
139.3138	0.200707	34.1265
139.3638	0.200869	34.1214
139.4138	0.200995	34.1163
139.4638	0.201131	34.1116
139.5217	0.201289	34.1053
139.5717	0.201459	34.1009
139.6217	0.201597	34.0957
139.6717	0.201714	34.0903
139.7136	0.201806	34.0859
139.7636	0.201937	34.0811
139.8136	0.202108	34.0763
139.8636	0.202258	34.0713
139.9215	0.202393	34.0655
139.9715	0.202554	34.0606
140.0215	0.202738	34.0555
140.0715	0.202933	34.0507
140.1135	0.203113	34.0464
140.1635	0.203273	34.0413
140.2135	0.203441	34.0368
140.2635	0.203616	34.0313
140.3214	0.203778	34.0252
140.3714	0.203940	34.0203
140.4214	0.204098	34.0153
140.4714	0.204230	34.0101
140.5135	0.204337	34.0062
140.5635	0.204445	34.0015
140.6135	0.204575	33.9965
140.6635	0.204708	33.9915
140.7212	0.204822	33.9860
140.7712	0.204933	33.9807
140.8212	0.205071	33.9760
140.8712	0.205256	33.9706
140.9131	0.205430	33.9663
140.9631	0.205584	33.9617
141.0131	0.205732	33.9562
141.0631	0.205900	33.9516
141.1211	0.206048	33.9456
141.1711	0.206158	33.9406
141.2211	0.206071	33.9358
141.2711	0.205728	33.9307
141.3130	0.205704	33.9268
141.3630	0.205870	33.9218
141.4130	0.206042	33.9165
141.4630	0.206194	33.9111
141.5209	0.206364	33.9056
141.5709	0.206543	33.9004
141.6209	0.206691	33.8956
141.6709	0.206825	33.8907
141.7128	0.206977	33.8863
141.7628	0.207139	33.8815
141.8128	0.207262	33.8761
141.8628	0.207400	33.8712
141.9207	0.207564	33.8657
141.9707	0.207650	33.8604
142.0207	0.207516	33.8552
142.0707	0.207489	33.8504
142.1127	0.207678	33.8461
142.1627	0.207889	33.8410
142.2127	0.208065	33.8365
142.2627	0.208250	33.8318
142.3046	0.208452	33.8275
142.3546	0.208645	33.8225
142.4046	0.208813	33.8176
142.4546	0.208973	33.8123
142.5125	0.209121	33.8067
142.5625	0.209267	33.8014
142.6125	0.209401	33.7965
142.6625	0.209514	33.7918
142.7044	0.209462	33.7872
142.7544	0.209117	33.7819
142.8044	0.209066	33.7770
142.8544	0.209253	33.7724
142.9123	0.209456	33.7669
142.9623	0.209650	33.7616
143.0123	0.209827	33.7562
143.0623	0.209991	33.7515
143.1043	0.210155	33.7474
143.1543	0.210319	33.7421
143.2043	0.210459	33.7374
143.2543	0.210609	33.7321
143.3122	0.210781	33.7264
143.3622	0.210976	33.7215
143.4122	0.211102	33.7164
143.4622	0.211217	33.7117
143.5041	0.211361	33.7071
143.5541	0.211525	33.7022
143.6041	0.211687	33.6973
143.6541	0.211876	33.6920
143.7119	0.212040	33.6868
143.7619	0.212143	33.6814
143.8119	0.212241	33.6766
143.8619	0.212375	33.6716
143.9039	0.212520	33.6671
143.9539	0.212683	33.6625
144.0039	0.212837	33.6573
144.0539	0.213005	33.6524
144.1118	0.213175	33.6469
144.1618	0.213333	33.6418
144.2118	0.213479	33.6361
144.2618	0.213621	33.6314
144.3037	0.213729	33.6271
144.3537	0.213812	33.6221
144.4037	0.213879	33.6173
144.4537	0.213976	33.6121
144.5116	0.214106	33.6066
144.5616	0.214274	33.6019
144.6116	0.214420	33.5970
144.6616	0.214550	33.5917
144.7035	0.214657	33.5871
144.7535	0.214742	33.5825
144.8035	0.214779	33.5774
144.8535	0.214736	33.5722
144.9115	0.214606	33.5666
144.9615	0.214667	33.5614
145.0115	0.214827	33.5566
145.0615	0.214989	33.5514
145.1033	0.215147	33.5471
145.1533	0.215300	33.5423
145.2033	0.215452	33.5368
145.2533	0.215622	33.5323
145.2953	0.215800	33.5284
145.3453	0.215975	33.5236
145.3953	0.216139	33.5184
145.4453	0.216279	33.5128
145.5032	0.216404	33.5073
145.5532	0.216558	33.5026
145.6032	0.216708	33.4976
145.6532	0.216818	33.4923
145.6951	0.216909	33.4886
145.7451	0.217008	33.4834
145.7951	0.217104	33.4781
145.8451	0.217215	33.4730
145.9030	0.217402	33.4676
145.9530	0.217596	33.4627
146.0030	0.217785	33.4575
146.0530	0.217945	33.4526
146.0952	0.218058	33.4484
146.1452	0.218162	33.4432
146.1952	0.218271	33.4385
146.2452	0.218401	33.4331
146.3029	0.218549	33.4274
146.3529	0.218709	33.4224
146.4029	0.218869	33.4171
146.4529	0.219009	33.4126
146.4951	0.219129	33.4081
146.5451	0.219272	33.4032
146.5951	0.219418	33.3984
146.6451	0.219566	33.3931
146.7035	0.219676	33.3875
146.7535	0.219769	33.3823
146.8035	0.219881	33.3775
146.8535	0.219994	33.3727
146.8946	0.220112	33.3684
146.9446	0.220256	33.3630
146.9946	0.220418	33.3581
147.0446	0.220574	33.3531
147.1026	0.220736	33.3472
147.1526	0.220880	33.3424
147.2026	0.221006	33.3371
147.2526	0.221127	33.3323
147.2945	0.221237	33.3284
147.3445	0.221346	33.3235
147.3945	0.221472	33.3183
147.4445	0.221630	33.3136
147.5024	0.221780	33.3076
147.5524	0.221922	33.3028
147.6024	0.222062	33.2977
147.6524	0.222204	33.2923
147.6950	0.222362	33.2878
147.7450	0.222534	33.2830
147.7950	0.222633	33.2780
147.8450	0.222431	33.2729
147.9022	0.222183	33.2674
147.9522	0.222248	33.2619
148.0022	0.222390	33.2574
148.0522	0.222562	33.2528
148.0943	0.222741	33.2487
148.1443	0.222915	33.2436
148.1943	0.223089	33.2381
148.2443	0.223262	33.2334
148.3021	0.223408	33.2275
148.3521	0.223515	33.2223
148.4021	0.223614	33.2174
148.4521	0.223748	33.2121
148.4940	0.223910	33.2082
148.5440	0.224060	33.2032
148.5940	0.224192	33.1982
148.6440	0.224212	33.1934
148.6859	0.224182	33.1894
148.7359	0.224265	33.1844
148.7859	0.224445	33.1794
148.8359	0.224656	33.1746
148.8938	0.224847	33.1686
148.9438	0.225031	33.1632
148.9938	0.225212	33.1583
149.0438	0.225345	33.1532
149.0859	0.225457	33.1489
149.1359	0.225579	33.1442
149.1859	0.225718	33.1391
149.2359	0.225854	33.1342
149.2938	0.225986	33.1283
149.3438	0.226136	33.1231
149.3938	0.226292	33.1186
149.4438	0.226454	33.1131
149.4856	0.226637	33.1092
149.5356	0.226803	33.1044
149.5856	0.226953	33.0991
149.6356	0.227089	33.0937
149.6935	0.227226	33.0883
149.7435	0.227379	33.0837
149.7935	0.227537	33.0787
149.8435	0.227691	33.0734
149.8854	0.227826	33.0688
149.9354	0.227962	33.0642
149.9854	0.228094	33.0591
150.0354	0.228232	33.0539
150.0934	0.228370	33.0482
150.1434	0.228532	33.0429
150.1934	0.228716	33.0383
150.2434	0.228903	33.0331
150.2854	0.229061	33.0289
150.3354	0.229158	33.0241
150.3854	0.229053	33.0194
150.4354	0.228964	33.0143
150.4932	0.229049	33.0086
150.5432	0.229193	33.0036
150.5932	0.229324	32.9984
150.6432	0.229452	32.9935
150.6851	0.229610	32.9890
150.7351	0.229783	32.9842
150.7851	0.229931	32.9792
150.8351	0.230091	32.9739
150.8930	0.230279	32.9685
150.9430	0.230460	32.9630
150.9930	0.230632	32.9584
151.0430	0.230794	32.9534
151.0850	0.230966	32.9490
151.1350	0.231102	32.9444
151.1850	0.231226	32.9392
151.2350	0.231356	32.9343
151.2928	0.231443	32.9285
151.3428	0.231467	32.9235
151.3928	0.231422	32.9186
151.4428	0.231459	32.9131
151.4848	0.231611	32.9092
151.5348	0.231785	32.9042
151.5848	0.231974	32.8990
151.6348	0.232112	32.8945
151.6927	0.232227	32.8881
151.7427	0.232326	32.8833
151.7927	0.232430	32.8783
151.8427	0.232375	32.8732
151.8847	0.232187	32.8692
151.9347	0.232251	32.8641
151.9847	0.232393	32.8593
152.0347	0.232525	32.8542
152.0765	0.232671	32.8497
152.1265	0.232845	32.8452
152.1765	0.233024	32.8401
152.2265	0.233198	32.8348
152.2844	0.233389	32.8288
152.3344	0.233557	32.8241
152.3844	0.233670	32.8196
152.4344	0.233798	32.8143
152.4763	0.233954	32.8100
152.5263	0.234135	32.8051
152.5763	0.234325	32.7999
152.6263	0.234520	32.7952
152.6842	0.234690	32.7892
152.7342	0.234840	32.7843
152.7842	0.234988	32.7795
152.8342	0.235130	32.7747
152.8762	0.235286	32.7702
152.9262	0.235434	32.7656
152.9762	0.235584	32.7607
153.0262	0.235718	32.7555
153.0845	0.235833	32.7493
153.1345	0.235945	32.7445
153.1845	0.236085	32.7391
153.2345	0.236224	32.7343
153.2760	0.236356	32.7302
153.3260	0.236482	32.7250
153.3760	0.236632	32.7203
153.4260	0.236796	32.7149
153.4839	0.236944	32.7093
153.5339	0.237096	32.7042
153.5839	0.237258	32.6991
153.6339	0.237431	32.6946
153.6758	0.237589	32.6900
153.7258	0.237716	32.6852
153.7758	0.237797	32.6804
153.8258	0.237874	32.6750
153.8837	0.237964	32.6694
153.9337	0.238065	32.6642
153.9837	0.238166	32.6595
154.0337	0.238278	32.6545
154.0756	0.238403	32.6501
154.1256	0.238535	32.6454
154.1756	0.238633	32.6400
154.2256	0.238428	32.6352
154.2835	0.238053	32.6296
154.3335	0.238043	32.6244
154.3835	0.238168	32.6197
154.4335	0.238335	32.6143
154.4755	0.238505	32.6103
154.5255	0.238661	32.6054
154.5755	0.238823	32.6003
154.6255	0.238997	32.5955
154.6837	0.239196	32.5894
154.7337	0.239385	32.5845
154.7837	0.239539	32.5794
154.8337	0.239691	32.5742
154.8753	0.239822	32.5702
154.9253	0.239948	32.5657
154.9753	0.240080	32.5608
155.0253	0.240230	32.5555
155.0832	0.240396	32.5492
155.1332	0.240548	32.5438
155.1832	0.240658	32.5393
155.2332	0.240777	32.5348
155.2751	0.240949	32.5308
155.3251	0.241095	32.5254
155.3751	0.241205	32.5200
155.4251	0.241306	32.5154
155.4670	0.241430	32.5112
155.5170	0.241555	32.5058
155.5670	0.241697	32.5010
155.6170	0.241855	32.4957
155.6750	0.242001	32.4901
155.7250	0.242141	32.4851
155.7750	0.242265	32.4800
155.8250	0.242342	32.4752
155.8669	0.242348	32.4713
155.9169	0.242350	32.4662
155.9669	0.242427	32.4612
156.0169	0.242551	32.4563
156.0748	0.242717	32.4503
156.1248	0.242881	32.4456
156.1748	0.243041	32.4403
156.2248	0.243210	32.4350
156.2668	0.243353	32.4308
156.3168	0.243497	32.4260
156.3668	0.243649	32.4209
156.4168	0.243769	32.4161
156.4746	0.243866	32.4102
156.5246	0.243915	32.4052
156.5746	0.243769	32.4005
156.6246	0.243625	32.3950
156.6665	0.243694	32.3912
156.7165	0.243842	32.3862
156.7665	0.244012	32.3809
156.8165	0.244191	32.3764
156.8745	0.244379	32.3701
156.9245	0.244489	32.3653
156.9745	0.244493	32.3603
157.0245	0.244572	32.3553
157.0664	0.244691	32.3512
157.1164	0.244825	32.3460
157.1664	0.244979	32.3411
157.2164	0.245141	32.3364
157.2743	0.245326	32.3307
157.3243	0.245504	32.3254
157.3743	0.245644	32.3206
157.4243	0.245741	32.3154
157.4662	0.245841	32.3114
157.5162	0.245962	32.3064
157.5662	0.246108	32.3010
157.6162	0.246266	32.2965
157.6742	0.246394	32.2904
157.7242	0.246445	32.2852
157.7742	0.246471	32.2802
157.8242	0.246540	32.2754
157.8661	0.246680	32.2709
157.9161	0.246878	32.2662
157.9661	0.247075	32.2612
158.0161	0.247255	32.2560
158.0740	0.247444	32.2507
158.1240	0.247608	32.2453
158.1740	0.247764	32.2398
158.2240	0.247943	32.2350
158.2659	0.248101	32.2311
158.3159	0.248222	32.2263
158.3659	0.248380	32.2211
158.4159	0.248539	32.2163
158.4738	0.248680	32.2105
158.5238	0.248822	32.2055
158.5738	0.248966	32.2006
158.6238	0.249106	32.1951
158.6661	0.249248	32.1912
158.7161	0.249416	32.1862
158.7661	0.249609	32.1810
158.8161	0.249761	32.1764
158.8576	0.249887	32.1719
158.9076	0.250014	32.1669
158.9576	0.250182	32.1619
159.0076	0.250363	32.1567
159.0660	0.250545	32.1511
159.1160	0.250714	32.1465
159.1660	0.250845	32.1407
159.2160	0.250987	32.1354
159.2574	0.251166	32.1315
159.3074	0.251346	32.1272
159.3574	0.251522	32.1215
159.4074	0.251699	32.1167
159.4653	0.251869	32.1114
159.5153	0.252043	32.1065
159.5653	0.252232	32.1014
159.6153	0.252426	32.0966
159.6573	0.252621	32.0921
159.7073	0.252789	32.0871
159.7573	0.252929	32.0824
159.8073	0.252994	32.0770
159.8652	0.252678	32.0709
159.9152	0.252347	32.0661
159.9652	0.252372	32.0614
160.0152	0.252516	32.0564
160.0571	0.252662	32.0520
160.1071	0.252820	32.0473
160.1571	0.253026	32.0423
160.2071	0.253257	32.0374
160.2650	0.253468	32.0317
160.3150	0.253665	32.0263
160.3650	0.253849	32.0211
160.4150	0.254012	32.0165
160.4570	0.254180	32.0124
160.5070	0.254338	32.0071
160.5570	0.254455	32.0023
160.6070	0.254506	31.9970
160.6649	0.254514	31.9915
160.7149	0.254599	31.9866
160.7649	0.254717	31.9812
160.8149	0.254881	31.9761
160.8568	0.255068	31.9721
160.9068	0.255272	31.9669
160.9568	0.255487	31.9618
161.0068	0.255666	31.9572
161.0647	0.255816	31.9519
161.1147	0.255953	31.9467
161.1647	0.256059	31.9413
161.2147	0.256114	31.9363
161.2568	0.256235	31.9325
161.3068	0.256387	31.9271
161.3568	0.256545	31.9223
161.4068	0.256697	31.9172
161.4646	0.256849	31.9113
161.5146	0.257001	31.9065
161.5646	0.257170	31.9012
161.6146	0.257370	31.8965
161.6565	0.257561	31.8921
161.7065	0.257725	31.8870
161.7565	0.257867	31.8825
161.8065	0.257974	31.8770
161.8484	0.258068	31.8731
161.8984	0.258165	31.8681
161.9484	0.258284	31.8627
161.9984	0.258428	31.8581
162.0567	0.258582	31.8518
162.1067	0.258737	31.8471
162.1567	0.258903	31.8421
162.2067	0.259053	31.8371
162.2482	0.259182	31.8330
162.2982	0.259304	31.8277
162.3482	0.259418	31.8229
162.3982	0.259527	31.8180
162.4561	0.259586	31.8120
162.5061	0.259616	31.8074
162.5561	0.259695	31.8018
162.6061	0.259837	31.7973
162.6480	0.260030	31.7930
162.6980	0.260230	31.7877
162.7480	0.260451	31.7831
162.7980	0.260650	31.7779
162.8560	0.260824	31.7723
162.9060	0.260999	31.7673
162.9560	0.261167	31.7623
163.0060	0.261335	31.7575
163.0479	0.261493	31.7529
163.0979	0.261582	31.7482
163.1479	0.261418	31.7434
163.1979	0.261305	31.7381
163.2562	0.261402	31.7319
163.3062	0.261562	31.7273
163.3562	0.261724	31.7219
163.4062	0.261862	31.7171
163.4477	0.262002	31.7133
163.4977	0.262126	31.7086
163.5477	0.262266	31.7035
163.5977	0.262424	31.6980
163.6558	0.262586	31.6921
163.7058	0.262760	31.6871
163.7558	0.262914	31.6820
163.8058	0.263052	31.6772
163.8475	0.263190	31.6728
163.8975	0.263340	31.6679
163.9475	0.263512	31.6630
163.9975	0.263682	31.6575
164.0554	0.263768	31.6523
164.1054	0.263686	31.6477
164.1554	0.263709	31.6426
164.2054	0.263871	31.6372
164.2475	0.264059	31.6327
164.2975	0.264222	31.6286
164.3475	0.264372	31.6232
164.3975	0.264540	31.6179
164.4553	0.264720	31.6122
164.5053	0.264880	31.6069
164.5553	0.265024	31.6023
164.6053	0.265186	31.5972
164.6472	0.265379	31.5931
164.6972	0.265555	31.5882
164.7472	0.265687	31.5827
164.7972	0.265657	31.5782
164.8551	0.265620	31.5721
164.9051	0.265724	31.5673
164.9551	0.265898	31.5624
165.0051	0.266058	31.5571
165.0472	0.266141	31.5532
165.0972	0.266214	31.5480
165.1472	0.266354	31.5430
165.1972	0.266526	31.5380
165.2390	0.266709	31.5336
165.2890	0.266887	31.5289
165.3390	0.267055	31.5238
165.3890	0.267017	31.5186
165.4471	0.266830	31.5131
165.4971	0.266851	31.5076
165.5471	0.266982	31.5032
165.5971	0.267177	31.4980
165.6388	0.267400	31.4939
165.6888	0.267633	31.4893
165.7388	0.267828	31.4838
165.7888	0.267963	31.4790
165.8467	0.268085	31.4731
165.8967	0.268211	31.4682
165.9467	0.268296	31.4634
165.9967	0.268407	31.4583
166.0387	0.268566	31.4543
166.0887	0.268750	31.4491
166.1387	0.268945	31.4439
166.1887	0.269105	31.4392
166.2466	0.269265	31.4329
166.2966	0.269401	31.4284
166.3466	0.269431	31.4231
166.3966	0.269518	31.4180
166.4385	0.269672	31.4139
166.4885	0.269849	31.4086
166.5385	0.270041	31.4039
166.5885	0.270230	31.3989
166.6466	0.270398	31.3931
166.6966	0.270552	31.3882
166.7466	0.270700	31.3829
166.7966	0.270832	31.3783
166.8383	0.270972	31.3740
166.8883	0.271120	31.3690
166.9383	0.271263	31.3645
166.9883	0.271430	31.3590
167.0462	0.271596	31.3528
167.0962	0.271764	31.3481
167.1462	0.271941	31.3435
167.1962	0.272121	31.3386
167.2381	0.272301	31.3342
167.2881	0.272474	31.3288
167.3381	0.272628	31.3239
167.3881	0.272774	31.3193
167.4461	0.272911	31.3135
167.4961	0.273037	31.3080
167.5461	0.273128	31.3035
167.5961	0.273228	31.2984
167.6379	0.273388	31.2940
167.6879	0.273584	31.2888
167.7379	0.273777	31.2841
167.7879	0.273955	31.2787
167.8459	0.274138	31.2731
167.8959	0.274324	31.2684
167.9459	0.274513	31.2636
167.9959	0.274693	31.2584
168.0378	0.274865	31.2545
168.0878	0.275036	31.2493
168.1378	0.275194	31.2439
168.1878	0.275332	31.2388
168.2457	0.275409	31.2333
168.2957	0.275360	31.2280
168.3457	0.275350	31.2234
168.3957	0.275508	31.2183
168.4378	0.275703	31.2137
168.4878	0.275863	31.2090
168.5378	0.275988	31.2043
168.5878	0.276120	31.1992
168.6295	0.276297	31.1950
168.6795	0.276479	31.1903
168.7295	0.276657	31.1851
168.7795	0.276830	31.1798
168.8375	0.276996	31.1741
168.8875	0.277178	31.1692
168.9375	0.277351	31.1641
168.9875	0.277497	31.1593
169.0294	0.277657	31.1550
169.0794	0.277817	31.1500
169.1294	0.277965	31.1450
169.1794	0.278109	31.1396
169.2373	0.278273	31.1344
169.2873	0.278459	31.1291
169.3373	0.278660	31.1242
169.3873	0.278853	31.1193
169.4292	0.279023	31.1146
169.4792	0.279167	31.1099
169.5292	0.279286	31.1048
169.5792	0.279392	31.0998
169.6371	0.279481	31.0941
169.6871	0.279552	31.0891
169.7371	0.279621	31.0843
169.7871	0.279718	31.0789
169.8290	0.279854	31.0749
169.8790	0.280028	31.0700
169.9290	0.280219	31.0646
169.9790	0.280405	31.0601
170.0370	0.280578	31.0540
170.0870	0.280722	31.0492
170.1370	0.280815	31.0442
170.1870	0.280758	31.0390
170.2289	0.280584	31.0350
170.2789	0.280545	31.0299
170.3289	0.280651	31.0249
170.3789	0.280839	31.0200
170.4369	0.281062	31.0141
170.4869	0.281303	31.0093
170.5369	0.281534	31.0046
170.5869	0.281757	30.9995
170.6287	0.281954	30.9950
170.6787	0.282112	30.9896
170.7287	0.282238	30.9852
170.7787	0.282337	30.9799
170.8366	0.282347	30.9741
170.8866	0.282367	30.9691
170.9366	0.282503	30.9640
170.9866	0.282661	30.9593
171.0289	0.282815	30.9550
171.0789	0.282986	30.9501
171.1289	0.283182	30.9452
171.1789	0.283385	30.9402
171.2365	0.283567	30.9337
171.2865	0.283717	30.9289
171.3365	0.283811	30.9244
171.3865	0.283884	30.9196
171.4283	0.284024	30.9151
171.4783	0.284200	30.9095
171.5283	0.284384	30.9048
171.5783	0.284547	30.9001
171.6363	0.284711	30.8943
171.6863	0.284873	30.8892
171.7363	0.285023	30.8845
171.7863	0.285181	30.8793
171.8282	0.285339	30.8753
171.8782	0.285481	30.8703
171.9282	0.285601	30.8649
171.9782	0.285718	30.8603
172.0202	0.285834	30.8559
172.0702	0.285963	30.8509
172.1202	0.286111	30.8462
172.1702	0.286265	30.8408
172.2285	0.286405	30.8353
172.2785	0.286523	30.8300
172.3285	0.286661	30.8251
172.3785	0.286819	30.8202
172.4207	0.286965	30.8157
172.4707	0.287101	30.8110
172.5207	0.287224	30.8058
172.5707	0.287354	30.8008
172.6279	0.287480	30.7952
172.6779	0.287634	30.7898
172.7279	0.287780	30.7853
172.7779	0.287922	30.7799
172.8202	0.288069	30.7758
172.8702	0.288213	30.7711
172.9202	0.288343	30.7656
172.9702	0.288422	30.7609
173.0277	0.288329	30.7550
173.0777	0.288199	30.7501
173.1277	0.288246	30.7451
173.1777	0.288372	30.7400
173.2201	0.288511	30.7360
173.2701	0.288659	30.7307
173.3201	0.288817	30.7257
173.3701	0.289006	30.7210
173.4276	0.289194	30.7149
173.4776	0.289389	30.7104
173.5276	0.289559	30.7051
173.5776	0.289705	30.7001
173.6195	0.289831	30.6960
173.6695	0.289957	30.6908
173.7195	0.290101	30.6860
173.7695	0.290271	30.6809
173.8274	0.290447	30.6752
173.8774	0.290607	30.6702
173.9274	0.290757	30.6649
173.9774	0.290887	30.6605
174.0193	0.290974	30.6560
174.0693	0.291057	30.6507
174.1193	0.291203	30.6456
174.1693	0.291396	30.6410
174.2273	0.291576	30.6347
174.2773	0.291738	30.6301
174.3273	0.291890	30.6252
174.3773	0.292042	30.6199
174.4192	0.292176	30.6155
174.4692	0.292292	30.6107
174.5192	0.292389	30.6062
174.5692	0.292525	30.6014
174.6270	0.292701	30.5953
174.6770	0.292874	30.5906
174.7270	0.293056	30.5854
174.7770	0.293218	30.5801
174.8190	0.293338	30.5758
174.8690	0.293453	30.5713
174.9190	0.293577	30.5658
174.9690	0.293723	30.5610
175.0269	0.293859	30.5551
175.0769	0.294011	30.5502
175.1269	0.294185	30.5453
175.1769	0.294363	30.5402
175.2188	0.294513	30.5363
175.2688	0.294655	30.5313
175.3188	0.294781	30.5259
175.3688	0.294878	30.5207
175.4107	0.294951	30.5171
175.4607	0.295042	30.5121
175.5107	0.295162	30.5068
175.5607	0.295300	30.5021
175.6187	0.295456	30.4958
175.6687	0.295503	30.4912
175.7187	0.295407	30.4860
175.7687	0.295436	30.4811
175.8105	0.295549	30.4774
175.8605	0.295673	30.4720
175.9105	0.295827	30.4672
175.9605	0.295993	30.4622
176.0187	0.296153	30.4561
176.0687	0.296338	30.4511
176.1187	0.296526	30.4459
176.1687	0.296699	30.4412
176.2104	0.296838	30.4368
176.2604	0.296962	30.4317
176.3104	0.297104	30.4271
176.3604	0.297264	30.4216
176.4186	0.297386	30.4163
176.4686	0.297509	30.4111
176.5186	0.297651	30.4057
176.5686	0.297817	30.4005
176.6102	0.298020	30.3967
176.6602	0.298209	30.3921
176.7102	0.298353	30.3870
176.7602	0.298499	30.3820
176.8182	0.298626	30.3763
176.8682	0.298734	30.3711
176.9182	0.298859	30.3663
176.9682	0.298997	30.3609
177.0101	0.299157	30.3566
177.0601	0.299344	30.3520
177.1101	0.299526	30.3465
177.1601	0.299713	30.3419
177.2180	0.299871	30.3364
177.2680	0.300027	30.3312
177.3180	0.300211	30.3261
177.3680	0.300400	30.3216
177.4099	0.300578	30.3170
177.4599	0.300769	30.3117
177.5099	0.300963	30.3067
177.5599	0.301136	30.3019
177.6178	0.301271	30.2958
177.6678	0.301395	30.2913
177.7178	0.301507	30.2859
177.7678	0.301638	30.2810
177.8100	0.301772	30.2770
177.8600	0.301902	30.2715
177.9100	0.302038	30.2669
177.9600	0.302190	30.2617
178.0177	0.302388	30.2559
178.0677	0.302617	30.2509
178.1177	0.302830	30.2457
178.1677	0.302992	30.2410
178.2098	0.303098	30.2372
178.2598	0.303138	30.2321
178.3098	0.303155	30.2268
178.3598	0.303187	30.2220
178.4179	0.303256	30.2159
178.4679	0.303363	30.2111
178.5179	0.303390	30.2060
178.5679	0.303402	30.2010
178.6094	0.303485	30.1972
178.6594	0.303594	30.1917
178.7094	0.303710	30.1870
178.7594	0.303799	30.1820
178.8013	0.303909	30.1776
178.8513	0.304079	30.1731
178.9013	0.304271	30.1677
178.9513	0.304450	30.1629
179.0099	0.304634	30.1571
179.0599	0.304815	30.1518
179.1099	0.304961	30.1470
179.1599	0.305086	30.1418
179.2011	0.305210	30.1379
179.2511	0.305354	30.1330
179.3011	0.305526	30.1279
179.3511	0.305717	30.1232
179.4093	0.305869	30.1170
179.4593	0.306007	30.1118
179.5093	0.306151	30.1068
179.5593	0.306272	30.1019
179.6010	0.306384	30.0977
179.6510	0.306491	30.0929
179.7010	0.306570	30.0878
179.7510	0.306665	30.0826
179.8092	0.306773	30.0771
179.8592	0.306917	30.0717
179.9092	0.307061	30.0672
179.9592	0.307211	30.0619
180.0008	0.307350	30.0576
180.0508	0.307482	30.0528
180.1008	0.307622	30.0476
180.1508	0.307750	30.0428
180.2090	0.307902	30.0369
180.2590	0.308070	30.0320
180.3090	0.308220	30.0272
180.3590	0.308360	30.0218
180.4007	0.308498	30.0181
180.4507	0.308658	30.0133
180.5007	0.308812	30.0080
180.5507	0.308940	30.0027
180.6086	0.309084	29.9971
180.6586	0.309201	29.9917
180.7086	0.309288	29.9869
180.7586	0.309422	29.9823
180.8007	0.309600	29.9782
180.8507	0.309809	29.9730
180.9007	0.310004	29.9676
180.9507	0.310178	29.9627
181.0086	0.310340	29.9571
181.0586	0.310466	29.9518
181.1086	0.310571	29.9471
181.1586	0.310719	29.9419
181.2003	0.310886	29.9378
181.2503	0.311050	29.9330
181.3003	0.311196	29.9279
181.3503	0.311342	29.9232
181.4086	0.311500	29.9171
181.4586	0.311668	29.9118
181.5086	0.311840	29.9068
181.5586	0.312019	29.9020
181.6001	0.312211	29.8975
181.6501	0.312394	29.8926
181.7001	0.312560	29.8879
181.7501	0.312714	29.8831
181.7921	0.312846	29.8787
181.8421	0.312961	29.8739
181.8921	0.313101	29.8688
181.9421	0.313255	29.8638
182.0002	0.313415	29.8582
182.0502	0.313567	29.8528
182.1002	0.313705	29.8476
182.1502	0.313831	29.8427
182.1919	0.313973	29.8386
182.2419	0.314159	29.8334
182.2919	0.314388	29.8287
182.3419	0.314642	29.8234
182.3998	0.314895	29.8179
182.4498	0.315148	29.8130
182.4998	0.315414	29.8079
182.5498	0.315667	29.8034
182.5918	0.315894	29.7988
182.6418	0.316113	29.7934
182.6918	0.316324	29.7883
182.7418	0.316543	29.7838
182.7997	0.316764	29.7783
182.8497	0.316975	29.7731
182.8997	0.317188	29.7681
182.9497	0.317419	29.7630
182.9919	0.317662	29.7586
183.0419	0.317907	29.7539
183.0919	0.318142	29.7491
183.1419	0.318367	29.7439
183.1997	0.318596	29.7381
183.2497	0.318842	29.7332
183.2997	0.319087	29.7280
183.3497	0.319316	29.7232
183.3917	0.319533	29.7187
183.4417	0.319738	29.7136
183.4917	0.319946	29.7089
183.5417	0.320173	29.7034
183.5993	0.320384	29.6982
183.6493	0.320504	29.6929
183.6993	0.320459	29.6881
183.7493	0.320538	29.6833
183.7913	0.320735	29.6786
183.8413	0.320938	29.6738
183.8913	0.321146	29.6688
183.9413	0.321363	29.6638
183.9991	0.321602	29.6581
184.0491	0.321854	29.6530
184.0991	0.322099	29.6482
184.1491	0.322340	29.6428
184.1913	0.322612	29.6387
184.2413	0.322906	29.6339
184.2913	0.323212	29.6284
184.3413	0.323524	29.6239
184.3994	0.323806	29.6178
184.4494	0.324082	29.6129
184.4994	0.324357	29.6079
184.5494	0.324641	29.6028
184.5912	0.324927	29.5988
184.6412	0.325217	29.5937
184.6912	0.325502	29.5886
184.7412	0.325784	29.5836
184.7992	0.326056	29.5776
184.8492	0.326313	29.5731
184.8992	0.326548	29.5684
184.9492	0.326796	29.5633
184.9910	0.327061	29.5589
185.0410	0.327327	29.5535
185.0910	0.327609	29.5491
185.1410	0.327894	29.5438
185.1857	0.328172	29.5392
185.2357	0.328454	29.5345
185.2857	0.328729	29.5293
185.3357	0.329009	29.5246
185.3909	0.329291	29.5191
185.4409	0.329561	29.5141
185.4909	0.329826	29.5092
185.5409	0.330108	29.5037
185.5825	0.330402	29.4993
185.6325	0.330690	29.4944
185.6825	0.330955	29.4896
185.7325	0.331204	29.4849
185.7904	0.331468	29.4786
185.8404	0.331736	29.4739
185.8904	0.332013	29.4688
185.9404	0.332279	29.4639
185.9825	0.332532	29.4600
186.0325	0.332786	29.4546
186.0825	0.333055	29.4498
186.1325	0.333321	29.4446
186.1903	0.333572	29.4388
186.2403	0.333829	29.4340
186.2903	0.334097	29.4287
186.3403	0.334363	29.4242
186.3822	0.334628	29.4197
186.4322	0.334873	29.4146
186.4822	0.335115	29.4100
186.5322	0.335346	29.4046
186.5901	0.335579	29.3989
186.6401	0.335840	29.3937
186.6901	0.336116	29.3888
186.7401	0.336383	29.3839
186.7821	0.336655	29.3796
186.8321	0.336927	29.3750
186.8821	0.337206	29.3697
186.9321	0.337488	29.3646
186.9899	0.337768	29.3591
187.0399	0.338023	29.3537
187.0899	0.338283	29.3492
187.1399	0.338558	29.3438
187.1822	0.338838	29.3395
187.2322	0.339122	29.3347
187.2822	0.339402	29.3295
187.3322	0.339671	29.3247
187.3901	0.339933	29.3187
187.4401	0.340204	29.3139
187.4901	0.340464	29.3090
187.5401	0.340573	29.3037
187.5817	0.341054	29.2999
187.6317	0.341613	29.2947
187.6817	0.341265	29.2896
187.7317	0.342067	29.2849
187.7899	0.341875	29.2788
187.8399	0.342077	29.2743
187.8899	0.342690	29.2690
187.9399	0.343042	29.2640
187.9815	0.342860	29.2599
188.0315	0.343229	29.2546
188.0815	0.344050	29.2498
188.1315	0.343733	29.2447
188.1894	0.343839	29.2390
188.2394	0.344704	29.2343
188.2894	0.344291	29.2295
188.3394	0.344437	29.2243
188.3814	0.345584	29.2197
188.4314	0.345560	29.2147
188.4814	0.345146	29.2100
188.5314	0.345515	29.2046
188.5733	0.346369	29.2007
188.6233	0.346127	29.1957
188.6733	0.346393	29.1907
188.7233	0.346967	29.1859
188.7812	0.346026	29.1800
188.8312	0.346890	29.1752
188.8812	0.348110	29.1700
188.9312	0.347698	29.1646
188.9734	0.347335	29.1602
189.0234	0.348371	29.1555
189.0734	0.348641	29.1504
189.1234	0.348061	29.1454
189.1811	0.349496	29.1400
189.2311	0.349113	29.1353
189.2811	0.348594	29.1298
189.3311	0.349695	29.1251
189.3732	0.350512	29.1208
