Time(s)	Force(lb)	Position(mm)
0.1372	0.032037	47.9997
0.1872	0.032033	47.9993
0.2372	0.032039	47.9986
0.3146	0.032037	47.9970
0.3646	0.032037	47.9958
0.4146	0.032033	47.9940
0.4646	0.032033	47.9920
0.5226	0.032031	47.9896
0.5726	0.032029	47.9873
0.6226	0.032023	47.9848
0.6726	0.032033	47.9816
0.7145	0.032033	47.9792
0.7645	0.032029	47.9758
0.8145	0.032031	47.9720
0.8645	0.032025	47.9683
0.9226	0.032016	47.9632
0.9726	0.032031	47.9589
1.0226	0.032037	47.9547
1.0726	0.032031	47.9499
1.1143	0.032033	47.9454
1.1643	0.032037	47.9407
1.2143	0.032033	47.9355
1.2643	0.032031	47.9306
1.3062	0.032029	47.9265
1.3562	0.032029	47.9213
1.4062	0.032033	47.9165
1.4562	0.032031	47.9111
1.5142	0.032031	47.9053
1.5642	0.032027	47.9006
1.6142	0.032023	47.8957
1.6642	0.032031	47.8904
1.7061	0.032033	47.8865
1.7561	0.032035	47.8814
1.8061	0.032037	47.8763
1.8561	0.032039	47.8714
1.9140	0.032035	47.8650
1.9640	0.032037	47.8605
2.0140	0.032031	47.8558
2.0640	0.032031	47.8507
2.1063	0.032031	47.8464
2.1563	0.032031	47.8417
2.2063	0.032035	47.8364
2.2563	0.032041	47.8311
2.3139	0.032037	47.8253
2.3639	0.032037	47.8203
2.4139	0.032043	47.8151
2.4639	0.032043	47.8104
2.5058	0.032041	47.8059
2.5558	0.032045	47.8008
2.6058	0.032041	47.7962
2.6558	0.032041	47.7915
2.7137	0.032043	47.7854
2.7637	0.032043	47.7806
2.8137	0.032045	47.7755
2.8637	0.032045	47.7704
2.9056	0.032049	47.7664
2.9556	0.032055	47.7616
3.0056	0.032053	47.7565
3.0556	0.032049	47.7515
3.1138	0.032043	47.7458
3.1638	0.032049	47.7407
3.2138	0.032053	47.7358
3.2638	0.032053	47.7303
3.3055	0.032049	47.7264
3.3555	0.032049	47.7216
3.4055	0.032053	47.7162
3.4555	0.032053	47.7117
3.5133	0.032057	47.7056
3.5633	0.032063	47.7008
3.6133	0.032061	47.6957
3.6633	0.032061	47.6904
3.7053	0.032057	47.6864
3.7553	0.032061	47.6812
3.8053	0.032063	47.6764
3.8553	0.032061	47.6715
3.9132	0.032061	47.6656
3.9632	0.032063	47.6608
4.0132	0.032053	47.6552
4.0632	0.032057	47.6505
4.1051	0.032065	47.6466
4.1551	0.032071	47.6417
4.2051	0.032069	47.6365
4.2551	0.032073	47.6317
4.3130	0.032077	47.6257
4.3630	0.032069	47.6203
4.4130	0.032067	47.6151
4.4630	0.032067	47.6104
4.5049	0.032071	47.6066
4.5549	0.032075	47.6013
4.6049	0.032075	47.5963
4.6549	0.032075	47.5915
4.6968	0.032081	47.5869
4.7468	0.032081	47.5821
4.7968	0.032079	47.5770
4.8468	0.032087	47.5720
4.9047	0.032087	47.5664
4.9547	0.032083	47.5612
5.0047	0.032087	47.5564
5.0547	0.032085	47.5517
5.0967	0.032083	47.5475
5.1467	0.032085	47.5424
5.1967	0.032094	47.5368
5.2467	0.032100	47.5322
5.3047	0.032094	47.5268
5.3547	0.032083	47.5216
5.4047	0.032083	47.5164
5.4547	0.032094	47.5117
5.4965	0.032100	47.5071
5.5465	0.032098	47.5023
5.5965	0.032096	47.4974
5.6465	0.032100	47.4920
5.7045	0.032102	47.4866
5.7545	0.032104	47.4819
5.8045	0.032104	47.4765
5.8545	0.032102	47.4717
5.8963	0.032102	47.4677
5.9463	0.032106	47.4623
5.9963	0.032104	47.4569
6.0463	0.032108	47.4520
6.1043	0.032124	47.4465
6.1543	0.032122	47.4415
6.2043	0.032122	47.4363
6.2543	0.032118	47.4316
6.2962	0.032118	47.4272
6.3462	0.032124	47.4223
6.3962	0.032120	47.4173
6.4462	0.032118	47.4120
6.5041	0.032124	47.4068
6.5541	0.032126	47.4013
6.6041	0.032134	47.3966
6.6541	0.032128	47.3916
6.6960	0.032128	47.3871
6.7460	0.032130	47.3826
6.7960	0.032134	47.3774
6.8460	0.032130	47.3723
6.9043	0.032132	47.3666
6.9543	0.032130	47.3616
7.0043	0.032136	47.3569
7.0543	0.032142	47.3517
7.0959	0.032134	47.3476
7.1459	0.032138	47.3426
7.1959	0.032134	47.3372
7.2459	0.032132	47.3326
7.3037	0.032144	47.3265
7.3537	0.032140	47.3217
7.4037	0.032140	47.3166
7.4537	0.032144	47.3113
7.4957	0.032148	47.3073
7.5457	0.032154	47.3021
7.5957	0.032150	47.2972
7.6457	0.032140	47.2922
7.6876	0.032144	47.2879
7.7376	0.032148	47.2830
7.7876	0.032148	47.2784
7.8376	0.032152	47.2735
7.8955	0.032152	47.2674
7.9455	0.032158	47.2626
7.9955	0.032166	47.2575
8.0455	0.032160	47.2527
8.0875	0.032158	47.2485
8.1375	0.032162	47.2434
8.1875	0.032164	47.2387
8.2375	0.032169	47.2332
8.2953	0.032162	47.2271
8.3453	0.032162	47.2222
8.3953	0.032166	47.2172
8.4453	0.032175	47.2120
8.4873	0.032171	47.2081
8.5373	0.032171	47.2034
8.5873	0.032169	47.1985
8.6373	0.032177	47.1934
8.6951	0.032173	47.1877
8.7451	0.032175	47.1823
8.7951	0.032173	47.1776
8.8451	0.032175	47.1723
8.8871	0.032185	47.1680
8.9371	0.032189	47.1635
8.9871	0.032179	47.1580
9.0371	0.032183	47.1533
9.0950	0.032191	47.1472
9.1450	0.032191	47.1422
9.1950	0.032197	47.1376
9.2450	0.032193	47.1329
9.2869	0.032191	47.1283
9.3369	0.032191	47.1230
9.3869	0.032197	47.1179
9.4369	0.032197	47.1131
9.4959	0.032199	47.1071
9.5459	0.032207	47.1022
9.5959	0.032209	47.0974
9.6459	0.032205	47.0923
9.6867	0.032201	47.0882
9.7367	0.032207	47.0835
9.7867	0.032205	47.0784
9.8367	0.032207	47.0735
9.8947	0.032207	47.0676
9.9447	0.032207	47.0625
9.9947	0.032213	47.0580
10.0447	0.032219	47.0525
10.0866	0.032211	47.0481
10.1366	0.032219	47.0431
10.1866	0.032221	47.0383
10.2366	0.032215	47.0330
10.2945	0.032213	47.0277
10.3445	0.032219	47.0224
10.3945	0.032227	47.0174
10.4445	0.032227	47.0126
10.4865	0.032231	47.0080
10.5365	0.032231	47.0033
10.5865	0.032231	46.9981
10.6365	0.032227	46.9930
10.6943	0.032227	46.9874
10.7443	0.032231	46.9823
10.7943	0.032229	46.9775
10.8443	0.032231	46.9723
10.8862	0.032233	46.9681
10.9362	0.032239	46.9633
10.9862	0.032241	46.9586
11.0362	0.032237	46.9535
11.0781	0.032241	46.9494
11.1281	0.032246	46.9445
11.1781	0.032248	46.9393
11.2281	0.032244	46.9346
11.2861	0.032244	46.9283
11.3361	0.032246	46.9230
11.3861	0.032246	46.9180
11.4361	0.032252	46.9133
11.4780	0.032254	46.9095
11.5280	0.032248	46.9042
11.5780	0.032248	46.8987
11.6280	0.032252	46.8935
11.6860	0.032256	46.8882
11.7360	0.032260	46.8835
11.7860	0.032262	46.8782
11.8360	0.032262	46.8734
11.8778	0.032264	46.8692
11.9278	0.032264	46.8640
11.9778	0.032256	46.8592
12.0278	0.032262	46.8543
12.0861	0.032266	46.8482
12.1361	0.032264	46.8432
12.1861	0.032264	46.8381
12.2361	0.032266	46.8329
12.2777	0.032268	46.8290
12.3277	0.032272	46.8245
12.3777	0.032270	46.8194
12.4277	0.032276	46.8141
12.4856	0.032280	46.8084
12.5356	0.032276	46.8031
12.5856	0.032272	46.7984
12.6356	0.032278	46.7932
12.6775	0.032286	46.7889
12.7275	0.032292	46.7842
12.7775	0.032292	46.7794
12.8275	0.032288	46.7743
12.8854	0.032294	46.7685
12.9354	0.032290	46.7634
12.9854	0.032274	46.7583
13.0354	0.032284	46.7535
13.0804	0.032296	46.7486
13.1304	0.032298	46.7438
13.1804	0.032294	46.7392
13.2304	0.032296	46.7343
13.2853	0.032300	46.7286
13.3353	0.032306	46.7239
13.3853	0.032306	46.7187
13.4353	0.032304	46.7134
13.4771	0.032302	46.7090
13.5271	0.032304	46.7042
13.5771	0.032310	46.6991
13.6271	0.032310	46.6943
13.6851	0.032310	46.6884
13.7351	0.032312	46.6834
13.7851	0.032316	46.6786
13.8351	0.032323	46.6738
13.8770	0.032323	46.6694
13.9270	0.032327	46.6644
13.9770	0.032327	46.6595
14.0270	0.032323	46.6543
14.0849	0.032321	46.6486
14.1349	0.032325	46.6433
14.1849	0.032323	46.6385
14.2349	0.032327	46.6335
14.2768	0.032327	46.6291
14.3268	0.032331	46.6245
14.3768	0.032333	46.6191
14.4268	0.032335	46.6142
14.4688	0.032335	46.6102
14.5188	0.032339	46.6047
14.5688	0.032335	46.5999
14.6188	0.032329	46.5952
14.6767	0.032333	46.5892
14.7267	0.032343	46.5842
14.7767	0.032349	46.5794
14.8267	0.032345	46.5739
14.8686	0.032349	46.5699
14.9186	0.032355	46.5652
14.9686	0.032353	46.5604
15.0186	0.032351	46.5549
15.0765	0.032357	46.5488
15.1265	0.032353	46.5441
15.1765	0.032355	46.5396
15.2265	0.032353	46.5346
15.2684	0.032351	46.5301
15.3184	0.032355	46.5254
15.3684	0.032359	46.5203
15.4184	0.032359	46.5154
15.4763	0.032361	46.5096
15.5263	0.032367	46.5044
15.5763	0.032365	46.4997
15.6263	0.032365	46.4941
15.6682	0.032371	46.4902
15.7182	0.032371	46.4852
15.7682	0.032369	46.4799
15.8182	0.032375	46.4754
15.8762	0.032373	46.4691
15.9262	0.032379	46.4643
15.9762	0.032377	46.4593
16.0262	0.032377	46.4542
16.0681	0.032383	46.4503
16.1181	0.032394	46.4452
16.1681	0.032385	46.4402
16.2181	0.032385	46.4351
16.2760	0.032385	46.4291
16.3260	0.032389	46.4246
16.3760	0.032396	46.4199
16.4260	0.032391	46.4148
16.4679	0.032396	46.4103
16.5179	0.032404	46.4051
16.5679	0.032406	46.4006
16.6179	0.032396	46.3952
16.6758	0.032402	46.3894
16.7258	0.032410	46.3844
16.7758	0.032414	46.3793
16.8258	0.032410	46.3743
16.8677	0.032406	46.3699
16.9177	0.032406	46.3651
16.9677	0.032404	46.3604
17.0177	0.032404	46.3555
17.0757	0.032410	46.3496
17.1257	0.032414	46.3449
17.1757	0.032416	46.3397
17.2257	0.032414	46.3343
17.2676	0.032422	46.3299
17.3176	0.032418	46.3251
17.3676	0.032420	46.3200
17.4176	0.032424	46.3152
17.4595	0.032428	46.3110
17.5095	0.032428	46.3058
17.5595	0.032428	46.3012
17.6095	0.032424	46.2958
17.6675	0.032424	46.2902
17.7175	0.032426	46.2852
17.7675	0.032430	46.2799
17.8175	0.032436	46.2754
17.8593	0.032438	46.2708
17.9093	0.032442	46.2659
17.9593	0.032440	46.2612
18.0093	0.032438	46.2563
18.0672	0.032440	46.2503
18.1172	0.032438	46.2448
18.1672	0.032442	46.2400
18.2172	0.032454	46.2354
18.2592	0.032448	46.2315
18.3092	0.032450	46.2259
18.3592	0.032456	46.2211
18.4092	0.032454	46.2159
18.4671	0.032452	46.2102
18.5171	0.032458	46.2053
18.5671	0.032456	46.2001
18.6171	0.032458	46.1953
18.6590	0.032456	46.1907
18.7090	0.032454	46.1857
18.7590	0.032466	46.1811
18.8090	0.032466	46.1763
18.8669	0.032469	46.1702
18.9169	0.032477	46.1654
18.9669	0.032477	46.1604
19.0169	0.032475	46.1554
19.0588	0.032479	46.1513
19.1088	0.032477	46.1458
19.1588	0.032479	46.1411
19.2088	0.032483	46.1360
19.2667	0.032479	46.1302
19.3167	0.032481	46.1254
19.3667	0.032489	46.1200
19.4167	0.032487	46.1152
19.4587	0.032479	46.1109
19.5087	0.032483	46.1059
19.5587	0.032493	46.1011
19.6087	0.032497	46.0957
19.6666	0.032497	46.0902
19.7166	0.032495	46.0848
19.7666	0.032493	46.0799
19.8166	0.032493	46.0753
19.8585	0.032503	46.0713
19.9085	0.032507	46.0662
19.9585	0.032503	46.0613
20.0085	0.032507	46.0564
20.0665	0.032505	46.0506
20.1165	0.032499	46.0459
20.1665	0.032509	46.0406
20.2165	0.032517	46.0354
20.2584	0.032515	46.0312
20.3084	0.032517	46.0265
20.3584	0.032515	46.0214
20.4084	0.032513	46.0159
20.4663	0.032525	46.0102
20.5163	0.032521	46.0053
20.5663	0.032517	46.0002
20.6163	0.032517	45.9954
20.6582	0.032523	45.9910
20.7082	0.032527	45.9861
20.7582	0.032523	45.9813
20.8082	0.032531	45.9764
20.8501	0.032533	45.9720
20.9001	0.032533	45.9671
20.9501	0.032531	45.9621
21.0001	0.032529	45.9569
21.0581	0.032539	45.9514
21.1081	0.032541	45.9458
21.1581	0.032550	45.9413
21.2081	0.032548	45.9362
21.2499	0.032548	45.9319
21.2999	0.032548	45.9275
21.3499	0.032548	45.9220
21.3999	0.032546	45.9172
21.4578	0.032548	45.9113
21.5078	0.032562	45.9061
21.5578	0.032566	45.9013
21.6078	0.032560	45.8961
21.6498	0.032558	45.8921
21.6998	0.032556	45.8871
21.7498	0.032562	45.8820
21.7998	0.032566	45.8772
21.8577	0.032566	45.8708
21.9077	0.032570	45.8662
21.9577	0.032568	45.8615
22.0077	0.032570	45.8565
22.0496	0.032574	45.8521
22.0996	0.032582	45.8474
22.1496	0.032580	45.8420
22.1996	0.032580	45.8372
22.2575	0.032584	45.8316
22.3075	0.032584	45.8263
22.3575	0.032588	45.8210
22.4075	0.032586	45.8161
22.4495	0.032588	45.8117
22.4995	0.032592	45.8065
22.5495	0.032586	45.8020
22.5995	0.032596	45.7973
22.6573	0.032604	45.7914
22.7073	0.032596	45.7865
22.7573	0.032602	45.7815
22.8073	0.032606	45.7763
22.8493	0.032604	45.7723
22.8993	0.032612	45.7668
22.9493	0.032616	45.7620
22.9993	0.032616	45.7572
23.0572	0.032612	45.7512
23.1072	0.032614	45.7466
23.1572	0.032619	45.7411
23.2072	0.032621	45.7362
23.2491	0.032619	45.7320
23.2991	0.032616	45.7268
23.3491	0.032625	45.7220
23.3991	0.032631	45.7169
23.4570	0.032631	45.7112
23.5070	0.032619	45.7060
23.5570	0.032623	45.7008
23.6070	0.032631	45.6963
23.6490	0.032639	45.6923
23.6990	0.032641	45.6872
23.7490	0.032639	45.6821
23.7990	0.032637	45.6773
23.8569	0.032645	45.6713
23.9069	0.032651	45.6666
23.9569	0.032647	45.6613
24.0069	0.032645	45.6565
24.0490	0.032647	45.6526
24.0990	0.032663	45.6471
24.1490	0.032661	45.6418
24.1990	0.032655	45.6369
24.2407	0.032659	45.6329
24.2907	0.032663	45.6281
24.3407	0.032661	45.6229
24.3907	0.032663	45.6181
24.4488	0.032667	45.6121
24.4988	0.032671	45.6071
24.5488	0.032669	45.6022
24.5988	0.032677	45.5968
24.6405	0.032679	45.5930
24.6905	0.032669	45.5879
24.7405	0.032663	45.5827
24.7905	0.032675	45.5782
24.8485	0.032679	45.5727
24.8985	0.032677	45.5674
24.9485	0.032677	45.5620
24.9985	0.032685	45.5569
25.0403	0.032687	45.5529
25.0903	0.032685	45.5485
25.1403	0.032687	45.5432
25.1903	0.032689	45.5379
25.2482	0.032691	45.5321
25.2982	0.032704	45.5274
25.3482	0.032700	45.5227
25.3982	0.032702	45.5174
25.4402	0.032706	45.5133
25.4902	0.032710	45.5082
25.5402	0.032710	45.5031
25.5902	0.032708	45.4983
25.6481	0.032716	45.4919
25.6981	0.032716	45.4873
25.7481	0.032722	45.4821
25.7981	0.032718	45.4770
25.8400	0.032720	45.4731
25.8900	0.032728	45.4683
25.9400	0.032728	45.4632
25.9900	0.032726	45.4583
26.0482	0.032728	45.4526
26.0982	0.032736	45.4472
26.1482	0.032734	45.4419
26.1982	0.032732	45.4372
26.2398	0.032732	45.4331
26.2898	0.032736	45.4281
26.3398	0.032744	45.4234
26.3898	0.032738	45.4179
26.4477	0.032740	45.4124
26.4977	0.032738	45.4072
26.5477	0.032734	45.4022
26.5977	0.032746	45.3975
26.6397	0.032754	45.3930
26.6897	0.032750	45.3880
26.7397	0.032750	45.3830
26.7897	0.032750	45.3779
26.8476	0.032756	45.3723
26.8976	0.032760	45.3670
26.9476	0.032764	45.3623
26.9976	0.032771	45.3570
27.0395	0.032777	45.3527
27.0895	0.032777	45.3482
27.1395	0.032766	45.3434
27.1895	0.032773	45.3383
27.2475	0.032783	45.3326
27.2975	0.032779	45.3275
27.3475	0.032777	45.3224
27.3975	0.032773	45.3176
27.4394	0.032777	45.3130
27.4894	0.032783	45.3081
27.5394	0.032789	45.3031
27.5894	0.032791	45.2978
27.6313	0.032797	45.2940
27.6813	0.032795	45.2887
27.7313	0.032805	45.2835
27.7813	0.032809	45.2788
27.8392	0.032809	45.2734
27.8892	0.032803	45.2680
27.9392	0.032801	45.2636
27.9892	0.032807	45.2585
28.0314	0.032805	45.2539
28.0814	0.032811	45.2485
28.1314	0.032817	45.2441
28.1814	0.032823	45.2388
28.2390	0.032819	45.2332
28.2890	0.032823	45.2281
28.3390	0.032825	45.2228
28.3890	0.032825	45.2184
28.4309	0.032829	45.2139
28.4809	0.032823	45.2089
28.5309	0.032823	45.2042
28.5809	0.032833	45.1990
28.6391	0.032841	45.1938
28.6891	0.032844	45.1876
28.7391	0.032852	45.1824
28.7891	0.032850	45.1779
28.8308	0.032844	45.1740
28.8808	0.032844	45.1687
28.9308	0.032854	45.1639
28.9808	0.032854	45.1589
29.0389	0.032854	45.1531
29.0889	0.032860	45.1483
29.1389	0.032862	45.1427
29.1889	0.032866	45.1381
29.2306	0.032872	45.1339
29.2806	0.032870	45.1287
29.3306	0.032868	45.1241
29.3806	0.032864	45.1186
29.4385	0.032872	45.1129
29.4885	0.032880	45.1082
29.5385	0.032878	45.1033
29.5885	0.032882	45.0979
29.6308	0.032886	45.0935
29.6808	0.032888	45.0888
29.7308	0.032892	45.0837
29.7808	0.032886	45.0785
29.8384	0.032886	45.0732
29.8884	0.032898	45.0684
29.9384	0.032900	45.0630
29.9884	0.032898	45.0581
30.0303	0.032902	45.0538
30.0803	0.032904	45.0486
30.1303	0.032904	45.0438
30.1803	0.032908	45.0391
30.2382	0.032914	45.0331
30.2882	0.032910	45.0282
30.3382	0.032912	45.0233
30.3882	0.032921	45.0182
30.4301	0.032925	45.0142
30.4801	0.032921	45.0089
30.5301	0.032929	45.0039
30.5801	0.032929	44.9992
30.6223	0.032931	44.9946
30.6723	0.032933	44.9900
30.7223	0.032935	44.9849
30.7723	0.032937	44.9797
30.8299	0.032941	44.9743
30.8799	0.032949	44.9688
30.9299	0.032949	44.9640
30.9799	0.032949	44.9590
31.0219	0.032941	44.9547
31.0719	0.032943	44.9499
31.1219	0.032959	44.9446
31.1719	0.032967	44.9398
31.2298	0.032961	44.9342
31.2798	0.032967	44.9291
31.3298	0.032967	44.9240
31.3798	0.032969	44.9192
31.4217	0.032969	44.9148
31.4717	0.032973	44.9099
31.5217	0.032971	44.9048
31.5717	0.032975	44.8995
31.6296	0.032981	44.8942
31.6796	0.032987	44.8895
31.7296	0.032989	44.8843
31.7796	0.032989	44.8794
31.8215	0.032994	44.8752
31.8715	0.032994	44.8698
31.9215	0.032994	44.8650
31.9715	0.032994	44.8603
32.0295	0.032989	44.8544
32.0795	0.033000	44.8493
32.1295	0.033006	44.8444
32.1795	0.033008	44.8391
32.2214	0.033012	44.8353
32.2714	0.033016	44.8302
32.3214	0.033016	44.8248
32.3714	0.033016	44.8196
32.4293	0.033030	44.8141
32.4793	0.033032	44.8088
32.5293	0.033022	44.8039
32.5793	0.033020	44.7988
32.6212	0.033034	44.7943
32.6712	0.033036	44.7897
32.7212	0.033038	44.7850
32.7712	0.033046	44.7800
32.8295	0.033046	44.7742
32.8795	0.033040	44.7693
32.9295	0.033044	44.7640
32.9795	0.033048	44.7593
33.0210	0.033054	44.7548
33.0710	0.033056	44.7497
33.1210	0.033058	44.7451
33.1710	0.033058	44.7403
33.2290	0.033062	44.7343
33.2790	0.033071	44.7294
33.3290	0.033073	44.7242
33.3790	0.033075	44.7191
33.4209	0.033077	44.7154
33.4709	0.033081	44.7099
33.5209	0.033075	44.7052
33.5709	0.033079	44.7001
33.6288	0.033085	44.6942
33.6788	0.033089	44.6894
33.7288	0.033093	44.6840
33.7788	0.033095	44.6791
33.8207	0.033089	44.6749
33.8707	0.033093	44.6699
33.9207	0.033099	44.6652
33.9707	0.033105	44.6599
34.0126	0.033107	44.6558
34.0626	0.033107	44.6508
34.1126	0.033113	44.6454
34.1626	0.033117	44.6409
34.2205	0.033119	44.6354
34.2705	0.033115	44.6301
34.3205	0.033117	44.6252
34.3705	0.033129	44.6203
34.4125	0.033129	44.6157
34.4625	0.033129	44.6105
34.5125	0.033129	44.6053
34.5625	0.033135	44.6006
34.6203	0.033139	44.5952
34.6703	0.033135	44.5903
34.7203	0.033135	44.5851
34.7703	0.033141	44.5804
34.8123	0.033146	44.5757
34.8623	0.033152	44.5708
34.9123	0.033156	44.5660
34.9623	0.033154	44.5605
35.0202	0.033154	44.5553
35.0702	0.033154	44.5498
35.1202	0.033168	44.5450
35.1702	0.033178	44.5401
35.2121	0.033176	44.5356
35.2621	0.033182	44.5309
35.3121	0.033184	44.5257
35.3621	0.033178	44.5208
35.4200	0.033180	44.5151
35.4700	0.033180	44.5100
35.5200	0.033178	44.5051
35.5700	0.033184	44.5005
35.6120	0.033190	44.4963
35.6620	0.033192	44.4909
35.7120	0.033198	44.4856
35.7620	0.033202	44.4811
35.8199	0.033204	44.4748
35.8699	0.033206	44.4698
35.9199	0.033208	44.4652
35.9699	0.033200	44.4604
36.0118	0.033206	44.4557
36.0618	0.033216	44.4512
36.1118	0.033214	44.4460
36.1618	0.033221	44.4409
36.2197	0.033227	44.4353
36.2697	0.033225	44.4298
36.3197	0.033227	44.4250
36.3697	0.033231	44.4198
36.4118	0.033231	44.4157
36.4618	0.033239	44.4109
36.5118	0.033251	44.4057
36.5618	0.033251	44.4010
36.6196	0.033251	44.3954
36.6696	0.033245	44.3903
36.7196	0.033247	44.3854
36.7696	0.033253	44.3806
36.8115	0.033261	44.3762
36.8615	0.033265	44.3707
36.9115	0.033265	44.3656
36.9615	0.033265	44.3609
37.0194	0.033273	44.3554
37.0694	0.033283	44.3500
37.1194	0.033283	44.3449
37.1694	0.033283	44.3400
37.2115	0.033279	44.3358
37.2615	0.033279	44.3304
37.3115	0.033285	44.3259
37.3615	0.033291	44.3212
37.4033	0.033291	44.3171
37.4533	0.033300	44.3119
37.5033	0.033304	44.3073
37.5533	0.033304	44.3021
37.6112	0.033314	44.2958
37.6612	0.033316	44.2907
37.7112	0.033306	44.2858
37.7612	0.033314	44.2805
37.8031	0.033322	44.2765
37.8531	0.033318	44.2719
37.9031	0.033320	44.2669
37.9531	0.033322	44.2615
38.0110	0.033324	44.2559
38.0610	0.033328	44.2505
38.1110	0.033334	44.2457
38.1610	0.033334	44.2411
38.2030	0.033338	44.2370
38.2530	0.033340	44.2316
38.3030	0.033346	44.2271
38.3530	0.033362	44.2218
38.4108	0.033362	44.2159
38.4608	0.033360	44.2110
38.5108	0.033358	44.2059
38.5608	0.033362	44.2012
38.6027	0.033364	44.1967
38.6527	0.033366	44.1917
38.7027	0.033375	44.1869
38.7527	0.033371	44.1820
38.8106	0.033371	44.1759
38.8606	0.033375	44.1712
38.9106	0.033375	44.1661
38.9606	0.033385	44.1611
39.0026	0.033393	44.1570
39.0526	0.033397	44.1515
39.1026	0.033399	44.1468
39.1526	0.033399	44.1421
39.2105	0.033397	44.1363
39.2605	0.033405	44.1313
39.3105	0.033413	44.1265
39.3605	0.033417	44.1212
39.4024	0.033419	44.1172
39.4524	0.033423	44.1120
39.5024	0.033431	44.1068
39.5524	0.033429	44.1022
39.6103	0.033427	44.0958
39.6603	0.033431	44.0912
39.7103	0.033433	44.0859
39.7603	0.033439	44.0808
39.8022	0.033450	44.0768
39.8522	0.033450	44.0723
39.9022	0.033454	44.0668
39.9522	0.033460	44.0619
40.0102	0.033460	44.0560
40.0602	0.033458	44.0509
40.1102	0.033468	44.0463
40.1602	0.033474	44.0409
40.2021	0.033474	44.0367
40.2521	0.033476	44.0317
40.3021	0.033484	44.0265
40.3521	0.033492	44.0218
40.3940	0.033496	44.0174
40.4440	0.033488	44.0125
40.4940	0.033494	44.0078
40.5440	0.033504	44.0029
40.6020	0.033502	43.9968
40.6520	0.033504	43.9921
40.7020	0.033508	43.9871
40.7520	0.033510	43.9821
40.7938	0.033516	43.9781
40.8438	0.033519	43.9727
40.8938	0.033516	43.9674
40.9438	0.033525	43.9625
41.0017	0.033535	43.9568
41.0517	0.033541	43.9518
41.1017	0.033533	43.9476
41.1517	0.033535	43.9430
41.1937	0.033541	43.9387
41.2437	0.033545	43.9326
41.2937	0.033551	43.9278
41.3437	0.033559	43.9225
41.4015	0.033561	43.9167
41.4515	0.033569	43.9120
41.5015	0.033571	43.9071
41.5515	0.033569	43.9018
41.5935	0.033571	43.8978
41.6435	0.033581	43.8926
41.6935	0.033585	43.8874
41.7435	0.033585	43.8827
41.8013	0.033591	43.8773
41.8513	0.033596	43.8718
41.9013	0.033594	43.8669
41.9513	0.033591	43.8617
41.9933	0.033602	43.8575
42.0433	0.033608	43.8527
42.0933	0.033620	43.8475
42.1433	0.033626	43.8426
42.2015	0.033626	43.8370
42.2515	0.033632	43.8320
42.3015	0.033644	43.8268
42.3515	0.033646	43.8220
42.3932	0.033650	43.8176
42.4432	0.033650	43.8126
42.4932	0.033650	43.8078
42.5432	0.033650	43.8030
42.6010	0.033656	43.7968
42.6510	0.033656	43.7921
42.7010	0.033658	43.7869
42.7510	0.033662	43.7820
42.7930	0.033666	43.7780
42.8430	0.033675	43.7728
42.8930	0.033679	43.7680
42.9430	0.033689	43.7628
43.0009	0.033697	43.7571
43.0509	0.033695	43.7523
43.1009	0.033693	43.7468
43.1509	0.033699	43.7415
43.1928	0.033701	43.7374
43.2428	0.033703	43.7326
43.2928	0.033713	43.7277
43.3428	0.033725	43.7225
43.4007	0.033727	43.7170
43.4507	0.033721	43.7118
43.5007	0.033729	43.7069
43.5507	0.033737	43.7019
43.5933	0.033744	43.6973
43.6433	0.033746	43.6928
43.6933	0.033746	43.6882
43.7433	0.033750	43.6833
43.7852	0.033756	43.6789
43.8352	0.033762	43.6735
43.8852	0.033758	43.6688
43.9352	0.033766	43.6638
43.9925	0.033772	43.6579
44.0425	0.033776	43.6530
44.0925	0.033782	43.6478
44.1425	0.033782	43.6431
44.1845	0.033784	43.6388
44.2345	0.033784	43.6337
44.2845	0.033792	43.6290
44.3345	0.033792	43.6235
44.3923	0.033796	43.6181
44.4423	0.033802	43.6130
44.4923	0.033810	43.6080
44.5423	0.033814	43.6033
44.5843	0.033821	43.5987
44.6343	0.033833	43.5939
44.6843	0.033831	43.5889
44.7343	0.033831	43.5839
44.7922	0.033835	43.5784
44.8422	0.033833	43.5732
44.8922	0.033839	43.5677
44.9422	0.033843	43.5627
44.9841	0.033843	43.5586
45.0341	0.033851	43.5533
45.0841	0.033859	43.5485
45.1341	0.033861	43.5440
45.1920	0.033863	43.5379
45.2420	0.033879	43.5329
45.2920	0.033883	43.5282
45.3420	0.033885	43.5227
45.3839	0.033898	43.5187
45.4339	0.033902	43.5137
45.4839	0.033902	43.5087
45.5339	0.033916	43.5039
45.5918	0.033922	43.4977
45.6418	0.033918	43.4929
45.6918	0.033924	43.4882
45.7418	0.033934	43.4830
45.7838	0.033946	43.4787
45.8338	0.033956	43.4738
45.8838	0.033960	43.4686
45.9338	0.033964	43.4638
45.9917	0.033966	43.4577
46.0417	0.033966	43.4526
46.0917	0.033979	43.4480
46.1417	0.033989	43.4432
46.1837	0.033991	43.4388
46.2337	0.033997	43.4339
46.2837	0.034003	43.4289
46.3337	0.034003	43.4238
46.3915	0.034009	43.4184
46.4415	0.034011	43.4130
46.4915	0.034009	43.4082
46.5415	0.034025	43.4032
46.5835	0.034035	43.3987
46.6335	0.034033	43.3941
46.6835	0.034041	43.3888
46.7335	0.034048	43.3837
46.7994	0.034048	43.3771
46.8494	0.034048	43.3721
46.8994	0.034052	43.3672
46.9494	0.034062	43.3620
46.9833	0.034064	43.3588
47.0333	0.034074	43.3537
47.0833	0.034082	43.3484
47.1333	0.034088	43.3439
47.1752	0.034092	43.3395
47.2252	0.034098	43.3345
47.2752	0.034104	43.3297
47.3252	0.034108	43.3242
47.3831	0.034114	43.3189
47.4331	0.034123	43.3142
47.4831	0.034127	43.3090
47.5331	0.034131	43.3036
47.5782	0.034137	43.2988
47.6282	0.034145	43.2940
47.6782	0.034157	43.2895
47.7282	0.034155	43.2844
47.7829	0.034159	43.2787
47.8329	0.034167	43.2739
47.8829	0.034177	43.2686
47.9329	0.034171	43.2638
47.9752	0.034173	43.2594
48.0252	0.034183	43.2544
48.0752	0.034189	43.2495
48.1252	0.034196	43.2441
48.1828	0.034204	43.2389
48.2328	0.034214	43.2343
48.2828	0.034214	43.2292
48.3328	0.034220	43.2240
48.3747	0.034228	43.2200
48.4247	0.034234	43.2148
48.4747	0.034244	43.2098
48.5247	0.034246	43.2047
48.5826	0.034256	43.1987
48.6326	0.034269	43.1941
48.6826	0.034269	43.1887
48.7326	0.034275	43.1840
48.7745	0.034283	43.1799
48.8245	0.034285	43.1746
48.8745	0.034289	43.1697
48.9245	0.034299	43.1645
48.9828	0.034305	43.1588
49.0328	0.034319	43.1537
49.0828	0.034327	43.1488
49.1328	0.034329	43.1440
49.1744	0.034341	43.1393
49.2244	0.034339	43.1346
49.2744	0.034333	43.1300
49.3244	0.034339	43.1252
49.3823	0.034360	43.1192
49.4323	0.034366	43.1138
49.4823	0.034382	43.1092
49.5323	0.034392	43.1041
49.5742	0.034390	43.0997
49.6242	0.034398	43.0949
49.6742	0.034402	43.0898
49.7242	0.034408	43.0849
49.7821	0.034419	43.0792
49.8321	0.034427	43.0739
49.8821	0.034431	43.0685
49.9321	0.034443	43.0637
49.9740	0.034449	43.0599
50.0240	0.034453	43.0549
50.0740	0.034459	43.0496
50.1240	0.034461	43.0451
50.1820	0.034471	43.0387
50.2320	0.034479	43.0339
50.2820	0.034477	43.0288
50.3320	0.034483	43.0237
50.3739	0.034496	43.0197
50.4239	0.034502	43.0151
50.4739	0.034512	43.0098
50.5239	0.034524	43.0049
50.5662	0.034528	43.0010
50.6162	0.034532	42.9955
50.6662	0.034544	42.9907
50.7162	0.034554	42.9856
50.7737	0.034558	42.9798
50.8237	0.034564	42.9749
50.8737	0.034577	42.9697
50.9237	0.034577	42.9649
50.9656	0.034585	42.9609
51.0156	0.034585	42.9559
51.0656	0.034566	42.9508
51.1156	0.034562	42.9460
51.1739	0.034575	42.9400
51.2239	0.034585	42.9352
51.2739	0.034585	42.9300
51.3239	0.034591	42.9247
51.3654	0.034603	42.9204
51.4154	0.034609	42.9157
51.4654	0.034619	42.9107
51.5154	0.034623	42.9057
51.5733	0.034625	42.8999
51.6233	0.034639	42.8946
51.6733	0.034652	42.8900
51.7233	0.034658	42.8846
51.7653	0.034670	42.8805
51.8153	0.034682	42.8758
51.8653	0.034688	42.8703
51.9153	0.034690	42.8658
51.9732	0.034692	42.8596
52.0232	0.034708	42.8546
52.0732	0.034712	42.8497
52.1232	0.034723	42.8446
52.1652	0.034725	42.8407
52.2152	0.034733	42.8355
52.2652	0.034747	42.8305
52.3152	0.034749	42.8257
52.3730	0.034753	42.8201
52.4230	0.034767	42.8149
52.4730	0.034779	42.8102
52.5230	0.034783	42.8050
52.5650	0.034787	42.8008
52.6150	0.034800	42.7960
52.6650	0.034808	42.7905
52.7150	0.034820	42.7859
52.7728	0.034834	42.7800
52.8228	0.034838	42.7749
52.8728	0.034836	42.7701
52.9228	0.034844	42.7646
52.9648	0.034854	42.7608
53.0148	0.034858	42.7557
53.0648	0.034858	42.7505
53.1148	0.034866	42.7456
53.1727	0.034881	42.7396
53.2227	0.034895	42.7348
53.2727	0.034899	42.7296
53.3227	0.034903	42.7247
53.3647	0.034915	42.7207
53.4147	0.034923	42.7159
53.4647	0.034931	42.7108
53.5147	0.034937	42.7059
53.5565	0.034943	42.7018
53.6065	0.034954	42.6966
53.6565	0.034966	42.6918
53.7065	0.034974	42.6864
53.7644	0.034974	42.6808
53.8144	0.034978	42.6759
53.8644	0.034992	42.6706
53.9144	0.035000	42.6661
53.9563	0.035006	42.6615
54.0063	0.035016	42.6566
54.0563	0.035029	42.6516
54.1063	0.035037	42.6462
54.1642	0.035039	42.6406
54.2142	0.035051	42.6360
54.2642	0.035057	42.6308
54.3142	0.035063	42.6255
54.3561	0.035067	42.6212
54.4061	0.035075	42.6165
54.4561	0.035079	42.6118
54.5061	0.035087	42.6067
54.5641	0.035102	42.6010
54.6141	0.035108	42.5961
54.6641	0.035116	42.5907
54.7141	0.035118	42.5860
54.7561	0.035130	42.5814
54.8061	0.035142	42.5764
54.8561	0.035144	42.5718
54.9061	0.035146	42.5664
54.9639	0.035154	42.5611
55.0139	0.035158	42.5557
55.0639	0.035171	42.5508
55.1139	0.035187	42.5459
55.1558	0.035191	42.5413
55.2058	0.035199	42.5366
55.2558	0.035211	42.5315
55.3058	0.035215	42.5265
55.3638	0.035225	42.5209
55.4138	0.035229	42.5158
55.4638	0.035237	42.5110
55.5138	0.035248	42.5056
55.5557	0.035258	42.5015
55.6057	0.035266	42.4967
55.6557	0.035272	42.4913
55.7057	0.035282	42.4868
55.7636	0.035302	42.4807
55.8136	0.035304	42.4757
55.8636	0.035302	42.4707
55.9136	0.035310	42.4656
55.9555	0.035323	42.4616
56.0055	0.035327	42.4564
56.0555	0.035333	42.4515
56.1055	0.035343	42.4465
56.1634	0.035351	42.4403
56.2134	0.035359	42.4359
56.2634	0.035365	42.4312
56.3134	0.035377	42.4261
56.3554	0.035389	42.4218
56.4054	0.035396	42.4171
56.4554	0.035400	42.4119
56.5054	0.035410	42.4064
56.5633	0.035420	42.4006
56.6133	0.035434	42.3956
56.6633	0.035436	42.3905
56.7133	0.035444	42.3857
56.7552	0.035450	42.3819
56.8052	0.035471	42.3768
56.8552	0.035481	42.3717
56.9052	0.035485	42.3670
56.9471	0.035497	42.3624
56.9971	0.035509	42.3574
57.0471	0.035509	42.3524
57.0971	0.035511	42.3472
57.1550	0.035527	42.3415
57.2050	0.035541	42.3360
57.2550	0.035550	42.3314
57.3050	0.035556	42.3268
57.3472	0.035568	42.3226
57.3972	0.035578	42.3175
57.4472	0.035586	42.3128
57.4972	0.035598	42.3076
57.5549	0.035610	42.3019
57.6049	0.035610	42.2969
57.6549	0.035625	42.2917
57.7049	0.035643	42.2872
57.7468	0.035653	42.2827
57.7968	0.035657	42.2774
57.8468	0.035665	42.2723
57.8968	0.035681	42.2676
57.9547	0.035691	42.2621
58.0047	0.035700	42.2568
58.0547	0.035706	42.2519
58.1047	0.035712	42.2469
58.1466	0.035724	42.2426
58.1966	0.035696	42.2379
58.2466	0.035468	42.2326
58.2966	0.035300	42.2272
58.3545	0.035306	42.2213
58.4045	0.035327	42.2166
58.4545	0.035343	42.2121
58.5045	0.035353	42.2067
58.5467	0.035357	42.2026
58.5967	0.035369	42.1978
58.6467	0.035387	42.1924
58.6967	0.035391	42.1877
58.7545	0.035398	42.1816
58.8045	0.035412	42.1768
58.8545	0.035418	42.1718
58.9045	0.035430	42.1668
58.9463	0.035442	42.1628
58.9963	0.035450	42.1574
59.0463	0.035458	42.1525
59.0963	0.035473	42.1476
59.1542	0.035477	42.1416
59.2042	0.035477	42.1370
59.2542	0.035483	42.1315
59.3042	0.035495	42.1267
59.3461	0.035507	42.1225
59.3961	0.035521	42.1174
59.4461	0.035527	42.1127
59.4961	0.035533	42.1075
59.5541	0.035552	42.1019
59.6041	0.035556	42.0968
59.6541	0.035568	42.0916
59.7041	0.035570	42.0871
59.7460	0.035572	42.0825
59.7960	0.035592	42.0777
59.8460	0.035602	42.0728
59.8960	0.035608	42.0675
59.9539	0.035618	42.0622
60.0039	0.035633	42.0567
60.0539	0.035643	42.0519
60.1039	0.035649	42.0468
60.1458	0.035663	42.0425
60.1958	0.035673	42.0377
60.2458	0.035679	42.0326
60.2958	0.035689	42.0277
60.3381	0.035698	42.0237
60.3881	0.035706	42.0189
60.4381	0.035716	42.0137
60.4881	0.035726	42.0083
60.5457	0.035732	42.0028
60.5957	0.035746	41.9979
60.6457	0.035756	41.9926
60.6957	0.035768	41.9879
60.7376	0.035779	41.9835
60.7876	0.035781	41.9784
60.8376	0.035789	41.9735
60.8876	0.035801	41.9684
60.9455	0.035817	41.9629
60.9955	0.035827	41.9574
61.0455	0.035837	41.9526
61.0955	0.035843	41.9477
61.1374	0.035852	41.9432
61.1874	0.035872	41.9386
61.2374	0.035886	41.9338
61.2874	0.035888	41.9288
61.3453	0.035892	41.9230
61.3953	0.035902	41.9180
61.4453	0.035912	41.9126
61.4953	0.035923	41.9075
61.5373	0.035927	41.9035
61.5873	0.035941	41.8986
61.6373	0.035953	41.8935
61.6873	0.035961	41.8888
61.7452	0.035969	41.8826
61.7952	0.035985	41.8779
61.8452	0.036006	41.8729
61.8952	0.036010	41.8676
61.9371	0.036018	41.8640
61.9871	0.036026	41.8585
62.0371	0.036038	41.8533
62.0871	0.036046	41.8483
62.1450	0.036052	41.8425
62.1950	0.036056	41.8378
62.2450	0.036079	41.8326
62.2950	0.036091	41.8278
62.3371	0.036091	41.8236
62.3871	0.036068	41.8183
62.4371	0.036046	41.8137
62.4871	0.036054	41.8083
62.5448	0.036062	41.8027
62.5948	0.036079	41.7981
62.6448	0.036099	41.7931
62.6948	0.036109	41.7879
62.7371	0.036119	41.7833
62.7871	0.036133	41.7784
62.8371	0.036141	41.7735
62.8871	0.036160	41.7683
62.9447	0.036174	41.7629
62.9947	0.036174	41.7577
63.0447	0.036186	41.7528
63.0947	0.036200	41.7480
63.1366	0.036204	41.7440
63.1866	0.036218	41.7388
63.2366	0.036231	41.7333
63.2866	0.036239	41.7286
63.3285	0.036251	41.7246
63.3785	0.036267	41.7190
63.4285	0.036285	41.7142
63.4785	0.036289	41.7096
63.5364	0.036302	41.7037
63.5864	0.036310	41.6986
63.6364	0.036326	41.6939
63.6864	0.036340	41.6885
63.7284	0.036344	41.6839
63.7784	0.036358	41.6790
63.8284	0.036371	41.6745
63.8784	0.036381	41.6697
63.9362	0.036393	41.6636
63.9862	0.036403	41.6589
64.0362	0.036415	41.6536
64.0862	0.036431	41.6487
64.1282	0.036446	41.6446
64.1782	0.036452	41.6391
64.2282	0.036462	41.6345
64.2782	0.036478	41.6293
64.3361	0.036488	41.6235
64.3861	0.036498	41.6189
64.4361	0.036516	41.6141
64.4861	0.036531	41.6086
64.5280	0.036539	41.6047
64.5780	0.036553	41.5998
64.6280	0.036567	41.5943
64.6780	0.036577	41.5892
64.7359	0.036591	41.5836
64.7859	0.036606	41.5782
64.8359	0.036620	41.5733
64.8859	0.036636	41.5687
64.9282	0.036650	41.5648
64.9782	0.036668	41.5595
65.0282	0.036671	41.5547
65.0782	0.036689	41.5497
65.1358	0.036707	41.5439
65.1858	0.036721	41.5391
65.2358	0.036731	41.5336
65.2858	0.036746	41.5289
65.3276	0.036770	41.5247
65.3776	0.036784	41.5194
65.4276	0.036800	41.5142
65.4776	0.036814	41.5094
65.5356	0.036833	41.5039
65.5856	0.036853	41.4989
65.6356	0.036863	41.4939
65.6856	0.036867	41.4892
65.7275	0.036883	41.4847
65.7775	0.036906	41.4799
65.8275	0.036920	41.4748
65.8775	0.036942	41.4694
65.9354	0.036956	41.4634
65.9854	0.036971	41.4587
66.0354	0.036989	41.4535
66.0854	0.036999	41.4487
66.1273	0.037007	41.4445
66.1773	0.037025	41.4390
66.2273	0.037046	41.4345
66.2773	0.037066	41.4293
66.3353	0.037080	41.4236
66.3853	0.037092	41.4187
66.4353	0.037112	41.4134
66.4853	0.037129	41.4088
66.5271	0.037145	41.4048
66.5771	0.037153	41.3995
66.6271	0.037167	41.3943
66.6771	0.037183	41.3897
66.7190	0.037204	41.3857
66.7690	0.037224	41.3807
66.8190	0.037232	41.3755
66.8690	0.037244	41.3702
66.9270	0.037273	41.3645
66.9770	0.037295	41.3593
67.0270	0.037307	41.3545
67.0770	0.037329	41.3494
67.1189	0.037341	41.3451
67.1689	0.037348	41.3404
67.2189	0.037366	41.3349
67.2689	0.037382	41.3302
67.3268	0.037402	41.3249
67.3768	0.037425	41.3200
67.4268	0.037439	41.3148
67.4768	0.037455	41.3091
67.5187	0.037471	41.3053
67.5687	0.037483	41.3007
67.6187	0.037510	41.2957
67.6687	0.037534	41.2903
67.7273	0.037552	41.2850
67.7773	0.037562	41.2797
67.8273	0.037581	41.2745
67.8773	0.037595	41.2695
67.9186	0.037611	41.2657
67.9686	0.037625	41.2602
68.0186	0.037643	41.2554
68.0686	0.037654	41.2504
68.1265	0.037670	41.2445
68.1765	0.037686	41.2398
68.2265	0.037704	41.2343
68.2765	0.037714	41.2295
68.3184	0.037733	41.2252
68.3684	0.037751	41.2201
68.4184	0.037650	41.2154
68.4684	0.037427	41.2102
68.5266	0.037402	41.2045
68.5766	0.037433	41.1993
68.6266	0.037449	41.1943
68.6766	0.037463	41.1896
68.7183	0.037483	41.1857
68.7683	0.037493	41.1806
68.8183	0.037510	41.1756
68.8683	0.037524	41.1707
68.9261	0.037538	41.1648
68.9761	0.037558	41.1600
69.0261	0.037571	41.1548
69.0761	0.037587	41.1494
69.1183	0.037609	41.1451
69.1683	0.037625	41.1403
69.2183	0.037641	41.1358
69.2683	0.037658	41.1306
69.3260	0.037668	41.1250
69.3760	0.037682	41.1201
69.4260	0.037698	41.1150
69.4760	0.037714	41.1094
69.5179	0.037739	41.1056
69.5679	0.037755	41.1006
69.6179	0.037763	41.0953
69.6679	0.037777	41.0904
69.7258	0.037800	41.0843
69.7758	0.037824	41.0797
69.8258	0.037840	41.0745
69.8758	0.037848	41.0695
69.9178	0.037860	41.0654
69.9678	0.037885	41.0600
70.0178	0.037911	41.0554
70.0678	0.037929	41.0507
70.1097	0.037948	41.0466
70.1597	0.037964	41.0414
70.2097	0.037992	41.0367
70.2597	0.038018	41.0316
70.3176	0.038039	41.0258
70.3676	0.038059	41.0207
70.4176	0.038075	41.0154
70.4676	0.038100	41.0109
70.5097	0.038122	41.0064
70.5597	0.038142	41.0013
70.6097	0.038162	40.9966
70.6597	0.038183	40.9912
70.7174	0.038203	40.9857
70.7674	0.038229	40.9804
70.8174	0.038256	40.9755
70.8674	0.038276	40.9706
70.9094	0.038292	40.9663
70.9594	0.038306	40.9617
71.0094	0.038333	40.9564
71.0594	0.038359	40.9514
71.1173	0.038377	40.9458
71.1673	0.038396	40.9403
71.2173	0.038418	40.9358
71.2673	0.038444	40.9304
71.3092	0.038462	40.9263
71.3592	0.038481	40.9215
71.4092	0.038505	40.9161
71.4592	0.038529	40.9113
71.5172	0.038552	40.9054
71.5672	0.038576	40.9006
71.6172	0.038596	40.8957
71.6672	0.038618	40.8906
71.7091	0.038649	40.8866
71.7591	0.038673	40.8812
71.8091	0.038696	40.8763
71.8591	0.038716	40.8715
71.9169	0.038736	40.8653
71.9669	0.038758	40.8607
72.0169	0.038787	40.8559
72.0669	0.038809	40.8506
72.1089	0.038831	40.8463
72.1589	0.038858	40.8416
72.2089	0.038878	40.8362
72.2589	0.038902	40.8316
72.3167	0.038929	40.8255
72.3667	0.038953	40.8206
72.4167	0.038979	40.8157
72.4667	0.038998	40.8103
72.5089	0.039022	40.8063
72.5589	0.039050	40.8017
72.6089	0.039071	40.7967
72.6589	0.039091	40.7913
72.7166	0.039123	40.7853
72.7666	0.039150	40.7806
72.8166	0.039178	40.7758
72.8666	0.039202	40.7707
72.9085	0.039223	40.7664
72.9585	0.039245	40.7616
73.0085	0.039273	40.7563
73.0585	0.039300	40.7516
73.1164	0.039326	40.7456
73.1664	0.039354	40.7406
73.2164	0.039377	40.7358
73.2664	0.039401	40.7303
73.3084	0.039425	40.7265
73.3584	0.039450	40.7214
73.4084	0.039478	40.7163
73.4584	0.039512	40.7117
73.5003	0.039537	40.7071
73.5503	0.039551	40.7023
73.6003	0.039573	40.6975
73.6503	0.039604	40.6923
73.7082	0.039632	40.6868
73.7582	0.039654	40.6815
73.8082	0.039675	40.6767
73.8582	0.039709	40.6715
73.9002	0.039735	40.6670
73.9502	0.039764	40.6626
74.0002	0.039786	40.6572
74.0502	0.039804	40.6524
74.1081	0.039835	40.6467
74.1581	0.039859	40.6413
74.2081	0.039883	40.6365
74.2581	0.039916	40.6312
74.3000	0.039942	40.6272
74.3500	0.039960	40.6222
74.4000	0.039985	40.6171
74.4500	0.040003	40.6123
74.5082	0.040015	40.6061
74.5582	0.040027	40.6014
74.6082	0.039875	40.5967
74.6582	0.039541	40.5917
74.6998	0.039496	40.5873
74.7498	0.039533	40.5826
74.7998	0.039577	40.5776
74.8498	0.039624	40.5726
74.9080	0.039656	40.5668
74.9580	0.039681	40.5615
75.0080	0.039715	40.5570
75.0580	0.039754	40.5515
75.0997	0.039782	40.5474
75.1497	0.039818	40.5426
75.1997	0.039845	40.5371
75.2497	0.039875	40.5325
75.3075	0.039914	40.5265
75.3575	0.039944	40.5216
75.4075	0.039971	40.5167
75.4575	0.039997	40.5115
75.4999	0.040031	40.5074
75.5499	0.040070	40.5022
75.5999	0.040104	40.4972
75.6499	0.040131	40.4926
75.7074	0.040161	40.4870
75.7574	0.040196	40.4818
75.8074	0.040224	40.4763
75.8574	0.040250	40.4716
75.8993	0.040283	40.4675
75.9493	0.040319	40.4621
75.9993	0.040354	40.4573
76.0493	0.040384	40.4522
76.1098	0.040414	40.4463
76.1598	0.040443	40.4413
76.2098	0.040473	40.4362
76.2598	0.040510	40.4314
76.2991	0.040546	40.4276
76.3491	0.040575	40.4225
76.3991	0.040601	40.4175
76.4491	0.040629	40.4128
76.4910	0.040672	40.4084
76.5410	0.040696	40.4036
76.5910	0.040729	40.3985
76.6410	0.040769	40.3930
76.6989	0.040798	40.3870
76.7489	0.040830	40.3821
76.7989	0.040862	40.3776
76.8489	0.040895	40.3725
76.8909	0.040925	40.3682
76.9409	0.040964	40.3638
76.9909	0.040990	40.3582
77.0409	0.041025	40.3533
77.0990	0.041063	40.3475
77.1490	0.041100	40.3424
77.1990	0.041126	40.3376
77.2490	0.041154	40.3323
77.2907	0.041201	40.3283
77.3407	0.041231	40.3235
77.3907	0.041264	40.3185
77.4407	0.041302	40.3133
77.4986	0.041331	40.3078
77.5486	0.041361	40.3025
77.5986	0.041398	40.2976
77.6486	0.041436	40.2925
77.6906	0.041466	40.2880
77.7406	0.041499	40.2835
77.7906	0.041529	40.2782
77.8406	0.041517	40.2734
77.8989	0.041505	40.2676
77.9489	0.041533	40.2624
77.9989	0.041574	40.2579
78.0489	0.041606	40.2524
78.0904	0.041649	40.2484
78.1404	0.041693	40.2435
78.1904	0.041730	40.2380
78.2404	0.041764	40.2333
78.2983	0.041803	40.2273
78.3483	0.041837	40.2224
78.3983	0.041874	40.2176
78.4483	0.041910	40.2126
78.4907	0.041951	40.2081
78.5407	0.041985	40.2034
78.5907	0.042026	40.1983
78.6407	0.042060	40.1933
78.6981	0.042075	40.1875
78.7481	0.042079	40.1822
78.7981	0.042107	40.1777
78.8481	0.042145	40.1723
78.8900	0.042190	40.1682
78.9400	0.042235	40.1634
78.9900	0.042273	40.1581
79.0400	0.042314	40.1535
79.0979	0.042352	40.1474
79.1479	0.042387	40.1425
79.1979	0.042433	40.1375
79.2479	0.042472	40.1323
79.2899	0.042508	40.1283
79.3399	0.042553	40.1230
79.3899	0.042581	40.1180
79.4399	0.042612	40.1133
79.4978	0.042658	40.1077
79.5478	0.042695	40.1026
79.5978	0.042725	40.0979
79.6478	0.042748	40.0928
79.6897	0.042731	40.0886
79.7397	0.042490	40.0838
79.7897	0.042231	40.0784
79.8397	0.042265	40.0732
79.8816	0.042322	40.0691
79.9316	0.042377	40.0644
79.9816	0.042423	40.0591
80.0316	0.042474	40.0544
80.0895	0.042527	40.0485
80.1395	0.042577	40.0433
80.1895	0.042626	40.0381
80.2395	0.042668	40.0334
80.2815	0.042715	40.0290
80.3315	0.042758	40.0240
80.3815	0.042804	40.0188
80.4315	0.042851	40.0134
80.4893	0.042900	40.0081
80.5393	0.042948	40.0033
80.5893	0.042989	39.9981
80.6393	0.043027	39.9931
80.6813	0.043074	39.9891
80.7313	0.043125	39.9847
80.7813	0.043163	39.9792
80.8313	0.043210	39.9743
80.8895	0.043260	39.9685
80.9395	0.043305	39.9634
80.9895	0.043345	39.9586
81.0395	0.043398	39.9534
81.0811	0.043445	39.9495
81.1311	0.043491	39.9444
81.1811	0.043540	39.9392
81.2311	0.043581	39.9347
81.2891	0.043629	39.9283
81.3391	0.043678	39.9237
81.3891	0.043720	39.9186
81.4391	0.043761	39.9136
81.4810	0.043804	39.9099
81.5310	0.043850	39.9043
81.5810	0.043905	39.8993
81.6310	0.043950	39.8943
81.6889	0.043994	39.8884
81.7389	0.044037	39.8836
81.7889	0.044087	39.8783
81.8389	0.044128	39.8735
81.8808	0.044170	39.8696
81.9308	0.044215	39.8647
81.9808	0.044254	39.8595
82.0308	0.044302	39.8547
82.0890	0.044351	39.8487
82.1390	0.044393	39.8432
82.1890	0.044426	39.8381
82.2390	0.044473	39.8333
82.2807	0.044527	39.8290
82.3307	0.044582	39.8243
82.3807	0.044631	39.8193
82.4307	0.044675	39.8143
82.4889	0.044726	39.8086
82.5389	0.044777	39.8032
82.5889	0.044827	39.7987
82.6389	0.044872	39.7935
82.6805	0.044927	39.7892
82.7305	0.044975	39.7845
82.7805	0.045026	39.7791
82.8305	0.045079	39.7745
82.8884	0.045129	39.7685
82.9384	0.045180	39.7634
82.9884	0.045227	39.7586
83.0384	0.045273	39.7535
83.0807	0.045320	39.7495
83.1307	0.045381	39.7446
83.1807	0.045439	39.7398
83.2307	0.045488	39.7351
83.2723	0.045539	39.7307
83.3223	0.045591	39.7253
83.3723	0.045644	39.7201
83.4223	0.045701	39.7155
83.4802	0.045748	39.7094
83.5302	0.045796	39.7043
83.5802	0.045859	39.6994
83.6302	0.045914	39.6945
83.6721	0.045958	39.6902
83.7221	0.046015	39.6854
83.7721	0.046076	39.6802
83.8221	0.046133	39.6751
83.8800	0.046183	39.6698
83.9300	0.046236	39.6643
83.9800	0.046291	39.6597
84.0300	0.046343	39.6545
84.0719	0.046408	39.6502
84.1219	0.046467	39.6455
84.1719	0.046514	39.6400
84.2219	0.046568	39.6352
84.2799	0.046623	39.6293
84.3299	0.046680	39.6242
84.3799	0.046733	39.6193
84.4299	0.046789	39.6141
84.4718	0.046844	39.6101
84.5218	0.046893	39.6053
84.5718	0.046952	39.6003
84.6218	0.047008	39.5951
84.6797	0.047057	39.5895
84.7297	0.047116	39.5842
84.7797	0.047175	39.5794
84.8297	0.047229	39.5742
84.8716	0.047280	39.5699
84.9216	0.047337	39.5654
84.9716	0.047393	39.5599
85.0216	0.047450	39.5552
85.0800	0.047501	39.5492
85.1300	0.047554	39.5441
85.1800	0.047612	39.5395
85.2300	0.047669	39.5348
85.2714	0.047732	39.5303
85.3214	0.047789	39.5250
85.3714	0.047845	39.5200
85.4214	0.047904	39.5153
85.4794	0.047961	39.5092
85.5294	0.048022	39.5044
85.5794	0.048081	39.4997
85.6294	0.048139	39.4948
85.6713	0.048196	39.4904
85.7213	0.048261	39.4856
85.7713	0.048332	39.4804
85.8213	0.048389	39.4754
85.8792	0.048445	39.4694
85.9292	0.048506	39.4642
85.9792	0.048569	39.4597
86.0292	0.048626	39.4542
86.0711	0.048693	39.4502
86.1211	0.048762	39.4453
86.1711	0.048827	39.4399
86.2211	0.048889	39.4355
86.2790	0.048954	39.4291
86.3290	0.049017	39.4242
86.3790	0.049078	39.4196
86.4290	0.049135	39.4148
86.4710	0.049204	39.4103
86.5210	0.049272	39.4052
86.5710	0.049329	39.4003
86.6210	0.049394	39.3954
86.6629	0.049463	39.3909
86.7129	0.049518	39.3863
86.7629	0.049583	39.3811
86.8129	0.049645	39.3762
86.8708	0.049706	39.3706
86.9208	0.049777	39.3650
86.9708	0.049846	39.3602
87.0208	0.049915	39.3550
87.0627	0.049988	39.3508
87.1127	0.050059	39.3459
87.1627	0.050134	39.3407
87.2127	0.050201	39.3359
87.2707	0.050276	39.3306
87.3207	0.050343	39.3254
87.3707	0.050412	39.3202
87.4207	0.050479	39.3154
87.4626	0.050541	39.3112
87.5126	0.050612	39.3063
87.5626	0.050683	39.3012
87.6126	0.050742	39.2961
87.6706	0.050819	39.2903
87.7206	0.050888	39.2849
87.7706	0.050959	39.2803
87.8206	0.051030	39.2756
87.8624	0.051095	39.2715
87.9124	0.051174	39.2663
87.9624	0.051243	39.2615
88.0124	0.051310	39.2561
88.0703	0.051377	39.2506
88.1203	0.051460	39.2455
88.1703	0.051529	39.2402
88.2203	0.051606	39.2355
88.2622	0.051670	39.2309
88.3122	0.051743	39.2261
88.3622	0.051818	39.2211
88.4122	0.051891	39.2158
88.4701	0.051962	39.2103
88.5201	0.052021	39.2059
88.5701	0.052076	39.2006
88.6201	0.052118	39.1952
88.6620	0.052185	39.1910
88.7120	0.052264	39.1862
88.7620	0.052343	39.1814
88.8120	0.052429	39.1763
88.8700	0.052520	39.1708
88.9200	0.052603	39.1659
88.9700	0.052676	39.1607
89.0200	0.052761	39.1554
89.0619	0.052842	39.1513
89.1119	0.052923	39.1464
89.1619	0.053004	39.1413
89.2119	0.053079	39.1364
89.2698	0.053168	39.1304
89.3198	0.053254	39.1256
89.3698	0.053331	39.1205
89.4198	0.053414	39.1154
89.4617	0.053495	39.1116
89.5117	0.053578	39.1061
89.5617	0.053657	39.1014
89.6117	0.053740	39.0964
89.6536	0.053825	39.0919
89.7036	0.053906	39.0863
89.7536	0.053987	39.0816
89.8036	0.054075	39.0769
89.8615	0.054160	39.0711
89.9115	0.054249	39.0660
89.9615	0.054340	39.0613
90.0115	0.054425	39.0561
90.0534	0.054510	39.0520
90.1034	0.054595	39.0471
90.1534	0.054677	39.0423
90.2034	0.054766	39.0371
90.2613	0.054855	39.0315
90.3113	0.054942	39.0263
90.3613	0.055021	39.0213
90.4113	0.055106	39.0163
90.4537	0.055202	39.0117
90.5037	0.055291	39.0072
90.5537	0.055380	39.0020
90.6037	0.055465	38.9970
90.6612	0.055552	38.9913
90.7112	0.055647	38.9861
90.7612	0.055741	38.9815
90.8112	0.055820	38.9760
90.8531	0.055913	38.9718
90.9031	0.056016	38.9671
90.9531	0.056116	38.9625
91.0031	0.056213	38.9570
91.0610	0.056302	38.9508
91.1110	0.056389	38.9460
91.1610	0.056491	38.9413
91.2110	0.056588	38.9364
91.2529	0.056683	38.9321
91.3029	0.056785	38.9273
91.3529	0.056878	38.9222
91.4029	0.056969	38.9172
91.4608	0.057062	38.9116
91.5108	0.057158	38.9062
91.5608	0.057251	38.9017
91.6108	0.057346	38.8965
91.6527	0.057437	38.8920
91.7027	0.057527	38.8868
91.7527	0.057620	38.8821
91.8027	0.057713	38.8768
91.8607	0.057806	38.8713
91.9107	0.057897	38.8664
91.9607	0.057997	38.8612
92.0107	0.058096	38.8566
92.0526	0.058195	38.8521
92.1026	0.058291	38.8471
92.1526	0.058388	38.8422
92.2026	0.058487	38.8368
92.2605	0.058593	38.8313
92.3105	0.058698	38.8261
92.3605	0.058802	38.8212
92.4105	0.058907	38.8162
92.4525	0.059004	38.8119
92.5025	0.059116	38.8070
92.5525	0.059225	38.8022
92.6025	0.059316	38.7972
92.6603	0.059410	38.7915
92.7103	0.059509	38.7867
92.7603	0.059608	38.7815
92.8103	0.059702	38.7768
92.8522	0.059789	38.7724
92.9022	0.059894	38.7671
92.9522	0.060002	38.7619
93.0022	0.060101	38.7572
93.0441	0.060202	38.7529
93.0941	0.060302	38.7480
93.1441	0.060403	38.7432
93.1941	0.060500	38.7378
93.2520	0.060593	38.7323
93.3020	0.060683	38.7276
93.3520	0.060784	38.7226
93.4020	0.060883	38.7175
93.4440	0.060979	38.7135
93.4940	0.061076	38.7082
93.5440	0.061177	38.7033
93.5940	0.061268	38.6982
93.6519	0.061360	38.6922
93.7019	0.061457	38.6874
93.7519	0.061556	38.6819
93.8019	0.061651	38.6774
93.8438	0.061759	38.6732
93.8938	0.061862	38.6679
93.9438	0.061970	38.6632
93.9938	0.062087	38.6580
94.0518	0.062203	38.6524
94.1018	0.062308	38.6475
94.1518	0.062401	38.6422
94.2018	0.062499	38.6367
94.2437	0.062608	38.6326
94.2937	0.062712	38.6280
94.3437	0.062811	38.6234
94.3937	0.062910	38.6184
94.4519	0.063030	38.6124
94.5019	0.063145	38.6078
94.5519	0.063259	38.6026
94.6019	0.063360	38.5973
94.6438	0.063464	38.5929
94.6938	0.063567	38.5882
94.7438	0.063666	38.5829
94.7938	0.063772	38.5780
94.8516	0.063877	38.5721
94.9016	0.063972	38.5671
94.9516	0.064078	38.5623
95.0016	0.064185	38.5576
95.0433	0.064297	38.5533
95.0933	0.064406	38.5480
95.1433	0.064520	38.5428
95.1933	0.064625	38.5382
95.2513	0.064741	38.5327
95.3013	0.064854	38.5272
95.3513	0.064968	38.5225
95.4013	0.065077	38.5175
95.4432	0.065189	38.5130
95.4932	0.065300	38.5085
95.5432	0.065412	38.5032
95.5932	0.065519	38.4982
95.6511	0.065622	38.4923
95.7011	0.065722	38.4871
95.7511	0.065813	38.4822
95.8011	0.065908	38.4769
95.8430	0.066008	38.4728
95.8930	0.066046	38.4681
95.9430	0.065963	38.4633
95.9930	0.065941	38.4578
96.0514	0.066006	38.4523
96.1014	0.066089	38.4470
96.1514	0.066178	38.4421
96.2014	0.066267	38.4370
96.2428	0.066370	38.4327
96.2928	0.066470	38.4278
96.3428	0.066567	38.4233
96.3928	0.066660	38.4181
96.4348	0.066756	38.4137
96.4848	0.066853	38.4090
96.5348	0.066950	38.4037
96.5848	0.067043	38.3989
96.6427	0.067133	38.3930
96.6927	0.067220	38.3879
96.7427	0.067299	38.3831
96.7927	0.067374	38.3783
96.8346	0.067455	38.3739
96.8846	0.067546	38.3690
96.9346	0.067651	38.3641
96.9846	0.067743	38.3589
97.0426	0.067822	38.3534
97.0926	0.067913	38.3479
97.1426	0.067996	38.3431
97.1926	0.068079	38.3381
97.2344	0.068156	38.3335
97.2844	0.068243	38.3291
97.3344	0.068351	38.3244
97.3844	0.068462	38.3193
97.4424	0.068560	38.3132
97.4924	0.068659	38.3080
97.5424	0.068764	38.3034
97.5924	0.068870	38.2983
97.6345	0.068963	38.2942
97.6845	0.069044	38.2893
97.7345	0.069117	38.2841
97.7845	0.069194	38.2793
97.8422	0.069275	38.2730
97.8922	0.069350	38.2683
97.9422	0.069425	38.2632
97.9922	0.069494	38.2579
98.0342	0.069575	38.2542
98.0842	0.069678	38.2488
98.1342	0.069796	38.2438
98.1842	0.069912	38.2389
98.2420	0.070027	38.2331
98.2920	0.070145	38.2282
98.3420	0.070264	38.2230
98.3920	0.070396	38.2181
98.4339	0.070528	38.2138
98.4839	0.070653	38.2086
98.5339	0.070771	38.2041
98.5839	0.070897	38.1993
98.6418	0.071028	38.1934
98.6918	0.071158	38.1884
98.7418	0.071286	38.1834
98.7918	0.071406	38.1784
98.8345	0.071527	38.1743
98.8845	0.071649	38.1691
98.9345	0.071766	38.1641
98.9845	0.071902	38.1594
99.0417	0.072034	38.1532
99.0917	0.072153	38.1487
99.1417	0.072279	38.1433
99.1917	0.072401	38.1383
99.2336	0.072526	38.1341
99.2836	0.072646	38.1289
99.3336	0.072768	38.1241
99.3836	0.072891	38.1190
99.4416	0.073021	38.1132
99.4916	0.073153	38.1081
99.5416	0.073276	38.1028
99.5916	0.073394	38.0984
99.6335	0.073528	38.0940
99.6835	0.073653	38.0891
99.7335	0.073785	38.0845
99.7835	0.073925	38.0790
99.8254	0.074069	38.0745
99.8754	0.074203	38.0696
99.9254	0.074337	38.0651
99.9754	0.074474	38.0603
100.0333	0.074610	38.0543
100.0833	0.074750	38.0489
100.1333	0.074892	38.0441
100.1833	0.075032	38.0392
100.2252	0.075180	38.0347
100.2752	0.075320	38.0300
100.3252	0.075449	38.0249
100.3752	0.075581	38.0200
100.4332	0.075713	38.0143
100.4832	0.075837	38.0091
100.5332	0.075956	38.0044
100.5832	0.076074	37.9989
100.6251	0.076197	37.9948
100.6751	0.076317	37.9900
100.7251	0.076443	37.9846
100.7751	0.076564	37.9801
100.8330	0.076688	37.9747
100.8830	0.076820	37.9694
100.9330	0.076955	37.9640
100.9830	0.077091	37.9589
101.0250	0.077235	37.9548
101.0750	0.077381	37.9502
101.1250	0.077523	37.9450
101.1750	0.077681	37.9400
101.2328	0.077837	37.9345
101.2828	0.077975	37.9290
101.3328	0.078107	37.9242
101.3828	0.078245	37.9191
101.4248	0.078383	37.9149
101.4748	0.078526	37.9099
101.5248	0.078676	37.9047
101.5748	0.078830	37.9000
101.6330	0.078987	37.8945
101.6830	0.079143	37.8895
101.7330	0.079283	37.8844
101.7830	0.079418	37.8796
101.8247	0.079546	37.8753
101.8747	0.079676	37.8698
101.9247	0.079818	37.8647
101.9747	0.079974	37.8600
102.0326	0.080126	37.8546
102.0826	0.080276	37.8489
102.1326	0.080434	37.8445
102.1826	0.080576	37.8394
102.2244	0.080712	37.8349
102.2744	0.080829	37.8293
102.3244	0.080916	37.8248
102.3744	0.080987	37.8201
102.4323	0.081066	37.8143
102.4823	0.081127	37.8093
102.5323	0.081160	37.8045
102.5823	0.081176	37.7991
102.6244	0.081226	37.7951
102.6744	0.081332	37.7904
102.7244	0.081453	37.7857
102.7744	0.081557	37.7805
102.8161	0.081634	37.7759
102.8661	0.081719	37.7710
102.9161	0.081820	37.7661
102.9661	0.081910	37.7607
103.0242	0.081972	37.7551
103.0742	0.082023	37.7503
103.1242	0.082086	37.7446
103.1742	0.082161	37.7396
103.2166	0.082254	37.7357
103.2666	0.082341	37.7309
103.3166	0.082422	37.7254
103.3666	0.082503	37.7206
103.4239	0.082568	37.7153
103.4739	0.082647	37.7104
103.5239	0.082739	37.7052
103.5739	0.082850	37.6998
103.6158	0.082962	37.6958
103.6658	0.083071	37.6911
103.7158	0.083178	37.6861
103.7658	0.083270	37.6807
103.8237	0.083355	37.6755
103.8737	0.083452	37.6701
103.9237	0.083547	37.6654
103.9737	0.083641	37.6606
104.0157	0.083736	37.6560
104.0657	0.083817	37.6513
104.1157	0.083886	37.6463
104.1657	0.083979	37.6412
104.2236	0.084101	37.6355
104.2736	0.084222	37.6303
104.3236	0.084326	37.6248
104.3736	0.084423	37.6200
104.4155	0.084528	37.6157
104.4655	0.084624	37.6106
104.5155	0.084699	37.6058
104.5655	0.084768	37.6013
104.6237	0.084812	37.5951
104.6737	0.084837	37.5902
104.7237	0.084871	37.5852
104.7737	0.084942	37.5799
104.8153	0.085041	37.5759
104.8653	0.085147	37.5708
104.9153	0.085250	37.5658
104.9653	0.085331	37.5610
105.0233	0.085392	37.5550
105.0733	0.085465	37.5502
105.1233	0.085548	37.5454
105.1733	0.085631	37.5403
105.2151	0.085714	37.5362
105.2651	0.085777	37.5315
105.3151	0.085836	37.5262
105.3651	0.085903	37.5213
105.4230	0.085943	37.5152
105.4730	0.085988	37.5103
105.5230	0.086041	37.5055
105.5730	0.086097	37.5000
105.6150	0.086122	37.4962
105.6650	0.086142	37.4910
105.7150	0.086189	37.4860
105.7650	0.086245	37.4813
105.8229	0.086300	37.4750
105.8729	0.086357	37.4703
105.9229	0.086399	37.4652
105.9729	0.086426	37.4603
106.0148	0.086434	37.4562
106.0648	0.086444	37.4508
106.1148	0.086472	37.4461
106.1648	0.086531	37.4414
106.2070	0.086594	37.4372
106.2570	0.086639	37.4320
106.3070	0.086679	37.4265
106.3570	0.086730	37.4218
106.4147	0.086785	37.4159
106.4647	0.086831	37.4108
106.5147	0.086860	37.4060
106.5647	0.086872	37.4007
106.6066	0.086908	37.3967
106.6566	0.086961	37.3916
106.7066	0.087036	37.3865
106.7566	0.087111	37.3818
106.8145	0.087182	37.3754
106.8645	0.087269	37.3710
106.9145	0.087366	37.3662
106.9645	0.087455	37.3612
107.0064	0.087541	37.3569
107.0564	0.087634	37.3521
107.1064	0.087719	37.3469
107.1564	0.087808	37.3421
107.2147	0.087893	37.3362
107.2647	0.087972	37.3309
107.3147	0.088019	37.3258
107.3647	0.088035	37.3210
107.4063	0.088039	37.3167
107.4563	0.088027	37.3117
107.5063	0.087991	37.3069
107.5563	0.087972	37.3022
107.6144	0.087968	37.2963
107.6644	0.087962	37.2907
107.7144	0.087960	37.2856
107.7644	0.087944	37.2810
107.8061	0.087899	37.2770
107.8561	0.087843	37.2716
107.9061	0.087782	37.2669
107.9561	0.087770	37.2619
108.0140	0.087810	37.2559
108.0640	0.087859	37.2513
108.1140	0.087903	37.2467
108.1640	0.087960	37.2415
108.2059	0.088007	37.2370
108.2559	0.088057	37.2317
108.3059	0.088114	37.2270
108.3559	0.088157	37.2217
108.4139	0.088195	37.2161
108.4639	0.088246	37.2110
108.5139	0.088307	37.2060
108.5639	0.088390	37.2012
108.6058	0.088473	37.1973
108.6558	0.088556	37.1921
108.7058	0.088655	37.1871
108.7558	0.088743	37.1822
108.8137	0.088814	37.1762
108.8637	0.088889	37.1715
108.9137	0.088966	37.1661
108.9637	0.089043	37.1614
109.0056	0.089120	37.1573
109.0556	0.089187	37.1519
109.1056	0.089241	37.1466
109.1556	0.089290	37.1417
109.2135	0.089337	37.1363
109.2635	0.089349	37.1313
109.3135	0.089359	37.1259
109.3635	0.089379	37.1210
109.4056	0.089407	37.1166
109.4556	0.089418	37.1117
109.5056	0.089414	37.1070
109.5556	0.089401	37.1024
109.5974	0.089383	37.0977
109.6474	0.089369	37.0927
109.6974	0.089371	37.0876
109.7474	0.089367	37.0825
109.8053	0.089367	37.0769
109.8553	0.089363	37.0722
109.9053	0.089332	37.0668
109.9553	0.089322	37.0620
109.9972	0.089357	37.0577
110.0472	0.089416	37.0523
110.0972	0.089462	37.0476
110.1472	0.089531	37.0430
110.2051	0.089630	37.0368
110.2551	0.089726	37.0318
110.3051	0.089801	37.0272
110.3551	0.089851	37.0222
110.3970	0.089906	37.0169
110.4470	0.089965	37.0116
110.4970	0.090038	37.0074
110.5470	0.090097	37.0025
110.6050	0.090145	36.9967
110.6550	0.090182	36.9920
110.7050	0.090212	36.9873
110.7550	0.090259	36.9817
110.7969	0.090305	36.9779
110.8469	0.090322	36.9728
110.8969	0.090305	36.9675
110.9469	0.090200	36.9627
111.0048	0.090062	36.9574
111.0548	0.089939	36.9520
111.1048	0.089823	36.9468
111.1548	0.089756	36.9418
111.1967	0.089764	36.9378
111.2467	0.089807	36.9329
111.2967	0.089872	36.9278
111.3467	0.089949	36.9228
111.4046	0.090003	36.9170
111.4546	0.090066	36.9118
111.5046	0.090137	36.9070
111.5546	0.090172	36.9026
111.5965	0.090186	36.8980
111.6465	0.090214	36.8928
111.6965	0.090251	36.8879
111.7465	0.090291	36.8826
111.8044	0.090344	36.8772
111.8544	0.090380	36.8720
111.9044	0.090419	36.8672
111.9544	0.090494	36.8621
111.9963	0.090573	36.8575
112.0463	0.090632	36.8530
112.0963	0.090676	36.8483
112.1463	0.090709	36.8433
112.2045	0.090759	36.8371
112.2545	0.090822	36.8318
112.3045	0.090861	36.8273
112.3545	0.090895	36.8220
112.3962	0.090922	36.8178
112.4462	0.090970	36.8129
112.4962	0.091035	36.8076
112.5462	0.091108	36.8029
112.5881	0.091165	36.7985
112.6381	0.091228	36.7934
112.6881	0.091309	36.7889
112.7381	0.091396	36.7841
112.7960	0.091501	36.7781
112.8460	0.091591	36.7732
112.8960	0.091672	36.7681
112.9460	0.091749	36.7630
112.9879	0.091828	36.7590
113.0379	0.091907	36.7537
113.0879	0.091980	36.7488
113.1379	0.092037	36.7438
113.1958	0.092085	36.7379
113.2458	0.092128	36.7334
113.2958	0.092109	36.7279
113.3458	0.092085	36.7231
113.3878	0.092045	36.7190
113.4378	0.092032	36.7139
113.4878	0.092097	36.7093
113.5378	0.092132	36.7041
113.5957	0.092103	36.6979
113.6457	0.092085	36.6928
113.6957	0.092079	36.6879
113.7457	0.092122	36.6826
113.7876	0.092219	36.6786
113.8376	0.092320	36.6739
113.8876	0.092401	36.6689
113.9376	0.092478	36.6636
113.9956	0.092568	36.6581
114.0456	0.092649	36.6526
114.0956	0.092703	36.6478
114.1456	0.092744	36.6427
114.1875	0.092793	36.6385
114.2375	0.092841	36.6337
114.2875	0.092870	36.6291
114.3375	0.092866	36.6238
114.3954	0.092847	36.6181
114.4454	0.092882	36.6132
114.4954	0.092951	36.6081
114.5454	0.093020	36.6032
114.5873	0.093054	36.5988
114.6373	0.093064	36.5938
114.6873	0.093050	36.5888
114.7373	0.093060	36.5834
114.7952	0.093109	36.5783
114.8452	0.093151	36.5730
114.8952	0.093184	36.5683
114.9452	0.093208	36.5634
114.9872	0.093263	36.5588
115.0372	0.093322	36.5535
115.0872	0.093370	36.5487
115.1372	0.093419	36.5441
115.1950	0.093482	36.5385
115.2450	0.093577	36.5332
115.2950	0.093678	36.5278
115.3450	0.093792	36.5233
115.3870	0.093909	36.5191
115.4370	0.094019	36.5139
115.4870	0.094132	36.5092
115.5370	0.094250	36.5041
115.5949	0.094362	36.4978
115.6449	0.094455	36.4930
115.6949	0.094548	36.4881
115.7449	0.094647	36.4827
115.7868	0.094765	36.4788
115.8368	0.094891	36.4736
115.8868	0.095012	36.4685
115.9368	0.095156	36.4637
115.9787	0.095308	36.4599
116.0287	0.095466	36.4544
116.0787	0.095606	36.4494
116.1287	0.095716	36.4447
116.1866	0.095845	36.4391
116.2366	0.095979	36.4338
116.2866	0.096123	36.4293
116.3366	0.096267	36.4240
116.3786	0.096395	36.4194
116.4286	0.096512	36.4141
116.4786	0.096609	36.4095
116.5286	0.096686	36.4048
116.5865	0.096757	36.3988
116.6365	0.096824	36.3938
116.6865	0.096891	36.3888
116.7365	0.096968	36.3837
116.7784	0.097049	36.3798
116.8284	0.097141	36.3746
116.8784	0.097252	36.3696
116.9284	0.097370	36.3649
116.9866	0.097487	36.3587
117.0366	0.097617	36.3542
117.0866	0.097728	36.3489
117.1366	0.097822	36.3439
117.1782	0.097919	36.3398
117.2282	0.098024	36.3347
117.2782	0.098140	36.3301
117.3282	0.098253	36.3251
117.3862	0.098365	36.3190
117.4362	0.098472	36.3139
117.4862	0.098572	36.3093
117.5362	0.098655	36.3041
117.5781	0.098728	36.3000
117.6281	0.098807	36.2950
117.6781	0.098914	36.2899
117.7281	0.099028	36.2853
117.7860	0.099105	36.2792
117.8360	0.098961	36.2740
117.8860	0.098821	36.2691
117.9360	0.098924	36.2643
117.9779	0.099070	36.2599
118.0279	0.099220	36.2552
118.0779	0.099356	36.2500
118.1279	0.099484	36.2448
118.1858	0.099599	36.2393
118.2358	0.099711	36.2338
118.2858	0.099847	36.2292
118.3358	0.099976	36.2240
118.3778	0.100084	36.2197
118.4278	0.100161	36.2151
118.4778	0.100240	36.2096
118.5278	0.100353	36.2047
118.5857	0.100491	36.1988
118.6357	0.100633	36.1939
118.6857	0.100767	36.1890
118.7357	0.100882	36.1839
118.7776	0.101006	36.1799
118.8276	0.101111	36.1751
118.8776	0.101221	36.1701
118.9276	0.101330	36.1649
118.9855	0.101440	36.1593
119.0355	0.101547	36.1540
119.0855	0.101675	36.1492
119.1355	0.101805	36.1439
119.1774	0.101896	36.1395
119.2274	0.101981	36.1351
119.2774	0.102107	36.1297
119.3274	0.102238	36.1249
119.3699	0.102354	36.1208
119.4199	0.102472	36.1154
119.4699	0.102587	36.1109
119.5199	0.102688	36.1055
119.5773	0.102802	36.0998
119.6273	0.102934	36.0948
119.6773	0.103066	36.0897
119.7273	0.103165	36.0849
119.7694	0.103246	36.0805
119.8194	0.103355	36.0755
119.8694	0.103469	36.0708
119.9194	0.103591	36.0660
119.9771	0.103710	36.0599
120.0271	0.103797	36.0550
120.0771	0.103882	36.0497
120.1271	0.103988	36.0448
120.1690	0.104067	36.0406
120.2190	0.104132	36.0351
120.2690	0.104219	36.0305
120.3190	0.104320	36.0257
120.3769	0.104416	36.0198
120.4269	0.104517	36.0148
120.4769	0.104622	36.0099
120.5269	0.104705	36.0048
120.5688	0.104736	36.0007
120.6188	0.104786	35.9960
120.6688	0.104849	35.9911
120.7188	0.104894	35.9858
120.7767	0.104916	35.9795
120.8267	0.104955	35.9749
120.8767	0.105018	35.9702
120.9267	0.105113	35.9650
120.9687	0.105238	35.9605
121.0187	0.105368	35.9561
121.0687	0.105492	35.9507
121.1187	0.105605	35.9458
121.1766	0.105727	35.9398
121.2266	0.105841	35.9347
121.2766	0.105950	35.9301
121.3266	0.106019	35.9253
121.3688	0.106096	35.9208
121.4188	0.106205	35.9158
121.4688	0.106337	35.9110
121.5188	0.106475	35.9055
121.5765	0.106625	35.9003
121.6265	0.106765	35.8947
121.6765	0.106935	35.8897
121.7265	0.107093	35.8850
121.7685	0.107213	35.8811
121.8185	0.107290	35.8757
121.8685	0.107355	35.8704
121.9185	0.107430	35.8656
121.9766	0.107523	35.8598
122.0266	0.107616	35.8545
122.0766	0.107703	35.8500
122.1266	0.107786	35.8453
122.1682	0.107874	35.8410
122.2182	0.107971	35.8360
122.2682	0.108082	35.8312
122.3182	0.108202	35.8259
122.3765	0.108328	35.8205
122.4265	0.108441	35.8150
122.4765	0.108538	35.8100
122.5265	0.108618	35.8052
122.5681	0.108674	35.8007
122.6181	0.108741	35.7961
122.6681	0.108812	35.7909
122.7181	0.108893	35.7858
122.7600	0.108993	35.7819
122.8100	0.109090	35.7768
122.8600	0.109189	35.7715
122.9100	0.109303	35.7664
122.9681	0.109390	35.7610
123.0181	0.109469	35.7562
123.0681	0.109536	35.7508
123.1181	0.109601	35.7456
123.1602	0.109702	35.7415
123.2102	0.109846	35.7367
123.2602	0.109963	35.7316
123.3102	0.110069	35.7269
123.3678	0.110180	35.7208
123.4178	0.110308	35.7160
123.4678	0.110434	35.7111
123.5178	0.110545	35.7057
123.5596	0.110632	35.7020
123.6096	0.110695	35.6969
123.6596	0.110726	35.6914
123.7096	0.110774	35.6862
123.7675	0.110839	35.6810
123.8175	0.110926	35.6763
123.8675	0.111036	35.6712
123.9175	0.111155	35.6658
123.9595	0.111247	35.6614
124.0095	0.111332	35.6569
124.0595	0.111439	35.6516
124.1095	0.111559	35.6466
124.1674	0.111668	35.6408
124.2174	0.111772	35.6357
124.2674	0.111877	35.6309
124.3174	0.111997	35.6257
124.3593	0.112120	35.6216
124.4093	0.112242	35.6169
124.4593	0.112382	35.6122
124.5093	0.112511	35.6069
124.5672	0.112631	35.6006
124.6172	0.112743	35.5959
124.6672	0.112836	35.5911
124.7172	0.112935	35.5861
124.7591	0.113043	35.5816
124.8091	0.113162	35.5764
124.8591	0.113280	35.5715
124.9091	0.113387	35.5666
124.9670	0.113505	35.5607
125.0170	0.113634	35.5558
125.0670	0.113764	35.5503
125.1170	0.113892	35.5457
125.1592	0.114024	35.5419
125.2092	0.114151	35.5370
125.2592	0.114257	35.5318
125.3092	0.114340	35.5271
125.3669	0.114425	35.5211
125.4169	0.114532	35.5162
125.4669	0.114646	35.5112
125.5169	0.114755	35.5059
125.5588	0.114867	35.5021
125.6088	0.114980	35.4968
125.6588	0.115088	35.4919
125.7088	0.115197	35.4872
125.7667	0.115297	35.4811
125.8167	0.115367	35.4754
125.8667	0.115430	35.4708
125.9167	0.115495	35.4661
125.9586	0.115584	35.4619
126.0086	0.115686	35.4567
126.0586	0.115787	35.4520
126.1086	0.115870	35.4468
126.1510	0.115943	35.4426
126.2010	0.116018	35.4380
126.2510	0.116093	35.4325
126.3010	0.116158	35.4274
126.3585	0.116221	35.4217
126.4085	0.116265	35.4167
126.4585	0.116296	35.4115
126.5085	0.116326	35.4071
126.5504	0.116381	35.4025
126.6004	0.116488	35.3975
126.6504	0.116614	35.3926
126.7004	0.116707	35.3872
126.7583	0.116786	35.3819
126.8083	0.116867	35.3772
126.8583	0.116951	35.3719
126.9083	0.117036	35.3669
126.9502	0.117127	35.3630
127.0002	0.117220	35.3576
127.0502	0.117324	35.3524
127.1002	0.117439	35.3476
127.1581	0.117579	35.3421
127.2081	0.117701	35.3371
127.2581	0.117810	35.3319
127.3081	0.117917	35.3270
127.3501	0.118047	35.3228
127.4001	0.118171	35.3178
127.4501	0.118284	35.3130
127.5001	0.118402	35.3073
127.5580	0.118517	35.3020
127.6080	0.118621	35.2966
127.6580	0.118716	35.2917
127.7080	0.118826	35.2869
127.7499	0.118951	35.2823
127.7999	0.119105	35.2777
127.8499	0.119247	35.2725
127.8999	0.119393	35.2674
127.9578	0.119527	35.2617
128.0078	0.119647	35.2565
128.0578	0.119740	35.2518
128.1078	0.119882	35.2465
128.1501	0.120015	35.2424
128.2001	0.120117	35.2377
128.2501	0.120172	35.2329
128.3001	0.120277	35.2277
128.3577	0.120413	35.2220
128.4077	0.120583	35.2170
128.4577	0.120774	35.2121
128.5077	0.120917	35.2073
128.5496	0.121023	35.2027
128.5996	0.121163	35.1974
128.6496	0.121288	35.1924
128.6996	0.121416	35.1877
128.7575	0.121532	35.1824
128.8075	0.121625	35.1776
128.8575	0.121730	35.1719
128.9075	0.121874	35.1668
128.9494	0.122014	35.1628
128.9994	0.122128	35.1575
129.0494	0.122237	35.1529
129.0994	0.122363	35.1475
129.1413	0.122521	35.1432
129.1913	0.122673	35.1386
129.2413	0.122797	35.1337
129.2913	0.122896	35.1283
129.3493	0.123017	35.1227
129.3993	0.123141	35.1176
129.4493	0.123275	35.1125
129.4993	0.123415	35.1079
129.5411	0.123557	35.1039
129.5911	0.123709	35.0986
129.6411	0.123893	35.0937
129.6911	0.124078	35.0889
129.7490	0.124248	35.0826
129.7990	0.124416	35.0774
129.8490	0.124590	35.0726
129.8990	0.124773	35.0673
129.9410	0.124972	35.0630
129.9910	0.125146	35.0585
130.0410	0.125294	35.0537
130.0910	0.125432	35.0486
130.1489	0.125557	35.0429
130.1989	0.125669	35.0378
130.2489	0.125807	35.0326
130.2989	0.125944	35.0279
130.3408	0.126090	35.0234
130.3908	0.126222	35.0185
130.4408	0.126362	35.0137
130.4908	0.126504	35.0084
130.5487	0.126652	35.0031
130.5987	0.126816	34.9976
130.6487	0.126988	34.9927
130.6987	0.127161	34.9877
130.7407	0.127313	34.9834
130.7907	0.127473	34.9786
130.8407	0.127637	34.9735
130.8907	0.127811	34.9686
130.9486	0.127971	34.9627
130.9986	0.128113	34.9575
131.0486	0.128245	34.9530
131.0986	0.128367	34.9483
131.1405	0.128482	34.9440
131.1905	0.128622	34.9387
131.2405	0.128760	34.9334
131.2905	0.128888	34.9289
131.3484	0.129009	34.9226
131.3984	0.129157	34.9177
131.4484	0.129287	34.9127
131.4984	0.129411	34.9076
131.5403	0.129508	34.9036
131.5903	0.129591	34.8984
131.6403	0.129682	34.8935
131.6903	0.129816	34.8887
131.7482	0.129976	34.8830
131.7982	0.130130	34.8778
131.8482	0.130280	34.8731
131.8982	0.130453	34.8680
131.9402	0.130625	34.8638
131.9902	0.130773	34.8589
132.0402	0.130901	34.8533
132.0902	0.131020	34.8488
132.1481	0.131150	34.8427
132.1981	0.131302	34.8378
132.2481	0.131474	34.8330
132.2981	0.131636	34.8276
132.3400	0.131805	34.8238
132.3900	0.132001	34.8186
132.4400	0.132206	34.8135
132.4900	0.132380	34.8088
132.5319	0.132563	34.8043
132.5819	0.132745	34.7996
132.6319	0.132905	34.7946
132.6819	0.133025	34.7895
132.7399	0.133134	34.7838
132.7899	0.133262	34.7782
132.8399	0.133374	34.7737
132.8899	0.133495	34.7691
132.9318	0.133603	34.7650
132.9818	0.133708	34.7598
133.0318	0.133848	34.7544
133.0818	0.134004	34.7495
133.1401	0.134136	34.7437
133.1901	0.134261	34.7387
133.2401	0.134405	34.7338
133.2901	0.134537	34.7285
133.3316	0.134681	34.7246
133.3816	0.134851	34.7193
133.4316	0.135038	34.7142
133.4816	0.135222	34.7096
133.5396	0.135394	34.7034
133.5896	0.135546	34.6989
133.6396	0.135672	34.6936
133.6896	0.135778	34.6886
133.7315	0.135871	34.6847
133.7815	0.135976	34.6793
133.8315	0.136116	34.6744
133.8815	0.136250	34.6694
133.9394	0.136388	34.6636
133.9894	0.136448	34.6587
134.0394	0.135771	34.6535
134.0894	0.134892	34.6487
134.1313	0.135070	34.6448
134.1813	0.135417	34.6399
134.2313	0.135755	34.6348
134.2813	0.136071	34.6300
134.3392	0.136333	34.6241
134.3892	0.136546	34.6188
134.4392	0.136714	34.6138
134.4892	0.136870	34.6091
134.5311	0.137024	34.6047
134.5811	0.137201	34.5998
134.6311	0.137377	34.5947
134.6811	0.137555	34.5896
134.7390	0.137736	34.5838
134.7890	0.137922	34.5784
134.8390	0.138072	34.5739
134.8890	0.138220	34.5686
134.9310	0.138392	34.5644
134.9810	0.138573	34.5597
135.0310	0.138749	34.5549
135.0810	0.138917	34.5497
135.1388	0.139057	34.5440
135.1888	0.139065	34.5388
135.2388	0.138853	34.5337
135.2888	0.138830	34.5291
135.3308	0.138968	34.5245
135.3808	0.139130	34.5198
135.4308	0.139301	34.5148
135.4808	0.139489	34.5095
135.5387	0.139663	34.5040
135.5887	0.139830	34.4987
135.6387	0.140012	34.4939
135.6887	0.140219	34.4889
135.7306	0.140417	34.4847
135.7806	0.140586	34.4800
135.8306	0.140744	34.4744
135.8806	0.140908	34.4697
135.9225	0.141092	34.4655
135.9725	0.141279	34.4600
136.0225	0.141429	34.4555
136.0725	0.141553	34.4508
136.1304	0.141686	34.4449
136.1804	0.141846	34.4395
136.2304	0.142013	34.4343
136.2804	0.142163	34.4296
136.3224	0.142300	34.4254
136.3724	0.142438	34.4205
136.4224	0.142580	34.4156
136.4724	0.142740	34.4106
136.5329	0.142894	34.4052
136.5829	0.143053	34.3993
136.6329	0.143205	34.3945
136.6829	0.143353	34.3894
136.7221	0.143496	34.3851
136.7721	0.143636	34.3807
136.8221	0.143772	34.3752
136.8721	0.143938	34.3701
136.9301	0.144119	34.3648
136.9801	0.144289	34.3601
137.0301	0.144451	34.3548
137.0801	0.144605	34.3494
137.1220	0.144751	34.3454
137.1720	0.144903	34.3403
137.2220	0.145031	34.3350
137.2720	0.145157	34.3304
137.3299	0.145258	34.3250
137.3799	0.145337	34.3198
137.4299	0.145424	34.3150
137.4799	0.145540	34.3102
137.5219	0.145692	34.3058
137.5719	0.145864	34.3003
137.6219	0.146028	34.2953
137.6719	0.146207	34.2903
137.7298	0.146401	34.2843
137.7798	0.146582	34.2796
137.8298	0.146736	34.2750
137.8798	0.146896	34.2695
137.9217	0.147064	34.2654
137.9717	0.147242	34.2606
138.0217	0.147421	34.2556
138.0717	0.147601	34.2507
138.1297	0.147767	34.2447
138.1797	0.147938	34.2398
138.2297	0.148108	34.2346
138.2797	0.148266	34.2293
138.3215	0.148424	34.2256
138.3715	0.148600	34.2209
138.4215	0.148757	34.2159
138.4715	0.148900	34.2106
138.5300	0.148957	34.2044
138.5800	0.148846	34.1999
138.6300	0.148805	34.1951
138.6800	0.148917	34.1898
138.7213	0.149079	34.1854
138.7713	0.149247	34.1802
138.8213	0.149391	34.1755
138.8713	0.149555	34.1704
138.9293	0.149740	34.1647
138.9793	0.149922	34.1600
139.0293	0.150113	34.1551
139.0793	0.150323	34.1499
139.1212	0.150510	34.1458
139.1712	0.150670	34.1407
139.2212	0.150812	34.1356
139.2712	0.150948	34.1308
139.3131	0.151098	34.1262
139.3631	0.151248	34.1215
139.4131	0.151373	34.1165
139.4631	0.151513	34.1113
139.5212	0.151645	34.1058
139.5712	0.151781	34.1004
139.6212	0.151923	34.0959
139.6712	0.152059	34.0908
139.7129	0.152178	34.0864
139.7629	0.152316	34.0817
139.8129	0.152466	34.0766
139.8629	0.152622	34.0717
139.9213	0.152774	34.0659
139.9713	0.152932	34.0608
140.0213	0.153086	34.0560
140.0713	0.153236	34.0505
140.1130	0.153105	34.0466
140.1630	0.152713	34.0416
140.2130	0.152685	34.0364
140.2630	0.152863	34.0319
140.3207	0.153080	34.0256
140.3707	0.153301	34.0208
140.4207	0.153520	34.0158
140.4707	0.153715	34.0107
140.5126	0.153867	34.0067
140.5626	0.153994	34.0014
140.6126	0.154124	33.9966
140.6626	0.154292	33.9914
140.7206	0.154467	33.9855
140.7706	0.154643	33.9808
140.8206	0.154793	33.9754
140.8706	0.154919	33.9708
140.9125	0.155061	33.9664
140.9625	0.155229	33.9613
141.0125	0.155405	33.9567
141.0625	0.155565	33.9512
141.1204	0.155719	33.9457
141.1704	0.155904	33.9407
141.2204	0.156107	33.9357
141.2704	0.156315	33.9308
141.3123	0.156506	33.9264
141.3623	0.156684	33.9216
141.4123	0.156852	33.9165
141.4623	0.157025	33.9113
141.5202	0.157189	33.9058
141.5702	0.157353	33.9004
141.6202	0.157521	33.8959
141.6702	0.157702	33.8906
141.7121	0.157876	33.8862
141.7621	0.158048	33.8814
141.8121	0.158235	33.8768
141.8621	0.158411	33.8714
141.9200	0.158569	33.8659
141.9700	0.158717	33.8607
142.0200	0.158882	33.8556
142.0700	0.159060	33.8509
142.1120	0.159240	33.8463
142.1620	0.159413	33.8414
142.2120	0.159571	33.8364
142.2620	0.159707	33.8313
142.3042	0.159773	33.8273
142.3542	0.159865	33.8221
142.4042	0.160015	33.8172
142.4542	0.160179	33.8124
142.5118	0.160351	33.8068
142.5618	0.160548	33.8016
142.6118	0.160746	33.7968
142.6618	0.160945	33.7916
142.7037	0.161144	33.7874
142.7537	0.161352	33.7826
142.8037	0.161545	33.7771
142.8537	0.161717	33.7725
142.9116	0.161886	33.7665
142.9616	0.162054	33.7616
143.0116	0.162202	33.7568
143.0616	0.162350	33.7513
143.1036	0.162526	33.7476
143.1536	0.162717	33.7426
143.2036	0.162909	33.7374
143.2536	0.163065	33.7326
143.3115	0.163183	33.7266
143.3615	0.163319	33.7219
143.4115	0.163440	33.7167
143.4615	0.163578	33.7118
143.5034	0.163728	33.7077
143.5534	0.163896	33.7022
143.6034	0.164063	33.6976
143.6534	0.164223	33.6924
143.7113	0.164350	33.6866
143.7613	0.164379	33.6817
143.8113	0.164363	33.6763
143.8613	0.164474	33.6715
143.9032	0.164661	33.6671
143.9532	0.164855	33.6620
144.0032	0.165042	33.6573
144.0532	0.165206	33.6529
144.1111	0.165346	33.6465
144.1611	0.165481	33.6419
144.2111	0.165621	33.6367
144.2611	0.165747	33.6315
144.3031	0.165867	33.6275
144.3531	0.165988	33.6222
144.4031	0.166104	33.6175
144.4531	0.166213	33.6125
144.5110	0.166331	33.6067
144.5610	0.166477	33.6018
144.6110	0.166653	33.5963
144.6610	0.166811	33.5917
144.7029	0.166957	33.5877
144.7529	0.167117	33.5828
144.8029	0.167269	33.5775
144.8529	0.167448	33.5728
144.9108	0.167628	33.5667
144.9608	0.167798	33.5614
145.0108	0.167883	33.5564
145.0608	0.167863	33.5515
145.1027	0.167914	33.5471
145.1527	0.168068	33.5422
145.2027	0.168267	33.5376
145.2527	0.168475	33.5327
145.3107	0.168670	33.5265
145.3607	0.168865	33.5217
145.4107	0.169037	33.5165
145.4607	0.169201	33.5117
145.5030	0.169367	33.5075
145.5530	0.169554	33.5024
145.6030	0.169738	33.4977
145.6530	0.169927	33.4922
145.6945	0.170133	33.4882
145.7445	0.170308	33.4834
145.7945	0.170446	33.4779
145.8445	0.170594	33.4735
145.9024	0.170754	33.4673
145.9524	0.170910	33.4624
146.0024	0.171072	33.4575
146.0524	0.171230	33.4524
146.0946	0.171376	33.4485
146.1446	0.171492	33.4434
146.1946	0.171599	33.4384
146.2446	0.171702	33.4335
146.3026	0.171826	33.4274
146.3526	0.171970	33.4229
146.4026	0.172122	33.4174
146.4526	0.172276	33.4126
146.4942	0.172432	33.4086
146.5442	0.172584	33.4031
146.5942	0.172740	33.3986
146.6442	0.172864	33.3933
146.7023	0.172781	33.3875
146.7523	0.172578	33.3825
146.8023	0.172602	33.3774
146.8523	0.172724	33.3727
146.8941	0.172886	33.3684
146.9441	0.173036	33.3634
146.9941	0.173192	33.3585
147.0441	0.173371	33.3531
147.1020	0.173577	33.3478
147.1520	0.173770	33.3424
147.2020	0.173938	33.3377
147.2520	0.174094	33.3327
147.2939	0.174269	33.3282
147.3439	0.174445	33.3234
147.3939	0.174615	33.3183
147.4439	0.174755	33.3134
147.5018	0.174917	33.3076
147.5518	0.175100	33.3025
147.6018	0.175288	33.2977
147.6518	0.175450	33.2922
147.6938	0.175617	33.2882
147.7438	0.175775	33.2836
147.7938	0.175943	33.2788
147.8438	0.176091	33.2735
147.9016	0.176231	33.2679
147.9516	0.176393	33.2628
148.0016	0.176573	33.2579
148.0516	0.176758	33.2530
148.0936	0.176920	33.2485
148.1436	0.177080	33.2433
148.1936	0.177228	33.2385
148.2436	0.177374	33.2336
148.3015	0.177526	33.2277
148.3515	0.177682	33.2230
148.4015	0.177822	33.2176
148.4515	0.177826	33.2128
148.4934	0.177469	33.2086
148.5434	0.177354	33.2033
148.5934	0.177488	33.1988
148.6434	0.177666	33.1936
148.7013	0.177842	33.1878
148.7513	0.178021	33.1828
148.8013	0.178183	33.1776
148.8513	0.178367	33.1728
148.8932	0.178550	33.1683
148.9432	0.178716	33.1633
148.9932	0.178872	33.1583
149.0432	0.179054	33.1530
149.0852	0.179249	33.1492
149.1352	0.179435	33.1445
149.1852	0.179606	33.1395
149.2352	0.179790	33.1344
149.2930	0.179979	33.1289
149.3430	0.180161	33.1236
149.3930	0.180325	33.1189
149.4430	0.180494	33.1137
149.4855	0.180664	33.1091
149.5355	0.180840	33.1038
149.5855	0.180996	33.0991
149.6355	0.181162	33.0941
149.6929	0.181347	33.0884
149.7429	0.181531	33.0835
149.7929	0.181635	33.0786
149.8429	0.181586	33.0734
149.8848	0.181631	33.0696
149.9348	0.181801	33.0646
149.9848	0.181977	33.0595
150.0348	0.182150	33.0548
150.0930	0.182312	33.0484
150.1430	0.182490	33.0432
150.1930	0.182638	33.0385
150.2430	0.182796	33.0335
150.2846	0.182940	33.0291
150.3346	0.183098	33.0244
150.3846	0.183265	33.0191
150.4346	0.183445	33.0141
150.4926	0.183623	33.0087
150.5426	0.183792	33.0038
150.5926	0.183925	32.9986
150.6426	0.184033	32.9940
150.6845	0.184165	32.9897
150.7345	0.184337	32.9843
150.7845	0.184517	32.9789
150.8345	0.184714	32.9741
150.8924	0.184902	32.9681
150.9424	0.185079	32.9633
150.9924	0.185233	32.9586
151.0424	0.185362	32.9539
151.0843	0.185486	32.9494
151.1343	0.185616	32.9445
151.1843	0.185737	32.9395
151.2343	0.185843	32.9344
151.2922	0.185958	32.9288
151.3422	0.186066	32.9235
151.3922	0.186173	32.9188
151.4422	0.186283	32.9135
151.4842	0.186400	32.9093
151.5342	0.186554	32.9047
151.5842	0.186725	32.8993
151.6342	0.186911	32.8947
151.6921	0.187118	32.8887
151.7421	0.187329	32.8837
151.7921	0.187527	32.8788
151.8421	0.187700	32.8734
151.8841	0.187835	32.8694
151.9341	0.187971	32.8642
151.9841	0.188121	32.8592
152.0341	0.188269	32.8542
152.0919	0.188423	32.8483
152.1419	0.188567	32.8435
152.1919	0.188733	32.8388
152.2419	0.188906	32.8336
152.2838	0.189084	32.8293
152.3338	0.189224	32.8246
152.3838	0.189346	32.8194
152.4338	0.189479	32.8146
152.4761	0.189652	32.8102
152.5261	0.189814	32.8048
152.5761	0.189974	32.8003
152.6261	0.190120	32.7956
152.6849	0.190268	32.7896
152.7349	0.190416	32.7846
152.7849	0.190537	32.7796
152.8349	0.190639	32.7744
152.8756	0.190762	32.7705
152.9256	0.190900	32.7652
152.9756	0.191018	32.7602
153.0256	0.191156	32.7555
153.0835	0.191318	32.7493
153.1335	0.191470	32.7447
153.1835	0.191620	32.7392
153.2335	0.191790	32.7342
153.2754	0.191954	32.7301
153.3254	0.192100	32.7249
153.3754	0.192244	32.7201
153.4254	0.192394	32.7150
153.4834	0.192477	32.7093
153.5334	0.192323	32.7042
153.5834	0.192139	32.6990
153.6334	0.192216	32.6944
153.6753	0.192396	32.6904
153.7253	0.192603	32.6853
153.7753	0.192812	32.6802
153.8253	0.193008	32.6753
153.8832	0.193191	32.6693
153.9332	0.193321	32.6645
153.9832	0.193389	32.6597
154.0332	0.193450	32.6546
154.0751	0.193548	32.6503
154.1251	0.193716	32.6457
154.1751	0.193910	32.6406
154.2251	0.194089	32.6352
154.2830	0.194247	32.6293
154.3330	0.194395	32.6245
154.3830	0.194553	32.6193
154.4330	0.194721	32.6147
154.4749	0.194883	32.6104
154.5249	0.195037	32.6054
154.5749	0.195194	32.6006
154.6249	0.195337	32.5952
154.6828	0.195489	32.5898
154.7328	0.195639	32.5845
154.7828	0.195783	32.5796
154.8328	0.195915	32.5748
154.8747	0.195988	32.5703
154.9247	0.195939	32.5656
154.9747	0.195927	32.5604
155.0247	0.196049	32.5552
155.0876	0.196219	32.5490
155.1376	0.196402	32.5439
155.1876	0.196594	32.5392
155.2376	0.196773	32.5339
155.2746	0.196923	32.5302
155.3246	0.197071	32.5254
155.3746	0.197216	32.5208
155.4246	0.197366	32.5157
155.4665	0.197527	32.5112
155.5165	0.197677	32.5059
155.5665	0.197841	32.5013
155.6165	0.198033	32.4957
155.6744	0.198204	32.4901
155.7244	0.198356	32.4855
155.7744	0.198512	32.4805
155.8244	0.198680	32.4752
155.8663	0.198858	32.4714
155.9163	0.199043	32.4660
155.9663	0.199207	32.4611
156.0163	0.199349	32.4565
156.0742	0.199485	32.4507
156.1242	0.199625	32.4453
156.1742	0.199785	32.4409
156.2242	0.199945	32.4355
156.2662	0.200125	32.4310
156.3162	0.200304	32.4258
156.3662	0.200460	32.4211
156.4162	0.200606	32.4163
156.4741	0.200729	32.4104
156.5241	0.200782	32.4056
156.5741	0.200788	32.4008
156.6241	0.200839	32.3956
156.6660	0.200956	32.3910
156.7160	0.201125	32.3861
156.7660	0.201309	32.3811
156.8160	0.201485	32.3759
156.8739	0.201646	32.3704
156.9239	0.201793	32.3651
156.9739	0.201964	32.3603
157.0239	0.202150	32.3553
157.0659	0.202345	32.3509
157.1159	0.202499	32.3464
157.1659	0.202643	32.3410
157.2159	0.202793	32.3362
157.2737	0.202953	32.3305
157.3237	0.203119	32.3253
157.3737	0.203298	32.3207
157.4237	0.203397	32.3152
157.4659	0.203010	32.3111
157.5159	0.202548	32.3061
157.5659	0.202562	32.3009
157.6159	0.202687	32.2962
157.6736	0.202835	32.2901
157.7236	0.202998	32.2854
157.7736	0.203158	32.2806
157.8236	0.203306	32.2755
157.8655	0.203415	32.2712
157.9155	0.203557	32.2664
157.9655	0.203750	32.2613
158.0155	0.203922	32.2563
158.0734	0.204070	32.2505
158.1234	0.204212	32.2452
158.1734	0.204378	32.2408
158.2234	0.204546	32.2352
158.2653	0.204727	32.2312
158.3153	0.204921	32.2263
158.3653	0.205098	32.2209
158.4153	0.205260	32.2164
158.4754	0.205432	32.2099
158.5254	0.205625	32.2051
158.5754	0.205825	32.2002
158.6254	0.206006	32.1951
158.6651	0.206194	32.1913
158.7151	0.206389	32.1862
158.7651	0.206567	32.1813
158.8151	0.206707	32.1765
158.8571	0.206851	32.1724
158.9071	0.206999	32.1672
158.9571	0.207167	32.1623
159.0071	0.207343	32.1573
159.0650	0.207489	32.1514
159.1150	0.207621	32.1465
159.1650	0.207787	32.1411
159.2150	0.207974	32.1365
159.2569	0.208160	32.1323
159.3069	0.208347	32.1271
159.3569	0.208521	32.1227
159.4069	0.208665	32.1173
159.4648	0.208781	32.1110
159.5148	0.208888	32.1061
159.5648	0.208975	32.1014
159.6148	0.209042	32.0965
159.6567	0.209160	32.0922
159.7067	0.209316	32.0874
159.7567	0.209474	32.0824
159.8067	0.209610	32.0774
159.8647	0.209758	32.0718
159.9147	0.209926	32.0662
159.9647	0.210106	32.0616
160.0147	0.210281	32.0565
160.0566	0.210429	32.0521
160.1066	0.210573	32.0475
160.1566	0.210753	32.0419
160.2066	0.210820	32.0369
160.2645	0.210637	32.0316
160.3145	0.210570	32.0267
160.3645	0.210696	32.0212
160.4145	0.210875	32.0160
160.4564	0.211063	32.0120
160.5064	0.211248	32.0074
160.5564	0.211428	32.0025
160.6064	0.211582	31.9971
160.6643	0.211740	31.9916
160.7143	0.211916	31.9863
160.7643	0.212087	31.9815
160.8143	0.212251	31.9765
160.8562	0.212421	31.9722
160.9062	0.212559	31.9675
160.9562	0.212662	31.9621
161.0062	0.212778	31.9572
161.0641	0.212839	31.9514
161.1141	0.212820	31.9462
161.1641	0.212942	31.9417
161.2141	0.213133	31.9363
161.2561	0.213339	31.9322
161.3061	0.213534	31.9273
161.3561	0.213716	31.9221
161.4061	0.213883	31.9174
161.4642	0.214063	31.9113
161.5142	0.214221	31.9065
161.5642	0.214373	31.9014
161.6142	0.214521	31.8962
161.6559	0.214669	31.8925
161.7059	0.214829	31.8870
161.7559	0.215006	31.8823
161.8059	0.215200	31.8773
161.8638	0.215375	31.8713
161.9138	0.215555	31.8666
161.9638	0.215731	31.8611
162.0138	0.215889	31.8562
162.0557	0.216035	31.8524
162.1057	0.216171	31.8478
162.1557	0.216307	31.8423
162.2057	0.216420	31.8371
162.2476	0.216530	31.8331
162.2976	0.216637	31.8283
162.3476	0.216773	31.8236
162.3976	0.216927	31.8184
162.4556	0.217091	31.8121
162.5056	0.217250	31.8073
162.5556	0.217397	31.8023
162.6056	0.217543	31.7970
162.6475	0.217704	31.7931
162.6975	0.217862	31.7879
162.7475	0.218036	31.7829
162.7975	0.218220	31.7780
162.8554	0.218393	31.7719
162.9054	0.218535	31.7671
162.9554	0.218666	31.7626
163.0054	0.218780	31.7572
163.0473	0.218912	31.7529
163.0973	0.219058	31.7480
163.1473	0.219214	31.7427
163.1973	0.219378	31.7380
163.2552	0.219548	31.7321
163.3052	0.219729	31.7272
163.3552	0.219903	31.7225
163.4052	0.220073	31.7178
163.4471	0.220213	31.7133
163.4971	0.220339	31.7084
163.5471	0.220474	31.7033
163.5971	0.220602	31.6981
163.6551	0.220748	31.6925
163.7051	0.220910	31.6872
163.7551	0.221070	31.6826
163.8051	0.221214	31.6775
163.8470	0.221366	31.6731
163.8970	0.221531	31.6686
163.9470	0.221687	31.6630
163.9970	0.221792	31.6583
164.0549	0.221879	31.6524
164.1049	0.222009	31.6473
164.1549	0.222175	31.6425
164.2049	0.222323	31.6372
164.2468	0.222459	31.6332
164.2968	0.222587	31.6281
164.3468	0.222743	31.6230
164.3968	0.222937	31.6181
164.4547	0.223126	31.6125
164.5047	0.223294	31.6074
164.5547	0.223472	31.6026
164.6047	0.223649	31.5976
164.6466	0.223772	31.5934
164.6966	0.223847	31.5885
164.7466	0.223878	31.5831
164.7966	0.223649	31.5783
164.8546	0.223381	31.5726
164.9046	0.223458	31.5674
164.9546	0.223624	31.5628
165.0046	0.223821	31.5572
165.0464	0.224030	31.5532
165.0964	0.224214	31.5482
165.1464	0.224389	31.5429
165.1964	0.224589	31.5381
165.2544	0.224798	31.5329
165.3044	0.225029	31.5275
165.3544	0.225240	31.5222
165.4044	0.225414	31.5171
165.4469	0.225585	31.5131
165.4969	0.225737	31.5083
165.5469	0.225874	31.5032
165.5969	0.226041	31.4983
165.6382	0.226221	31.4944
165.6882	0.226381	31.4892
165.7382	0.226521	31.4839
165.7882	0.226643	31.4789
165.8461	0.226760	31.4732
165.8961	0.226878	31.4681
165.9461	0.227008	31.4633
165.9961	0.227052	31.4580
166.0381	0.227062	31.4539
166.0881	0.227196	31.4489
166.1381	0.227395	31.4435
166.1881	0.227606	31.4390
166.2460	0.227814	31.4335
166.2960	0.228025	31.4284
166.3460	0.228222	31.4234
166.3960	0.228435	31.4185
166.4379	0.228660	31.4142
166.4879	0.228889	31.4094
166.5379	0.229116	31.4045
166.5879	0.229324	31.3994
166.6458	0.229505	31.3930
166.6958	0.229685	31.3882
166.7458	0.229856	31.3830
166.7958	0.230014	31.3780
166.8377	0.230176	31.3739
166.8877	0.230356	31.3690
166.9377	0.230526	31.3637
166.9877	0.230650	31.3590
167.0456	0.230679	31.3530
167.0956	0.230743	31.3480
167.1456	0.230916	31.3434
167.1956	0.231098	31.3387
167.2376	0.231272	31.3340
167.2876	0.231439	31.3291
167.3376	0.231613	31.3240
167.3876	0.231812	31.3189
167.4454	0.231992	31.3134
167.4954	0.232140	31.3083
167.5454	0.232296	31.3034
167.5954	0.232472	31.2986
167.6375	0.232639	31.2945
167.6875	0.232799	31.2893
167.7375	0.232973	31.2838
167.7875	0.233176	31.2792
167.8453	0.233376	31.2733
167.8953	0.233567	31.2681
167.9453	0.233745	31.2633
167.9953	0.233916	31.2581
168.0372	0.234037	31.2541
168.0872	0.234084	31.2490
168.1372	0.234064	31.2439
168.1872	0.234124	31.2391
168.2451	0.234266	31.2328
168.2951	0.234404	31.2282
168.3451	0.234560	31.2235
168.3951	0.234726	31.2186
168.4370	0.234905	31.2143
168.4870	0.235095	31.2096
168.5370	0.235276	31.2045
168.5870	0.235442	31.1992
168.6290	0.235608	31.1947
168.6790	0.235801	31.1899
168.7290	0.236008	31.1847
168.7790	0.236206	31.1798
168.8369	0.236399	31.1741
168.8869	0.236597	31.1690
168.9369	0.236794	31.1642
168.9869	0.236978	31.1594
169.0288	0.237118	31.1551
169.0788	0.237234	31.1501
169.1288	0.237370	31.1452
169.1788	0.237522	31.1400
169.2367	0.237696	31.1344
169.2867	0.237897	31.1291
169.3367	0.238085	31.1242
169.3867	0.238270	31.1193
169.4286	0.238458	31.1148
169.4786	0.238614	31.1103
169.5286	0.238724	31.1050
169.5786	0.238843	31.1000
169.6366	0.238993	31.0943
169.6866	0.239178	31.0890
169.7366	0.239372	31.0842
169.7866	0.239559	31.0789
169.8285	0.239725	31.0749
169.8785	0.239869	31.0699
169.9285	0.240015	31.0647
169.9785	0.240037	31.0599
170.0364	0.239731	31.0543
170.0864	0.239626	31.0492
170.1364	0.239784	31.0442
170.1864	0.239974	31.0393
170.2286	0.240169	31.0348
170.2786	0.240368	31.0302
170.3286	0.240542	31.0250
170.3786	0.240688	31.0199
170.4362	0.240840	31.0143
170.4862	0.241026	31.0090
170.5362	0.241187	31.0045
170.5862	0.241292	30.9991
170.6281	0.241403	30.9950
170.6781	0.241543	30.9903
170.7281	0.241728	30.9848
170.7781	0.241930	30.9801
170.8360	0.242149	30.9742
170.8860	0.242372	30.9693
170.9360	0.242579	30.9644
170.9860	0.242772	30.9592
171.0279	0.242956	30.9552
171.0779	0.243114	30.9504
171.1279	0.243283	30.9454
171.1779	0.243449	30.9403
171.2359	0.243572	30.9347
171.2859	0.243562	30.9295
171.3359	0.243475	30.9247
171.3859	0.243572	30.9195
171.4278	0.243769	30.9149
171.4778	0.243988	30.9097
171.5278	0.244178	30.9050
171.5778	0.244326	30.8999
171.6357	0.244466	30.8941
171.6857	0.244602	30.8894
171.7357	0.244768	30.8847
171.7857	0.244947	30.8793
171.8276	0.245095	30.8753
171.8776	0.245233	30.8703
171.9276	0.245376	30.8652
171.9776	0.245502	30.8604
172.0195	0.245610	30.8559
172.0695	0.245774	30.8510
172.1195	0.245987	30.8462
172.1695	0.246199	30.8413
172.2277	0.246372	30.8352
172.2777	0.246554	30.8305
172.3277	0.246730	30.8254
172.3777	0.246733	30.8201
172.4194	0.246698	30.8157
172.4694	0.246826	30.8110
172.5194	0.246984	30.8058
172.5694	0.247156	30.8010
172.6273	0.247335	30.7952
172.6773	0.247476	30.7902
172.7273	0.247604	30.7853
172.7773	0.247758	30.7798
172.8194	0.247947	30.7759
172.8694	0.248155	30.7713
172.9194	0.248389	30.7664
172.9694	0.248632	30.7612
173.0271	0.248837	30.7549
173.0771	0.249035	30.7502
173.1271	0.249248	30.7451
173.1771	0.249457	30.7398
173.2190	0.249649	30.7358
173.2690	0.249801	30.7313
173.3190	0.249921	30.7259
173.3690	0.250091	30.7210
173.4270	0.250296	30.7153
173.4770	0.250517	30.7101
173.5270	0.250728	30.7053
173.5770	0.250906	30.7002
173.6189	0.250957	30.6961
173.6689	0.250860	30.6913
173.7189	0.250912	30.6861
173.7689	0.251070	30.6814
173.8268	0.251222	30.6751
173.8768	0.251356	30.6702
173.9268	0.251510	30.6652
173.9768	0.251678	30.6599
174.0187	0.251863	30.6561
174.0687	0.252053	30.6514
174.1187	0.252238	30.6463
174.1687	0.252398	30.6413
174.2266	0.252542	30.6355
174.2766	0.252666	30.6301
174.3266	0.252783	30.6256
174.3766	0.252935	30.6203
174.4185	0.253103	30.6159
174.4685	0.253304	30.6107
174.5185	0.253476	30.6061
174.5685	0.253620	30.6013
174.6265	0.253770	30.5954
174.6765	0.253912	30.5904
174.7265	0.253807	30.5855
174.7765	0.253513	30.5804
174.8184	0.253519	30.5763
174.8684	0.253665	30.5710
174.9184	0.253809	30.5660
174.9684	0.253937	30.5612
175.0263	0.254062	30.5550
175.0763	0.254259	30.5505
175.1263	0.254476	30.5451
175.1763	0.254668	30.5403
175.2182	0.254839	30.5363
175.2682	0.255013	30.5308
175.3182	0.255222	30.5260
175.3682	0.255414	30.5209
175.4101	0.255574	30.5166
175.4601	0.255753	30.5118
175.5101	0.255925	30.5073
175.5601	0.256114	30.5018
175.6180	0.256308	30.4961
175.6680	0.256525	30.4911
175.7180	0.256707	30.4859
175.7680	0.256853	30.4811
175.8100	0.256835	30.4767
175.8600	0.256768	30.4718
175.9100	0.256882	30.4666
175.9600	0.257064	30.4613
176.0179	0.257241	30.4561
176.0679	0.257423	30.4513
176.1179	0.257595	30.4461
176.1679	0.257770	30.4411
176.2098	0.257926	30.4370
176.2598	0.258080	30.4318
176.3098	0.258236	30.4272
176.3598	0.258408	30.4219
176.4179	0.258584	30.4164
176.4679	0.258777	30.4115
176.5179	0.258988	30.4061
176.5679	0.259207	30.4016
176.6097	0.259418	30.3971
176.6597	0.259622	30.3920
176.7097	0.259817	30.3870
176.7597	0.259975	30.3819
176.8175	0.260111	30.3764
176.8675	0.260226	30.3711
176.9175	0.260338	30.3663
176.9675	0.260468	30.3613
177.0094	0.260646	30.3567
177.0594	0.260824	30.3522
177.1094	0.260989	30.3467
177.1594	0.261167	30.3417
177.2174	0.261351	30.3363
177.2674	0.261534	30.3314
177.3174	0.261710	30.3262
177.3674	0.261878	30.3214
177.4093	0.262020	30.3169
177.4593	0.262180	30.3118
177.5093	0.262371	30.3071
177.5593	0.262564	30.3016
177.6172	0.262754	30.2964
177.6672	0.262949	30.2910
177.7172	0.263123	30.2860
177.7672	0.263281	30.2810
177.8091	0.263429	30.2765
177.8591	0.263575	30.2717
177.9091	0.263727	30.2672
177.9591	0.263879	30.2622
178.0170	0.264049	30.2559
178.0670	0.264244	30.2506
178.1170	0.264355	30.2460
178.1670	0.264122	30.2412
178.2090	0.263936	30.2370
178.2590	0.264037	30.2319
178.3090	0.264228	30.2271
178.3590	0.264449	30.2218
178.4169	0.264674	30.2163
178.4669	0.264880	30.2115
178.5169	0.265079	30.2064
178.5669	0.265264	30.2012
178.6088	0.265454	30.1972
178.6588	0.265636	30.1921
178.7088	0.265817	30.1873
178.7588	0.266005	30.1823
178.8007	0.266196	30.1776
178.8507	0.266366	30.1731
178.9007	0.266530	30.1683
178.9507	0.266697	30.1631
179.0086	0.266877	30.1567
179.0586	0.267078	30.1520
179.1086	0.267258	30.1465
179.1586	0.267368	30.1419
179.2006	0.267542	30.1380
179.2506	0.267826	30.1332
179.3006	0.268128	30.1280
179.3506	0.268418	30.1233
179.4085	0.268701	30.1173
179.4585	0.268989	30.1124
179.5085	0.269285	30.1073
179.5585	0.269583	30.1020
179.6004	0.269883	30.0982
179.6504	0.270175	30.0929
179.7004	0.270455	30.0879
179.7504	0.270730	30.0832
179.8082	0.271004	30.0770
179.8582	0.271288	30.0723
179.9082	0.271561	30.0670
179.9582	0.271833	30.0621
180.0002	0.272111	30.0580
180.0502	0.272388	30.0528
180.1002	0.272636	30.0480
180.1502	0.272838	30.0427
180.2081	0.273001	30.0371
180.2581	0.273224	30.0323
180.3081	0.273483	30.0270
180.3581	0.273769	30.0225
180.4000	0.274040	30.0181
180.4500	0.274314	30.0130
180.5000	0.274588	30.0082
180.5500	0.274855	30.0028
180.6080	0.275135	29.9974
180.6580	0.275437	29.9922
180.7080	0.275713	29.9872
180.7580	0.275980	29.9822
180.7999	0.276240	29.9779
180.8499	0.276511	29.9732
180.8999	0.276781	29.9678
180.9499	0.277067	29.9629
181.0078	0.277328	29.9572
181.0578	0.277594	29.9518
181.1078	0.277859	29.9474
181.1578	0.278131	29.9419
181.1998	0.278397	29.9377
181.2498	0.278646	29.9328
181.2998	0.278889	29.9276
181.3498	0.279140	29.9227
181.4079	0.279402	29.9176
181.4579	0.279655	29.9124
181.5079	0.279919	29.9071
181.5579	0.280178	29.9018
181.5999	0.280432	29.8981
181.6499	0.280689	29.8934
181.6999	0.280940	29.8883
181.7499	0.281204	29.8832
181.7917	0.281465	29.8793
181.8417	0.281731	29.8741
181.8917	0.281992	29.8687
181.9417	0.282226	29.8636
181.9994	0.282463	29.8580
182.0494	0.282714	29.8528
182.0994	0.282953	29.8481
182.1494	0.283188	29.8429
182.1914	0.283401	29.8388
182.2414	0.283525	29.8340
182.2914	0.283667	29.8293
182.3414	0.283906	29.8241
182.3997	0.284149	29.8177
182.4497	0.284411	29.8128
182.4997	0.284678	29.8082
182.5497	0.284952	29.8033
182.5912	0.285226	29.7987
182.6412	0.285485	29.7939
182.6912	0.285742	29.7889
182.7412	0.286010	29.7837
182.7991	0.286278	29.7785
182.8491	0.286545	29.7730
182.8991	0.286815	29.7684
182.9491	0.287078	29.7635
182.9915	0.287336	29.7590
183.0415	0.287585	29.7532
183.0915	0.287840	29.7487
183.1415	0.288094	29.7441
183.1989	0.288351	29.7383
183.2489	0.288601	29.7333
183.2989	0.288856	29.7283
183.3489	0.289122	29.7229
183.3908	0.289373	29.7191
183.4408	0.289598	29.7142
183.4908	0.289815	29.7088
183.5408	0.290056	29.7036
183.5988	0.290313	29.6981
183.6488	0.290577	29.6935
183.6988	0.290830	29.6885
183.7488	0.291078	29.6832
183.7907	0.291331	29.6786
183.8407	0.291584	29.6741
183.8907	0.291836	29.6689
183.9407	0.292087	29.6637
183.9986	0.292324	29.6580
184.0486	0.292567	29.6528
184.0986	0.292748	29.6481
184.1486	0.292878	29.6430
184.1905	0.293084	29.6389
184.2405	0.293317	29.6339
184.2905	0.293583	29.6284
184.3405	0.293857	29.6239
184.3988	0.294110	29.6184
184.4488	0.294357	29.6134
184.4988	0.294613	29.6081
184.5488	0.294874	29.6028
184.5904	0.295146	29.5991
184.6404	0.295417	29.5938
184.6904	0.295671	29.5888
184.7404	0.295908	29.5839
184.7983	0.296151	29.5779
184.8483	0.296413	29.5731
184.8983	0.296672	29.5679
184.9483	0.296921	29.5631
184.9902	0.297169	29.5591
185.0402	0.297426	29.5542
185.0902	0.297696	29.5491
185.1402	0.297953	29.5442
185.1821	0.298199	29.5399
185.2321	0.298448	29.5347
185.2821	0.298707	29.5299
185.3321	0.298963	29.5243
185.3900	0.299226	29.5190
185.4400	0.299478	29.5140
185.4900	0.299705	29.5090
185.5400	0.299934	29.5044
185.5820	0.300177	29.4998
185.6320	0.300422	29.4945
185.6820	0.300653	29.4895
185.7320	0.300886	29.4849
185.7899	0.301128	29.4793
185.8399	0.301367	29.4740
185.8899	0.301606	29.4693
185.9399	0.301835	29.4643
185.9820	0.302064	29.4599
186.0320	0.302289	29.4553
186.0820	0.302500	29.4497
186.1320	0.302723	29.4449
186.1897	0.302940	29.4391
186.2397	0.303159	29.4340
186.2897	0.303396	29.4295
186.3397	0.303629	29.4239
186.3820	0.303852	29.4198
186.4320	0.304063	29.4148
186.4820	0.304284	29.4096
186.5320	0.304509	29.4048
186.5898	0.304736	29.3988
186.6398	0.304948	29.3941
186.6898	0.305157	29.3887
186.7398	0.305366	29.3837
186.7814	0.305593	29.3799
186.8314	0.305824	29.3752
186.8814	0.306053	29.3701
186.9314	0.306296	29.3651
186.9894	0.306542	29.3594
187.0394	0.306779	29.3542
187.0894	0.307010	29.3488
187.1394	0.307231	29.3438
187.1813	0.307434	29.3400
187.2313	0.307513	29.3351
187.2813	0.307513	29.3297
187.3313	0.307673	29.3251
187.3892	0.307865	29.3188
187.4392	0.308080	29.3140
187.4892	0.308307	29.3091
187.5392	0.308542	29.3040
187.5811	0.308788	29.3000
187.6311	0.309037	29.2949
187.6811	0.309292	29.2900
187.7311	0.309532	29.2851
187.7893	0.309779	29.2789
187.8393	0.310022	29.2736
187.8893	0.310269	29.2690
187.9393	0.310511	29.2639
187.9814	0.310766	29.2597
188.0314	0.311017	29.2549
188.0814	0.311279	29.2493
188.1314	0.311526	29.2447
188.1888	0.311753	29.2394
188.2388	0.311970	29.2344
188.2888	0.312185	29.2292
188.3388	0.312406	29.2245
188.3814	0.312637	29.2201
188.4314	0.312856	29.2147
188.4814	0.313079	29.2095
188.5314	0.313314	29.2048
188.5727	0.313559	29.2010
188.6227	0.313794	29.1957
188.6727	0.314054	29.1907
188.7227	0.314297	29.1860
188.7809	0.314538	29.1798
188.8309	0.314771	29.1752
188.8809	0.315013	29.1699
188.9309	0.315260	29.1649
188.9725	0.315517	29.1609
189.0225	0.315759	29.1558
189.0725	0.316004	29.1509
189.1225	0.316255	29.1456
189.1804	0.316507	29.1399
189.2304	0.316754	29.1350
189.2804	0.316979	29.1297
189.3304	0.317204	29.1252
189.3723	0.317437	29.1206
189.4223	0.317656	29.1157
189.4723	0.317889	29.1109
189.5223	0.318118	29.1055
189.5804	0.318323	29.0999
189.6304	0.318467	29.0947
189.6804	0.318532	29.0898
189.7304	0.318696	29.0848
189.7722	0.318913	29.0805
189.8222	0.319127	29.0759
189.8722	0.319352	29.0711
189.9222	0.319584	29.0660
189.9801	0.319827	29.0602
190.0301	0.320080	29.0552
190.0801	0.320325	29.0500
190.1301	0.320563	29.0452
190.1720	0.320808	29.0406
190.2220	0.321061	29.0356
190.2720	0.321313	29.0310
190.3220	0.321554	29.0256
190.3799	0.321803	29.0203
190.4299	0.322054	29.0150
190.4799	0.322300	29.0101
190.5299	0.322551	29.0052
190.5718	0.322809	29.0005
190.6218	0.323062	28.9957
190.6718	0.323309	28.9907
190.7218	0.323563	28.9857
190.7797	0.323808	28.9799
190.8297	0.324043	28.9746
190.8797	0.324284	28.9699
190.9297	0.324536	28.9652
190.9716	0.324777	28.9610
191.0216	0.325016	28.9559
191.0716	0.325261	28.9511
191.1216	0.325504	28.9458
191.1797	0.325764	28.9403
191.2297	0.326029	28.9350
191.2797	0.326295	28.9300
191.3297	0.326561	28.9252
191.3719	0.326822	28.9205
191.4219	0.327069	28.9158
191.4719	0.327315	28.9112
191.5219	0.327544	28.9063
191.5794	0.327775	28.9002
191.6294	0.328012	28.8946
191.6794	0.328243	28.8898
191.7294	0.328480	28.8854
191.7713	0.328729	28.8813
191.8213	0.328979	28.8758
191.8713	0.329224	28.8705
191.9213	0.329453	28.8658
191.9635	0.329676	28.8618
192.0135	0.329909	28.8570
192.0635	0.330146	28.8518
192.1135	0.330394	28.8470
192.1711	0.330625	28.8410
192.2211	0.330838	28.8360
192.2711	0.331061	28.8309
192.3211	0.331296	28.8257
192.3635	0.331547	28.8219
192.4135	0.331788	28.8168
192.4635	0.332031	28.8115
192.5135	0.332277	28.8064
192.5709	0.332510	28.8008
192.6209	0.332743	28.7952
192.6709	0.332972	28.7906
192.7209	0.333199	28.7859
192.7628	0.333448	28.7817
192.8128	0.333683	28.7765
192.8628	0.333911	28.7718
192.9128	0.334127	28.7667
192.9708	0.334334	28.7610
193.0208	0.334541	28.7562
193.0708	0.334758	28.7513
193.1208	0.334956	28.7461
193.1627	0.335161	28.7420
193.2127	0.335370	28.7370
193.2627	0.335581	28.7319
193.3127	0.335783	28.7271
193.3706	0.335980	28.7208
193.4206	0.336201	28.7162
193.4706	0.336436	28.7109
193.5206	0.336663	28.7061
193.5627	0.336898	28.7021
193.6127	0.337133	28.6967
193.6627	0.337365	28.6920
193.7127	0.337583	28.6868
193.7705	0.337804	28.6808
193.8205	0.338007	28.6758
193.8705	0.338210	28.6706
193.9205	0.338421	28.6660
193.9629	0.338629	28.6616
194.0129	0.338826	28.6566
194.0629	0.339023	28.6518
194.1129	0.339221	28.6471
194.1706	0.339412	28.6411
194.2206	0.339596	28.6363
194.2706	0.339797	28.6312
194.3206	0.339996	28.6261
194.3622	0.340194	28.6221
194.4122	0.340383	28.6167
194.4622	0.340567	28.6120
194.5122	0.340768	28.6070
194.5701	0.340973	28.6010
194.6201	0.341183	28.5963
194.6701	0.341406	28.5908
194.7201	0.341633	28.5862
194.7625	0.341873	28.5819
194.8125	0.342110	28.5767
194.8625	0.342347	28.5720
194.9125	0.342566	28.5668
194.9543	0.342777	28.5628
195.0043	0.342985	28.5580
195.0543	0.343198	28.5528
195.1043	0.343411	28.5474
195.1619	0.343628	28.5418
195.2119	0.343843	28.5367
195.2619	0.344070	28.5317
195.3119	0.344287	28.5268
195.3538	0.344504	28.5224
195.4038	0.344719	28.5176
195.4538	0.344940	28.5129
195.5038	0.345148	28.5080
195.5617	0.345371	28.5021
195.6117	0.345592	28.4973
195.6617	0.345803	28.4920
195.7117	0.346012	28.4871
195.7537	0.346210	28.4828
195.8037	0.346411	28.4775
195.8537	0.346622	28.4731
195.9037	0.346835	28.4677
195.9619	0.347062	28.4615
196.0119	0.347277	28.4565
196.0619	0.347479	28.4518
196.1119	0.347688	28.4473
196.1535	0.347909	28.4428
196.2035	0.348120	28.4378
196.2535	0.348345	28.4328
196.3035	0.348566	28.4276
196.3614	0.348754	28.4220
196.4114	0.348789	28.4168
196.4614	0.348908	28.4120
196.5114	0.349111	28.4068
196.5533	0.349334	28.4025
196.6033	0.349563	28.3979
196.6533	0.349788	28.3925
196.7033	0.349991	28.3878
196.7613	0.350196	28.3820
