Time(s)	Force(lb)	Position(mm)
0.1611	0.032391	47.9995
0.2111	0.032389	47.9990
0.2611	0.032387	47.9982
0.3404	0.032383	47.9965
0.3904	0.032389	47.9949
0.4404	0.032394	47.9933
0.4904	0.032391	47.9913
0.5322	0.032394	47.9894
0.5822	0.032394	47.9868
0.6322	0.032394	47.9841
0.6822	0.032400	47.9814
0.7401	0.032394	47.9777
0.7901	0.032391	47.9741
0.8401	0.032396	47.9706
0.8901	0.032408	47.9665
0.9321	0.032404	47.9631
0.9821	0.032402	47.9587
1.0321	0.032402	47.9539
1.0821	0.032391	47.9492
1.1403	0.032383	47.9430
1.1903	0.032385	47.9384
1.2403	0.032391	47.9334
1.2903	0.032389	47.9282
1.3319	0.032391	47.9245
1.3819	0.032391	47.9191
1.4319	0.032389	47.9136
1.4819	0.032398	47.9085
1.5399	0.032406	47.9032
1.5899	0.032398	47.8983
1.6399	0.032398	47.8931
1.6899	0.032400	47.8883
1.7317	0.032398	47.8841
1.7817	0.032394	47.8789
1.8317	0.032398	47.8742
1.8817	0.032402	47.8694
1.9396	0.032402	47.8634
1.9896	0.032400	47.8585
2.0396	0.032402	47.8536
2.0896	0.032404	47.8484
2.1316	0.032406	47.8438
2.1816	0.032408	47.8389
2.2316	0.032412	47.8339
2.2816	0.032420	47.8288
2.3395	0.032422	47.8232
2.3895	0.032414	47.8180
2.4395	0.032416	47.8132
2.4895	0.032420	47.8080
2.5314	0.032418	47.8036
2.5814	0.032422	47.7991
2.6314	0.032424	47.7944
2.6814	0.032426	47.7892
2.7393	0.032430	47.7836
2.7893	0.032426	47.7787
2.8393	0.032422	47.7734
2.8893	0.032426	47.7679
2.9312	0.032430	47.7639
2.9812	0.032434	47.7589
3.0312	0.032436	47.7537
3.0812	0.032438	47.7490
3.1392	0.032444	47.7429
3.1892	0.032444	47.7382
3.2392	0.032442	47.7335
3.2892	0.032442	47.7285
3.3311	0.032438	47.7241
3.3811	0.032438	47.7195
3.4311	0.032436	47.7143
3.4811	0.032442	47.7093
3.5391	0.032446	47.7035
3.5891	0.032446	47.6981
3.6391	0.032450	47.6929
3.6891	0.032452	47.6882
3.7310	0.032458	47.6840
3.7810	0.032458	47.6789
3.8310	0.032454	47.6741
3.8810	0.032452	47.6687
3.9228	0.032454	47.6647
3.9728	0.032460	47.6599
4.0228	0.032464	47.6545
4.0728	0.032462	47.6501
4.1310	0.032460	47.6440
4.1810	0.032462	47.6393
4.2310	0.032466	47.6343
4.2810	0.032481	47.6291
4.3227	0.032479	47.6252
4.3727	0.032471	47.6200
4.4227	0.032477	47.6151
4.4727	0.032479	47.6102
4.5308	0.032473	47.6043
4.5808	0.032473	47.5995
4.6308	0.032475	47.5940
4.6808	0.032487	47.5894
4.7225	0.032481	47.5853
4.7725	0.032475	47.5799
4.8225	0.032483	47.5754
4.8725	0.032497	47.5700
4.9304	0.032487	47.5642
4.9804	0.032485	47.5591
5.0304	0.032491	47.5540
5.0804	0.032499	47.5492
5.1224	0.032501	47.5448
5.1724	0.032493	47.5399
5.2224	0.032491	47.5348
5.2724	0.032499	47.5295
5.3305	0.032493	47.5242
5.3805	0.032497	47.5196
5.4305	0.032499	47.5146
5.4805	0.032497	47.5092
5.5221	0.032503	47.5048
5.5721	0.032513	47.5002
5.6221	0.032511	47.4948
5.6721	0.032507	47.4900
5.7301	0.032513	47.4842
5.7801	0.032511	47.4791
5.8301	0.032517	47.4743
5.8801	0.032521	47.4692
5.9221	0.032519	47.4652
5.9721	0.032527	47.4602
6.0221	0.032529	47.4548
6.0721	0.032531	47.4502
6.1299	0.032525	47.4440
6.1799	0.032527	47.4394
6.2299	0.032539	47.4344
6.2799	0.032544	47.4293
6.3218	0.032539	47.4254
6.3718	0.032537	47.4202
6.4218	0.032535	47.4152
6.4718	0.032533	47.4102
6.5297	0.032544	47.4042
6.5797	0.032544	47.3994
6.6297	0.032546	47.3938
6.6797	0.032552	47.3892
6.7217	0.032556	47.3853
6.7717	0.032556	47.3804
6.8217	0.032554	47.3751
6.8717	0.032558	47.3704
6.9296	0.032558	47.3646
6.9796	0.032560	47.3591
7.0296	0.032560	47.3539
7.0796	0.032560	47.3491
7.1215	0.032560	47.3453
7.1715	0.032560	47.3400
7.2215	0.032564	47.3351
7.2715	0.032568	47.3302
7.3134	0.032572	47.3256
7.3634	0.032568	47.3208
7.4134	0.032564	47.3158
7.4634	0.032570	47.3107
7.5213	0.032574	47.3051
7.5713	0.032574	47.3000
7.6213	0.032578	47.2953
7.6713	0.032582	47.2900
7.7140	0.032584	47.2858
7.7640	0.032586	47.2811
7.8140	0.032594	47.2757
7.8640	0.032598	47.2705
7.9212	0.032600	47.2650
7.9712	0.032596	47.2600
8.0212	0.032596	47.2548
8.0712	0.032600	47.2503
8.1131	0.032594	47.2457
8.1631	0.032598	47.2408
8.2131	0.032606	47.2361
8.2631	0.032610	47.2313
8.3210	0.032612	47.2253
8.3710	0.032610	47.2199
8.4210	0.032604	47.2151
8.4710	0.032614	47.2101
8.5129	0.032621	47.2058
8.5629	0.032623	47.2011
8.6129	0.032614	47.1960
8.6629	0.032612	47.1912
8.7209	0.032623	47.1854
8.7709	0.032631	47.1801
8.8209	0.032627	47.1748
8.8709	0.032623	47.1701
8.9127	0.032631	47.1658
8.9627	0.032633	47.1608
9.0127	0.032643	47.1560
9.0627	0.032637	47.1512
9.1207	0.032629	47.1452
9.1707	0.032641	47.1404
9.2207	0.032645	47.1354
9.2707	0.032645	47.1303
9.3126	0.032643	47.1262
9.3626	0.032645	47.1207
9.4126	0.032655	47.1159
9.4626	0.032649	47.1110
9.5205	0.032647	47.1050
9.5705	0.032653	47.1004
9.6205	0.032655	47.0951
9.6705	0.032661	47.0904
9.7125	0.032659	47.0862
9.7625	0.032659	47.0808
9.8125	0.032659	47.0762
9.8625	0.032667	47.0709
9.9204	0.032675	47.0653
9.9704	0.032671	47.0602
10.0204	0.032671	47.0552
10.0704	0.032669	47.0504
10.1123	0.032673	47.0459
10.1623	0.032677	47.0411
10.2123	0.032675	47.0362
10.2623	0.032673	47.0308
10.3042	0.032685	47.0264
10.3542	0.032689	47.0215
10.4042	0.032685	47.0167
10.4542	0.032687	47.0119
10.5121	0.032681	47.0061
10.5621	0.032685	47.0013
10.6121	0.032696	46.9962
10.6621	0.032698	46.9913
10.7041	0.032691	46.9872
10.7541	0.032694	46.9819
10.8041	0.032696	46.9766
10.8541	0.032702	46.9718
10.9119	0.032706	46.9660
10.9619	0.032702	46.9609
11.0119	0.032702	46.9560
11.0619	0.032716	46.9506
11.1042	0.032716	46.9467
11.1542	0.032718	46.9421
11.2042	0.032716	46.9372
11.2542	0.032722	46.9320
11.3118	0.032720	46.9258
11.3618	0.032718	46.9212
11.4118	0.032718	46.9159
11.4618	0.032724	46.9108
11.5037	0.032730	46.9068
11.5537	0.032732	46.9016
11.6037	0.032722	46.8968
11.6537	0.032728	46.8918
11.7116	0.032736	46.8860
11.7616	0.032740	46.8813
11.8116	0.032738	46.8759
11.8616	0.032738	46.8713
11.9035	0.032738	46.8671
11.9535	0.032740	46.8617
12.0035	0.032738	46.8565
12.0535	0.032744	46.8518
12.1115	0.032746	46.8464
12.1615	0.032750	46.8414
12.2115	0.032756	46.8364
12.2615	0.032752	46.8315
12.3034	0.032756	46.8272
12.3534	0.032754	46.8218
12.4034	0.032756	46.8167
12.4534	0.032771	46.8119
12.5113	0.032771	46.8059
12.5613	0.032764	46.8012
12.6113	0.032764	46.7960
12.6613	0.032766	46.7911
12.7032	0.032773	46.7870
12.7532	0.032779	46.7817
12.8032	0.032781	46.7772
12.8532	0.032775	46.7721
12.9111	0.032773	46.7659
12.9611	0.032785	46.7608
13.0111	0.032791	46.7561
13.0611	0.032787	46.7507
13.1033	0.032787	46.7468
13.1533	0.032793	46.7420
13.2033	0.032795	46.7367
13.2533	0.032799	46.7322
13.3110	0.032801	46.7262
13.3610	0.032793	46.7207
13.4110	0.032799	46.7156
13.4610	0.032811	46.7110
13.5033	0.032809	46.7071
13.5533	0.032803	46.7019
13.6033	0.032797	46.6970
13.6533	0.032805	46.6921
13.6948	0.032815	46.6878
13.7448	0.032811	46.6830
13.7948	0.032809	46.6777
13.8448	0.032815	46.6727
13.9027	0.032823	46.6670
13.9527	0.032823	46.6617
14.0027	0.032825	46.6572
14.0527	0.032829	46.6517
14.0950	0.032835	46.6475
14.1450	0.032841	46.6426
14.1950	0.032835	46.6374
14.2450	0.032833	46.6327
14.3026	0.032831	46.6268
14.3526	0.032839	46.6220
14.4026	0.032844	46.6171
14.4526	0.032844	46.6117
14.4945	0.032848	46.6079
14.5445	0.032846	46.6027
14.5945	0.032850	46.5977
14.6445	0.032852	46.5929
14.7024	0.032852	46.5867
14.7524	0.032856	46.5822
14.8024	0.032856	46.5767
14.8524	0.032852	46.5718
14.8943	0.032858	46.5678
14.9443	0.032858	46.5626
14.9943	0.032858	46.5579
15.0443	0.032860	46.5528
15.1023	0.032854	46.5472
15.1523	0.032860	46.5422
15.2023	0.032868	46.5368
15.2523	0.032874	46.5322
15.2942	0.032874	46.5277
15.3442	0.032880	46.5227
15.3942	0.032884	46.5180
15.4442	0.032878	46.5126
15.5021	0.032880	46.5072
15.5521	0.032876	46.5019
15.6021	0.032884	46.4970
15.6521	0.032888	46.4921
15.6941	0.032890	46.4877
15.7441	0.032896	46.4830
15.7941	0.032896	46.4777
15.8441	0.032898	46.4727
15.9020	0.032898	46.4671
15.9520	0.032904	46.4617
16.0020	0.032904	46.4572
16.0520	0.032908	46.4525
16.0939	0.032908	46.4483
16.1439	0.032912	46.4429
16.1939	0.032914	46.4375
16.2439	0.032919	46.4328
16.3018	0.032916	46.4269
16.3518	0.032921	46.4221
16.4018	0.032923	46.4172
16.4518	0.032923	46.4121
16.4937	0.032927	46.4080
16.5437	0.032935	46.4033
16.5937	0.032935	46.3983
16.6437	0.032939	46.3930
16.7020	0.032939	46.3869
16.7520	0.032945	46.3823
16.8020	0.032953	46.3767
16.8520	0.032953	46.3719
16.8936	0.032949	46.3678
16.9436	0.032951	46.3627
16.9936	0.032949	46.3580
17.0436	0.032951	46.3529
17.0858	0.032947	46.3487
17.1358	0.032951	46.3438
17.1858	0.032957	46.3383
17.2358	0.032959	46.3338
17.2934	0.032955	46.3279
17.3434	0.032953	46.3230
17.3934	0.032955	46.3183
17.4434	0.032969	46.3129
17.4853	0.032971	46.3084
17.5353	0.032971	46.3035
17.5853	0.032971	46.2989
17.6353	0.032973	46.2940
17.6932	0.032979	46.2881
17.7432	0.032977	46.2833
17.7932	0.032979	46.2781
17.8432	0.032983	46.2731
17.8851	0.032981	46.2688
17.9351	0.032985	46.2633
17.9851	0.032994	46.2589
18.0351	0.032991	46.2538
18.0934	0.032998	46.2480
18.1434	0.032998	46.2431
18.1934	0.033006	46.2377
18.2434	0.033002	46.2331
18.2852	0.033004	46.2287
18.3352	0.033008	46.2237
18.3852	0.033004	46.2188
18.4352	0.033006	46.2137
18.4929	0.033014	46.2082
18.5429	0.033016	46.2029
18.5929	0.033016	46.1980
18.6429	0.033026	46.1932
18.6851	0.033030	46.1885
18.7351	0.033022	46.1840
18.7851	0.033026	46.1788
18.8351	0.033032	46.1734
18.8927	0.033030	46.1674
18.9427	0.033028	46.1629
18.9927	0.033032	46.1582
19.0427	0.033040	46.1531
19.0847	0.033040	46.1490
19.1347	0.033044	46.1441
19.1847	0.033050	46.1391
19.2347	0.033042	46.1337
19.2929	0.033048	46.1280
19.3429	0.033050	46.1229
19.3929	0.033054	46.1178
19.4429	0.033056	46.1131
19.4845	0.033064	46.1088
19.5345	0.033060	46.1039
19.5845	0.033064	46.0987
19.6345	0.033064	46.0934
19.6924	0.033069	46.0882
19.7424	0.033073	46.0835
19.7924	0.033077	46.0783
19.8424	0.033079	46.0733
19.8844	0.033077	46.0690
19.9344	0.033081	46.0636
19.9844	0.033085	46.0590
20.0344	0.033083	46.0537
20.0922	0.033081	46.0481
20.1422	0.033087	46.0432
20.1922	0.033093	46.0380
20.2422	0.033095	46.0335
20.2842	0.033103	46.0290
20.3342	0.033107	46.0239
20.3842	0.033105	46.0190
20.4342	0.033103	46.0138
20.4761	0.033111	46.0098
20.5261	0.033115	46.0047
20.5761	0.033111	45.9997
20.6261	0.033111	45.9949
20.6841	0.033123	45.9894
20.7341	0.033123	45.9842
20.7841	0.033123	45.9787
20.8341	0.033123	45.9739
20.8759	0.033125	45.9701
20.9259	0.033129	45.9645
20.9759	0.033129	45.9596
21.0259	0.033133	45.9544
21.0839	0.033139	45.9486
21.1339	0.033131	45.9437
21.1839	0.033133	45.9385
21.2339	0.033144	45.9337
21.2758	0.033148	45.9298
21.3258	0.033148	45.9247
21.3758	0.033152	45.9194
21.4258	0.033150	45.9148
21.4837	0.033156	45.9091
21.5337	0.033160	45.9041
21.5837	0.033160	45.8989
21.6337	0.033160	45.8940
21.6756	0.033170	45.8900
21.7256	0.033176	45.8845
21.7756	0.033172	45.8798
21.8256	0.033170	45.8749
21.8835	0.033176	45.8690
21.9335	0.033180	45.8643
21.9835	0.033180	45.8589
22.0335	0.033192	45.8541
22.0754	0.033190	45.8499
22.1254	0.033180	45.8447
22.1754	0.033186	45.8401
22.2254	0.033194	45.8349
22.2833	0.033204	45.8293
22.3333	0.033204	45.8241
22.3833	0.033208	45.8190
22.4333	0.033206	45.8144
22.4752	0.033208	45.8099
22.5252	0.033216	45.8046
22.5752	0.033216	45.7996
22.6252	0.033212	45.7945
22.6831	0.033216	45.7883
22.7331	0.033227	45.7839
22.7831	0.033231	45.7792
22.8331	0.033229	45.7741
22.8751	0.033229	45.7698
22.9251	0.033233	45.7650
22.9751	0.033237	45.7597
23.0251	0.033237	45.7548
23.0830	0.033229	45.7493
23.1330	0.033231	45.7444
23.1830	0.033245	45.7391
23.2330	0.033253	45.7336
23.2749	0.033251	45.7299
23.3249	0.033251	45.7248
23.3749	0.033253	45.7196
23.4249	0.033257	45.7149
23.4668	0.033261	45.7106
23.5168	0.033265	45.7056
23.5668	0.033259	45.7007
23.6168	0.033259	45.6955
23.6760	0.033267	45.6899
23.7260	0.033277	45.6844
23.7760	0.033275	45.6798
23.8260	0.033275	45.6746
23.8667	0.033283	45.6704
23.9167	0.033291	45.6659
23.9667	0.033287	45.6605
24.0167	0.033287	45.6557
24.0746	0.033294	45.6499
24.1246	0.033294	45.6447
24.1746	0.033304	45.6398
24.2246	0.033302	45.6347
24.2665	0.033312	45.6307
24.3165	0.033310	45.6257
24.3665	0.033308	45.6206
24.4165	0.033306	45.6158
24.4744	0.033312	45.6103
24.5244	0.033316	45.6050
24.5744	0.033316	45.6001
24.6244	0.033318	45.5952
24.6664	0.033330	45.5908
24.7164	0.033332	45.5860
24.7664	0.033320	45.5807
24.8164	0.033334	45.5754
24.8746	0.033342	45.5696
24.9246	0.033338	45.5648
24.9746	0.033340	45.5596
25.0246	0.033342	45.5548
25.0663	0.033342	45.5506
25.1163	0.033348	45.5454
25.1663	0.033354	45.5407
25.2163	0.033352	45.5360
25.2741	0.033358	45.5302
25.3241	0.033360	45.5248
25.3741	0.033369	45.5198
25.4241	0.033373	45.5151
25.4659	0.033373	45.5105
25.5159	0.033373	45.5056
25.5659	0.033377	45.5006
25.6159	0.033379	45.4955
25.6738	0.033385	45.4900
25.7238	0.033387	45.4848
25.7738	0.033385	45.4801
25.8238	0.033385	45.4749
25.8658	0.033389	45.4705
25.9158	0.033393	45.4660
25.9658	0.033391	45.4606
26.0158	0.033393	45.4558
26.0739	0.033401	45.4499
26.1239	0.033405	45.4448
26.1739	0.033407	45.4400
26.2239	0.033413	45.4347
26.2656	0.033415	45.4307
26.3156	0.033419	45.4258
26.3656	0.033421	45.4207
26.4156	0.033429	45.4159
26.4735	0.033429	45.4097
26.5235	0.033429	45.4051
26.5735	0.033429	45.3998
26.6235	0.033431	45.3948
26.6682	0.033433	45.3907
26.7182	0.033444	45.3853
26.7682	0.033446	45.3806
26.8182	0.033448	45.3755
26.8574	0.033454	45.3714
26.9074	0.033450	45.3667
26.9574	0.033456	45.3615
27.0074	0.033462	45.3566
27.0658	0.033458	45.3508
27.1158	0.033464	45.3458
27.1658	0.033466	45.3411
27.2158	0.033462	45.3355
27.2572	0.033474	45.3316
27.3072	0.033482	45.3266
27.3572	0.033480	45.3213
27.4072	0.033480	45.3169
27.4651	0.033486	45.3107
27.5151	0.033494	45.3059
27.5651	0.033492	45.3011
27.6151	0.033488	45.2960
27.6571	0.033498	45.2913
27.7071	0.033506	45.2866
27.7571	0.033504	45.2820
27.8071	0.033504	45.2771
27.8649	0.033498	45.2709
27.9149	0.033508	45.2656
27.9649	0.033514	45.2608
28.0149	0.033523	45.2558
28.0569	0.033519	45.2517
28.1069	0.033523	45.2470
28.1569	0.033523	45.2397
28.2069	0.033527	45.2373
28.2648	0.033531	45.2305
28.3148	0.033537	45.2258
28.3648	0.033537	45.2211
28.4148	0.033539	45.2160
28.4567	0.033543	45.2118
28.5067	0.033551	45.2070
28.5567	0.033551	45.2017
28.6067	0.033551	45.1968
28.6646	0.033553	45.1908
28.7146	0.033565	45.1857
28.7646	0.033557	45.1811
28.8146	0.033563	45.1765
28.8565	0.033567	45.1722
28.9065	0.033569	45.1669
28.9565	0.033577	45.1614
29.0065	0.033581	45.1558
29.0646	0.033571	45.1507
29.1146	0.033571	45.1459
29.1646	0.033581	45.1409
29.2146	0.033594	45.1359
29.2563	0.033594	45.1319
29.3063	0.033594	45.1267
29.3563	0.033598	45.1218
29.4063	0.033602	45.1170
29.4643	0.033608	45.1113
29.5143	0.033614	45.1060
29.5643	0.033614	45.1004
29.6143	0.033614	45.0960
29.6562	0.033614	45.0920
29.7062	0.033620	45.0870
29.7562	0.033624	45.0816
29.8062	0.033628	45.0764
29.8641	0.033628	45.0709
29.9141	0.033626	45.0658
29.9641	0.033630	45.0609
30.0141	0.033638	45.0561
30.0560	0.033642	45.0515
30.1060	0.033646	45.0468
30.1560	0.033646	45.0416
30.2060	0.033650	45.0365
30.2479	0.033652	45.0326
30.2979	0.033650	45.0279
30.3479	0.033658	45.0228
30.3979	0.033662	45.0178
30.4559	0.033660	45.0120
30.5059	0.033671	45.0067
30.5559	0.033675	45.0015
30.6059	0.033673	44.9966
30.6478	0.033673	44.9924
30.6978	0.033683	44.9873
30.7478	0.033695	44.9826
30.7978	0.033695	44.9780
30.8561	0.033689	44.9721
30.9061	0.033687	44.9667
30.9561	0.033695	44.9616
31.0061	0.033703	44.9569
31.0476	0.033707	44.9524
31.0976	0.033705	44.9474
31.1476	0.033711	44.9424
31.1976	0.033717	44.9374
31.2555	0.033719	44.9319
31.3055	0.033721	44.9266
31.3555	0.033721	44.9218
31.4055	0.033723	44.9166
31.4475	0.033733	44.9122
31.4975	0.033731	44.9078
31.5475	0.033733	44.9024
31.5975	0.033737	44.8976
31.6554	0.033750	44.8917
31.7054	0.033754	44.8866
31.7554	0.033756	44.8820
31.8054	0.033756	44.8772
31.8473	0.033758	44.8726
31.8973	0.033766	44.8676
31.9473	0.033764	44.8628
31.9973	0.033764	44.8574
32.0552	0.033766	44.8524
32.1052	0.033772	44.8472
32.1552	0.033778	44.8419
32.2052	0.033778	44.8368
32.2471	0.033784	44.8330
32.2971	0.033790	44.8277
32.3471	0.033796	44.8224
32.3971	0.033796	44.8174
32.4551	0.033798	44.8119
32.5051	0.033804	44.8070
32.5551	0.033812	44.8018
32.6051	0.033816	44.7969
32.6469	0.033814	44.7926
32.6969	0.033812	44.7874
32.7469	0.033814	44.7826
32.7969	0.033823	44.7771
32.8549	0.033823	44.7718
32.9049	0.033823	44.7671
32.9549	0.033837	44.7620
33.0049	0.033839	44.7568
33.0468	0.033839	44.7530
33.0968	0.033843	44.7478
33.1468	0.033849	44.7429
33.1968	0.033855	44.7381
33.2547	0.033853	44.7319
33.3047	0.033855	44.7267
33.3547	0.033861	44.7220
33.4047	0.033865	44.7170
33.4466	0.033877	44.7128
33.4966	0.033877	44.7080
33.5466	0.033877	44.7026
33.5966	0.033877	44.6979
33.6386	0.033881	44.6937
33.6886	0.033887	44.6883
33.7386	0.033896	44.6838
33.7886	0.033896	44.6785
33.8465	0.033898	44.6727
33.8965	0.033902	44.6678
33.9465	0.033910	44.6628
33.9965	0.033916	44.6581
34.0384	0.033920	44.6538
34.0884	0.033918	44.6485
34.1384	0.033924	44.6434
34.1884	0.033926	44.6387
34.2463	0.033934	44.6327
34.2963	0.033938	44.6278
34.3463	0.033936	44.6227
34.3963	0.033936	44.6178
34.4382	0.033942	44.6139
34.4882	0.033954	44.6086
34.5382	0.033958	44.6034
34.5882	0.033958	44.5985
34.6461	0.033960	44.5928
34.6961	0.033969	44.5877
34.7461	0.033964	44.5830
34.7961	0.033966	44.5775
34.8381	0.033975	44.5734
34.8881	0.033981	44.5688
34.9381	0.033975	44.5634
34.9881	0.033971	44.5590
35.0460	0.033981	44.5529
35.0960	0.033985	44.5474
35.1460	0.033987	44.5423
35.1960	0.033991	44.5378
35.2380	0.033997	44.5339
35.2880	0.034003	44.5289
35.3380	0.034007	44.5236
35.3880	0.034013	44.5184
35.4458	0.034013	44.5131
35.4958	0.034019	44.5076
35.5458	0.034025	44.5028
35.5958	0.034023	44.4978
35.6382	0.034027	44.4934
35.6882	0.034037	44.4887
35.7382	0.034044	44.4834
35.7882	0.034046	44.4785
35.8457	0.034044	44.4732
35.8957	0.034056	44.4683
35.9457	0.034056	44.4630
35.9957	0.034060	44.4576
36.0376	0.034062	44.4536
36.0876	0.034058	44.4486
36.1376	0.034058	44.4434
36.1876	0.034072	44.4388
36.2455	0.034074	44.4329
36.2955	0.034068	44.4281
36.3455	0.034084	44.4231
36.3955	0.034090	44.4180
36.4374	0.034086	44.4140
36.4874	0.034092	44.4086
36.5374	0.034098	44.4033
36.5874	0.034100	44.3982
36.6295	0.034106	44.3943
36.6795	0.034114	44.3899
36.7295	0.034114	44.3847
36.7795	0.034123	44.3792
36.8372	0.034123	44.3733
36.8872	0.034121	44.3688
36.9372	0.034121	44.3641
36.9872	0.034123	44.3590
37.0292	0.034139	44.3546
37.0792	0.034145	44.3493
37.1292	0.034145	44.3450
37.1792	0.034145	44.3396
37.2371	0.034147	44.3338
37.2871	0.034157	44.3288
37.3371	0.034161	44.3238
37.3871	0.034171	44.3189
37.4291	0.034173	44.3146
37.4791	0.034175	44.3097
37.5291	0.034171	44.3047
37.5791	0.034171	44.2994
37.6369	0.034181	44.2932
37.6869	0.034198	44.2885
37.7369	0.034198	44.2840
37.7869	0.034202	44.2788
37.8289	0.034204	44.2744
37.8789	0.034210	44.2698
37.9289	0.034208	44.2646
37.9789	0.034216	44.2597
38.0368	0.034222	44.2538
38.0868	0.034226	44.2488
38.1368	0.034226	44.2440
38.1868	0.034236	44.2387
38.2290	0.034236	44.2343
38.2790	0.034238	44.2293
38.3290	0.034240	44.2246
38.3790	0.034244	44.2194
38.4366	0.034250	44.2137
38.4866	0.034250	44.2083
38.5366	0.034260	44.2035
38.5866	0.034264	44.1990
38.6285	0.034264	44.1951
38.6785	0.034269	44.1899
38.7285	0.034277	44.1845
38.7785	0.034281	44.1796
38.8373	0.034283	44.1740
38.8873	0.034289	44.1686
38.9373	0.034287	44.1638
38.9873	0.034295	44.1586
39.0287	0.034301	44.1545
39.0787	0.034307	44.1498
39.1287	0.034313	44.1446
39.1787	0.034307	44.1399
39.2364	0.034309	44.1338
39.2864	0.034325	44.1289
39.3364	0.034329	44.1241
39.3864	0.034329	44.1187
39.4282	0.034329	44.1143
39.4782	0.034337	44.1094
39.5282	0.034346	44.1046
39.5782	0.034344	44.0997
39.6361	0.034344	44.0937
39.6861	0.034356	44.0889
39.7361	0.034366	44.0837
39.7861	0.034368	44.0788
39.8280	0.034368	44.0747
39.8780	0.034376	44.0692
39.9280	0.034376	44.0647
39.9780	0.034384	44.0599
40.0200	0.034388	44.0557
40.0700	0.034390	44.0506
40.1200	0.034388	44.0458
40.1700	0.034390	44.0408
40.2284	0.034400	44.0344
40.2784	0.034408	44.0292
40.3284	0.034410	44.0245
40.3784	0.034414	44.0199
40.4198	0.034425	44.0154
40.4698	0.034429	44.0106
40.5198	0.034437	44.0058
40.5698	0.034435	44.0004
40.6279	0.034435	43.9949
40.6779	0.034445	43.9896
40.7279	0.034453	43.9848
40.7779	0.034453	43.9798
40.8196	0.034459	43.9755
40.8696	0.034463	43.9707
40.9196	0.034465	43.9652
40.9696	0.034469	43.9604
41.0279	0.034473	43.9546
41.0779	0.034485	43.9495
41.1279	0.034487	43.9449
41.1779	0.034485	43.9394
41.2197	0.034489	43.9356
41.2697	0.034491	43.9306
41.3197	0.034500	43.9253
41.3697	0.034514	43.9206
41.4274	0.034504	43.9146
41.4774	0.034504	43.9098
41.5274	0.034516	43.9048
41.5774	0.034526	43.8998
41.6194	0.034534	43.8957
41.6694	0.034534	43.8901
41.7194	0.034532	43.8854
41.7694	0.034538	43.8805
41.8272	0.034550	43.8745
41.8772	0.034560	43.8699
41.9272	0.034556	43.8644
41.9772	0.034556	43.8596
42.0191	0.034566	43.8553
42.0691	0.034569	43.8502
42.1191	0.034577	43.8455
42.1691	0.034583	43.8402
42.2271	0.034593	43.8345
42.2771	0.034599	43.8293
42.3271	0.034595	43.8243
42.3771	0.034603	43.8197
42.4190	0.034607	43.8157
42.4690	0.034607	43.8106
42.5190	0.034609	43.8056
42.5690	0.034621	43.8007
42.6269	0.034635	43.7949
42.6769	0.034635	43.7902
42.7269	0.034635	43.7848
42.7769	0.034644	43.7796
42.8189	0.034656	43.7754
42.8689	0.034656	43.7706
42.9189	0.034658	43.7654
42.9689	0.034662	43.7606
43.0267	0.034670	43.7546
43.0767	0.034678	43.7496
43.1267	0.034678	43.7449
43.1767	0.034676	43.7393
43.2187	0.034682	43.7356
43.2687	0.034694	43.7306
43.3187	0.034698	43.7253
43.3687	0.034702	43.7205
43.4107	0.034704	43.7160
43.4607	0.034716	43.7110
43.5107	0.034727	43.7064
43.5607	0.034721	43.7017
43.6185	0.034723	43.6955
43.6685	0.034735	43.6911
43.7185	0.034739	43.6857
43.7685	0.034745	43.6807
43.8104	0.034749	43.6766
43.8604	0.034759	43.6714
43.9104	0.034771	43.6666
43.9604	0.034769	43.6615
44.0183	0.034775	43.6558
44.0683	0.034777	43.6508
44.1183	0.034785	43.6455
44.1683	0.034800	43.6410
44.2103	0.034804	43.6365
44.2603	0.034804	43.6314
44.3103	0.034804	43.6266
44.3603	0.034812	43.6212
44.4182	0.034818	43.6157
44.4682	0.034818	43.6106
44.5182	0.034826	43.6057
44.5682	0.034834	43.6008
44.6108	0.034830	43.5963
44.6608	0.034838	43.5914
44.7108	0.034850	43.5862
44.7608	0.034846	43.5813
44.8181	0.034846	43.5757
44.8681	0.034852	43.5704
44.9181	0.034858	43.5659
44.9681	0.034862	43.5605
45.0100	0.034873	43.5564
45.0600	0.034879	43.5516
45.1100	0.034889	43.5463
45.1600	0.034899	43.5419
45.2182	0.034899	43.5357
45.2682	0.034903	43.5307
45.3182	0.034907	43.5257
45.3682	0.034911	43.5206
45.4098	0.034913	43.5167
45.4598	0.034915	43.5114
45.5098	0.034921	43.5064
45.5598	0.034927	43.5017
45.6177	0.034933	43.4956
45.6677	0.034927	43.4911
45.7177	0.034905	43.4855
45.7677	0.034901	43.4805
45.8097	0.034909	43.4764
45.8597	0.034925	43.4712
45.9097	0.034937	43.4664
45.9597	0.034943	43.4612
46.0176	0.034950	43.4554
46.0676	0.034960	43.4508
46.1176	0.034968	43.4459
46.1676	0.034970	43.4406
46.2095	0.034974	43.4366
46.2595	0.034980	43.4316
46.3095	0.034992	43.4266
46.3595	0.034996	43.4219
46.4014	0.035002	43.4176
46.4514	0.035006	43.4122
46.5014	0.035008	43.4070
46.5514	0.035018	43.4022
46.6093	0.035025	43.3962
46.6593	0.035027	43.3916
46.7093	0.035033	43.3864
46.7593	0.035039	43.3815
46.8012	0.035053	43.3775
46.8512	0.035063	43.3727
46.9012	0.035065	43.3674
46.9512	0.035061	43.3625
47.0092	0.035071	43.3567
47.0592	0.035083	43.3517
47.1092	0.035089	43.3468
47.1592	0.035075	43.3414
47.2011	0.035063	43.3375
47.2511	0.035069	43.3325
47.3011	0.035075	43.3272
47.3511	0.035081	43.3227
47.4090	0.035089	43.3164
47.4590	0.035096	43.3117
47.5090	0.035110	43.3065
47.5590	0.035118	43.3014
47.6010	0.035122	43.2974
47.6510	0.035128	43.2923
47.7010	0.035140	43.2874
47.7510	0.035140	43.2824
47.8089	0.035144	43.2766
47.8589	0.035152	43.2717
47.9089	0.035156	43.2662
47.9589	0.035162	43.2618
48.0008	0.035171	43.2575
48.0508	0.035181	43.2522
48.1008	0.035181	43.2476
48.1508	0.035195	43.2421
48.2087	0.035205	43.2364
48.2587	0.035211	43.2318
48.3087	0.035211	43.2270
48.3587	0.035221	43.2217
48.4007	0.035225	43.2169
48.4507	0.035227	43.2122
48.5007	0.035231	43.2071
48.5507	0.035231	43.2020
48.6085	0.035246	43.1967
48.6585	0.035266	43.1919
48.7085	0.035268	43.1867
48.7585	0.035266	43.1820
48.8005	0.035270	43.1778
48.8505	0.035288	43.1725
48.9005	0.035294	43.1670
48.9505	0.035290	43.1622
49.0084	0.035292	43.1564
49.0584	0.035302	43.1515
49.1084	0.035312	43.1466
49.1584	0.035316	43.1414
49.2003	0.035316	43.1375
49.2503	0.035327	43.1327
49.3003	0.035341	43.1278
49.3503	0.035351	43.1226
49.4082	0.035351	43.1163
49.4582	0.035357	43.1117
49.5082	0.035371	43.1064
49.5582	0.035373	43.1014
49.6002	0.035375	43.0974
49.6502	0.035381	43.0922
49.7002	0.035383	43.0874
49.7502	0.035393	43.0823
49.7921	0.035404	43.0781
49.8421	0.035410	43.0735
49.8921	0.035414	43.0682
49.9421	0.035420	43.0635
50.0000	0.035430	43.0576
50.0500	0.035434	43.0525
50.1000	0.035446	43.0480
50.1500	0.035448	43.0425
50.1922	0.035452	43.0379
50.2422	0.035460	43.0329
50.2922	0.035468	43.0284
50.3422	0.035473	43.0237
50.3998	0.035483	43.0176
50.4498	0.035487	43.0130
50.4998	0.035495	43.0081
50.5498	0.035497	43.0028
50.5917	0.035501	42.9982
50.6417	0.035511	42.9934
50.6917	0.035521	42.9883
50.7417	0.035523	42.9833
50.7997	0.035535	42.9777
50.8497	0.035546	42.9726
50.8997	0.035556	42.9679
50.9497	0.035560	42.9626
50.9916	0.035566	42.9582
51.0416	0.035572	42.9530
51.0916	0.035582	42.9483
51.1416	0.035584	42.9432
51.1995	0.035594	42.9376
51.2495	0.035606	42.9325
51.2995	0.035614	42.9273
51.3495	0.035614	42.9230
51.3914	0.035618	42.9184
51.4414	0.035633	42.9135
51.4914	0.035651	42.9087
51.5414	0.035655	42.9033
51.5993	0.035655	42.8978
51.6493	0.035651	42.8926
51.6993	0.035661	42.8878
51.7493	0.035671	42.8828
51.7914	0.035675	42.8784
51.8414	0.035679	42.8737
51.8914	0.035685	42.8684
51.9414	0.035700	42.8630
51.9992	0.035710	42.8573
52.0492	0.035722	42.8525
52.0992	0.035730	42.8473
52.1492	0.035734	42.8425
52.1911	0.035738	42.8381
52.2411	0.035746	42.8330
52.2911	0.035754	42.8285
52.3411	0.035766	42.8231
52.3990	0.035779	42.8177
52.4490	0.035781	42.8126
52.4990	0.035777	42.8076
52.5490	0.035783	42.8030
52.5909	0.035791	42.7983
52.6409	0.035805	42.7934
52.6909	0.035811	42.7884
52.7409	0.035813	42.7833
52.7988	0.035821	42.7778
52.8488	0.035835	42.7726
52.8988	0.035839	42.7678
52.9488	0.035848	42.7626
52.9908	0.035856	42.7583
53.0408	0.035860	42.7538
53.0908	0.035868	42.7482
53.1408	0.035880	42.7435
53.1830	0.035880	42.7393
53.2330	0.035886	42.7339
53.2830	0.035890	42.7293
53.3330	0.035892	42.7241
53.3905	0.035906	42.7185
53.4405	0.035912	42.7134
53.4905	0.035916	42.7083
53.5405	0.035927	42.7035
53.5825	0.035939	42.6989
53.6325	0.035945	42.6941
53.6825	0.035945	42.6895
53.7325	0.035945	42.6845
53.7904	0.035961	42.6785
53.8404	0.035973	42.6738
53.8904	0.035977	42.6687
53.9404	0.035985	42.6633
53.9823	0.035989	42.6588
54.0323	0.036004	42.6541
54.0823	0.036010	42.6496
54.1323	0.036016	42.6443
54.1902	0.036026	42.6386
54.2402	0.036026	42.6336
54.2902	0.035973	42.6282
54.3402	0.035937	42.6234
54.3822	0.035951	42.6189
54.4322	0.035963	42.6140
54.4822	0.035967	42.6091
54.5322	0.035977	42.6039
54.5901	0.035991	42.5983
54.6401	0.035993	42.5938
54.6901	0.036006	42.5885
54.7401	0.036016	42.5835
54.7823	0.036026	42.5796
54.8323	0.036040	42.5744
54.8823	0.036042	42.5695
54.9323	0.036042	42.5645
54.9900	0.036048	42.5588
55.0400	0.036058	42.5539
55.0900	0.036073	42.5484
55.1400	0.036085	42.5433
55.1819	0.036087	42.5392
55.2319	0.036089	42.5343
55.2819	0.036097	42.5290
55.3319	0.036111	42.5242
55.3898	0.036121	42.5188
55.4398	0.036129	42.5136
55.4898	0.036146	42.5086
55.5398	0.036156	42.5036
55.5817	0.036162	42.4993
55.6317	0.036160	42.4946
55.6817	0.036166	42.4895
55.7317	0.036180	42.4844
55.7896	0.036198	42.4790
55.8396	0.036202	42.4736
55.8896	0.036206	42.4684
55.9396	0.036216	42.4636
55.9815	0.036223	42.4593
56.0315	0.036233	42.4540
56.0815	0.036243	42.4494
56.1315	0.036253	42.4446
56.1894	0.036263	42.4386
56.2394	0.036265	42.4337
56.2894	0.036271	42.4289
56.3394	0.036281	42.4238
56.3817	0.036287	42.4199
56.4317	0.036302	42.4146
56.4817	0.036306	42.4092
56.5317	0.036318	42.4040
56.5733	0.036330	42.4001
56.6233	0.036338	42.3951
56.6733	0.036340	42.3901
56.7233	0.036352	42.3853
56.7812	0.036366	42.3796
56.8312	0.036377	42.3744
56.8812	0.036387	42.3697
56.9312	0.036387	42.3646
56.9731	0.036395	42.3604
57.0231	0.036413	42.3558
57.0731	0.036421	42.3502
57.1231	0.036425	42.3454
57.1810	0.036437	42.3396
57.2310	0.036448	42.3342
57.2810	0.036460	42.3291
57.3310	0.036462	42.3244
57.3730	0.036468	42.3199
57.4230	0.036482	42.3150
57.4730	0.036494	42.3104
57.5230	0.036502	42.3055
57.5809	0.036516	42.2995
57.6309	0.036523	42.2948
57.6809	0.036531	42.2897
57.7309	0.036541	42.2844
57.7727	0.036553	42.2798
57.8227	0.036563	42.2749
57.8727	0.036569	42.2704
57.9227	0.036575	42.2654
57.9807	0.036585	42.2595
58.0307	0.036593	42.2547
58.0807	0.036606	42.2492
58.1307	0.036616	42.2444
58.1727	0.036624	42.2401
58.2227	0.036630	42.2352
58.2727	0.036640	42.2304
58.3227	0.036654	42.2252
58.3834	0.036666	42.2194
58.4334	0.036679	42.2142
58.4834	0.036681	42.2092
58.5334	0.036691	42.2043
58.5724	0.036707	42.2000
58.6224	0.036713	42.1954
58.6724	0.036721	42.1905
58.7224	0.036729	42.1851
58.7803	0.036748	42.1790
58.8303	0.036756	42.1745
58.8803	0.036764	42.1698
58.9303	0.036778	42.1647
58.9722	0.036796	42.1604
59.0222	0.036806	42.1556
59.0722	0.036810	42.1503
59.1222	0.036814	42.1454
59.1804	0.036823	42.1393
59.2304	0.036833	42.1343
59.2804	0.036845	42.1297
59.3304	0.036855	42.1248
59.3721	0.036869	42.1206
59.4221	0.036875	42.1152
59.4721	0.036885	42.1101
59.5221	0.036902	42.1052
59.5640	0.036910	42.1008
59.6140	0.036924	42.0959
59.6640	0.036922	42.0909
59.7140	0.036934	42.0858
59.7719	0.036944	42.0801
59.8219	0.036954	42.0746
59.8719	0.036966	42.0700
59.9219	0.036981	42.0653
59.9638	0.036991	42.0612
60.0138	0.037003	42.0561
60.0638	0.037017	42.0514
60.1138	0.037027	42.0463
60.1729	0.037041	42.0405
60.2229	0.037064	42.0354
60.2729	0.037066	42.0302
60.3229	0.037064	42.0256
60.3637	0.037074	42.0211
60.4137	0.037084	42.0162
60.4637	0.037094	42.0114
60.5137	0.037104	42.0059
60.5716	0.037110	42.0004
60.6216	0.037131	41.9952
60.6716	0.037145	41.9904
60.7216	0.037157	41.9854
60.7635	0.037161	41.9810
60.8135	0.037171	41.9764
60.8635	0.037187	41.9710
60.9135	0.037200	41.9662
60.9718	0.037210	41.9604
61.0218	0.037212	41.9552
61.0718	0.037230	41.9507
61.1218	0.037244	41.9452
61.1636	0.037248	41.9412
61.2136	0.037262	41.9363
61.2636	0.037277	41.9309
61.3136	0.037295	41.9260
61.3713	0.037293	41.9201
61.4213	0.037240	41.9153
61.4713	0.037230	41.9102
61.5213	0.037248	41.9051
61.5632	0.037266	41.9010
61.6132	0.037281	41.8963
61.6632	0.037293	41.8912
61.7132	0.037309	41.8862
61.7714	0.037329	41.8804
61.8214	0.037346	41.8753
61.8714	0.037358	41.8706
61.9214	0.037368	41.8652
61.9632	0.037384	41.8611
62.0132	0.037404	41.8563
62.0632	0.037421	41.8509
62.1132	0.037439	41.8463
62.1709	0.037449	41.8401
62.2209	0.037463	41.8354
62.2709	0.037483	41.8304
62.3209	0.037498	41.8250
62.3632	0.037508	41.8210
62.4132	0.037524	41.8166
62.4632	0.037538	41.8115
62.5132	0.037552	41.8061
62.5707	0.037568	41.8001
62.6207	0.037585	41.7954
62.6707	0.037599	41.7906
62.7207	0.037621	41.7855
62.7627	0.037641	41.7813
62.8127	0.037648	41.7765
62.8627	0.037650	41.7713
62.9127	0.037668	41.7666
62.9549	0.037690	41.7623
63.0049	0.037714	41.7570
63.0549	0.037727	41.7524
63.1049	0.037735	41.7468
63.1625	0.037751	41.7415
63.2125	0.037769	41.7363
63.2625	0.037789	41.7312
63.3125	0.037808	41.7266
63.3544	0.037818	41.7220
63.4044	0.037834	41.7171
63.4544	0.037856	41.7121
63.5044	0.037873	41.7070
63.5623	0.037885	41.7014
63.6123	0.037899	41.6962
63.6623	0.037919	41.6914
63.7123	0.037931	41.6862
63.7543	0.037941	41.6818
63.8043	0.037964	41.6774
63.8543	0.037980	41.6720
63.9043	0.038002	41.6674
63.9622	0.038008	41.6616
64.0122	0.038025	41.6565
64.0622	0.038045	41.6518
64.1122	0.038069	41.6466
64.1541	0.038085	41.6420
64.2041	0.038100	41.6370
64.2541	0.038108	41.6324
64.3041	0.038124	41.6268
64.3620	0.038148	41.6213
64.4120	0.038160	41.6162
64.4620	0.038181	41.6113
64.5120	0.038197	41.6064
64.5539	0.038205	41.6020
64.6039	0.038223	41.5972
64.6539	0.038246	41.5918
64.7039	0.038260	41.5869
64.7618	0.038282	41.5816
64.8118	0.038296	41.5768
64.8618	0.038316	41.5715
64.9118	0.038333	41.5668
64.9538	0.038349	41.5626
65.0038	0.038369	41.5573
65.0538	0.038381	41.5519
65.1038	0.038400	41.5472
65.1617	0.038412	41.5413
65.2117	0.038430	41.5363
65.2617	0.038452	41.5313
65.3117	0.038471	41.5261
65.3536	0.038481	41.5222
65.4036	0.038495	41.5175
65.4536	0.038513	41.5124
65.5036	0.038531	41.5073
65.5615	0.038550	41.5016
65.6115	0.038568	41.4963
65.6615	0.038586	41.4917
65.7115	0.038604	41.4864
65.7534	0.038618	41.4821
65.8034	0.038645	41.4775
65.8534	0.038659	41.4721
65.9034	0.038677	41.4675
65.9613	0.038700	41.4616
66.0113	0.038722	41.4560
66.0613	0.038734	41.4508
66.1113	0.038750	41.4464
66.1537	0.038775	41.4423
66.2037	0.038793	41.4372
66.2537	0.038815	41.4322
66.3037	0.038837	41.4274
66.3451	0.038856	41.4230
66.3951	0.038872	41.4181
66.4451	0.038886	41.4134
66.4951	0.038904	41.4086
66.5531	0.038931	41.4026
66.6031	0.038955	41.3970
66.6531	0.038975	41.3924
66.7031	0.038993	41.3872
66.7450	0.039002	41.3828
66.7950	0.039014	41.3781
66.8450	0.039036	41.3729
66.8950	0.039062	41.3680
66.9529	0.039087	41.3623
67.0029	0.039099	41.3573
67.0529	0.039101	41.3525
67.1029	0.038904	41.3471
67.1448	0.038610	41.3432
67.1948	0.038592	41.3382
67.2448	0.038618	41.3329
67.2948	0.038639	41.3284
67.3527	0.038661	41.3221
67.4027	0.038677	41.3174
67.4527	0.038696	41.3122
67.5027	0.038706	41.3071
67.5446	0.038724	41.3032
67.5946	0.038750	41.2980
67.6446	0.038775	41.2932
67.6946	0.038791	41.2882
67.7526	0.038817	41.2823
67.8026	0.038837	41.2775
67.8526	0.038860	41.2721
67.9026	0.038884	41.2675
67.9449	0.038898	41.2632
67.9949	0.038918	41.2580
68.0449	0.038949	41.2534
68.0949	0.038975	41.2479
68.1524	0.039000	41.2424
68.2024	0.039022	41.2373
68.2524	0.039040	41.2323
68.3024	0.039062	41.2276
68.3443	0.039085	41.2232
68.3943	0.039103	41.2183
68.4443	0.039129	41.2132
68.4943	0.039156	41.2080
68.5522	0.039180	41.2026
68.6022	0.039198	41.1972
68.6522	0.039229	41.1927
68.7022	0.039251	41.1876
68.7441	0.039261	41.1831
68.7941	0.039287	41.1776
68.8441	0.039300	41.1731
68.8941	0.039328	41.1684
68.9521	0.039356	41.1626
69.0021	0.039375	41.1576
69.0521	0.039389	41.1529
69.1021	0.039409	41.1476
69.1440	0.039435	41.1431
69.1940	0.039466	41.1380
69.2440	0.039486	41.1331
69.2940	0.039506	41.1280
69.3523	0.039537	41.1225
69.4023	0.039553	41.1175
69.4523	0.039575	41.1126
69.5023	0.039604	41.1077
69.5443	0.039626	41.1034
69.5943	0.039650	41.0980
69.6443	0.039681	41.0930
69.6943	0.039705	41.0879
69.7357	0.039721	41.0835
69.7857	0.039741	41.0788
69.8357	0.039766	41.0740
69.8857	0.039796	41.0690
69.9437	0.039825	41.0633
69.9937	0.039847	41.0584
70.0437	0.039875	41.0532
70.0937	0.039902	41.0484
70.1356	0.039928	41.0441
70.1856	0.039946	41.0390
70.2356	0.039958	41.0344
70.2856	0.039979	41.0289
70.3435	0.040009	41.0235
70.3935	0.040033	41.0183
70.4435	0.040064	41.0134
70.4935	0.040088	41.0087
70.5357	0.040106	41.0040
70.5857	0.040131	40.9993
70.6357	0.040155	40.9943
70.6857	0.040173	40.9893
70.7433	0.040200	40.9838
70.7933	0.040228	40.9785
70.8433	0.040252	40.9731
70.8933	0.040277	40.9682
70.9352	0.040303	40.9641
70.9852	0.040327	40.9589
71.0352	0.040352	40.9540
71.0852	0.040380	40.9487
71.1432	0.040406	40.9431
71.1932	0.040425	40.9383
71.2432	0.040449	40.9334
71.2932	0.040469	40.9282
71.3358	0.040493	40.9241
71.3858	0.040524	40.9190
71.4358	0.040552	40.9140
71.4858	0.040575	40.9092
71.5430	0.040609	40.9030
71.5930	0.040627	40.8986
71.6430	0.040654	40.8934
71.6930	0.040680	40.8880
71.7349	0.040706	40.8836
71.7849	0.040733	40.8787
71.8349	0.040761	40.8742
71.8849	0.040793	40.8690
71.9429	0.040820	40.8632
71.9929	0.040844	40.8583
72.0429	0.040875	40.8532
72.0929	0.040893	40.8485
72.1348	0.040917	40.8441
72.1848	0.040943	40.8390
72.2348	0.040968	40.8342
72.2848	0.040994	40.8296
72.3430	0.041021	40.8235
72.3930	0.041045	40.8182
72.4430	0.041075	40.8134
72.4930	0.041108	40.8086
72.5346	0.041132	40.8040
72.5846	0.041158	40.7991
72.6346	0.041191	40.7940
72.6846	0.041213	40.7890
72.7265	0.041233	40.7849
72.7765	0.041260	40.7796
72.8265	0.041132	40.7748
72.8765	0.040690	40.7697
72.9344	0.040589	40.7638
72.9844	0.040648	40.7593
73.0344	0.040692	40.7546
73.0844	0.040727	40.7494
73.1264	0.040769	40.7448
73.1764	0.040812	40.7397
73.2264	0.040846	40.7353
73.2764	0.040885	40.7299
73.3343	0.040919	40.7243
73.3843	0.040958	40.7192
73.4343	0.040992	40.7142
73.4843	0.041027	40.7094
73.5262	0.041061	40.7050
73.5762	0.041091	40.7001
73.6262	0.041128	40.6950
73.6762	0.041158	40.6898
73.7341	0.041187	40.6844
73.7841	0.041219	40.6797
73.8341	0.041252	40.6746
73.8841	0.041280	40.6692
73.9260	0.041323	40.6648
73.9760	0.041353	40.6601
74.0260	0.041383	40.6548
74.0760	0.041418	40.6499
74.1339	0.041450	40.6440
74.1839	0.041485	40.6390
74.2339	0.041519	40.6340
74.2839	0.041543	40.6286
74.3259	0.041570	40.6248
74.3759	0.041604	40.6201
74.4259	0.041639	40.6152
74.4759	0.041673	40.6101
74.5338	0.041704	40.6045
74.5838	0.041730	40.5992
74.6338	0.041762	40.5945
74.6838	0.041799	40.5893
74.7257	0.041827	40.5849
74.7757	0.041856	40.5803
74.8257	0.041890	40.5748
74.8757	0.041923	40.5699
74.9338	0.041957	40.5645
74.9838	0.041985	40.5596
75.0338	0.042006	40.5542
75.0838	0.042046	40.5490
75.1255	0.042081	40.5450
75.1755	0.042109	40.5401
75.2255	0.042135	40.5350
75.2755	0.042170	40.5304
75.3337	0.042198	40.5240
75.3837	0.042231	40.5194
75.4337	0.042263	40.5142
75.4837	0.042289	40.5090
75.5254	0.042326	40.5053
75.5754	0.042358	40.4998
75.6254	0.042391	40.4951
75.6754	0.042421	40.4901
75.7333	0.042460	40.4840
75.7833	0.042486	40.4791
75.8333	0.042523	40.4739
75.8833	0.042557	40.4692
75.9252	0.042591	40.4650
75.9752	0.042624	40.4599
76.0252	0.042648	40.4551
76.0752	0.042685	40.4505
76.1172	0.042727	40.4462
76.1672	0.042760	40.4411
76.2172	0.042786	40.4362
76.2672	0.042818	40.4309
76.3251	0.042861	40.4254
76.3751	0.042902	40.4201
76.4251	0.042930	40.4151
76.4751	0.042958	40.4103
76.5169	0.042995	40.4058
76.5669	0.043027	40.4012
76.6169	0.043058	40.3960
76.6669	0.043098	40.3909
76.7248	0.043137	40.3853
76.7748	0.043171	40.3798
76.8248	0.043212	40.3750
76.8748	0.043244	40.3704
76.9168	0.043275	40.3661
76.9668	0.043307	40.3607
77.0168	0.043352	40.3555
77.0668	0.043380	40.3507
77.1247	0.043412	40.3453
77.1747	0.043443	40.3402
77.2247	0.043475	40.3352
77.2747	0.043518	40.3303
77.3166	0.043560	40.3259
77.3666	0.043599	40.3211
77.4166	0.043633	40.3160
77.4666	0.043672	40.3108
77.5246	0.043712	40.3054
77.5746	0.043749	40.2999
77.6246	0.043783	40.2955
77.6746	0.043826	40.2904
77.7164	0.043858	40.2858
77.7664	0.043891	40.2805
77.8164	0.043929	40.2761
77.8664	0.043962	40.2709
77.9244	0.043998	40.2652
77.9744	0.044035	40.2603
78.0244	0.044069	40.2549
78.0744	0.044100	40.2505
78.1163	0.044130	40.2460
78.1663	0.044162	40.2408
78.2163	0.044191	40.2359
78.2663	0.044225	40.2307
78.3242	0.044264	40.2252
78.3742	0.044278	40.2200
78.4242	0.044276	40.2151
78.4742	0.044298	40.2104
78.5161	0.044345	40.2064
78.5661	0.044389	40.2012
78.6161	0.044436	40.1965
78.6661	0.044487	40.1915
78.7240	0.044531	40.1853
78.7740	0.044572	40.1800
78.8240	0.044612	40.1753
78.8740	0.044653	40.1701
78.9159	0.044695	40.1660
78.9659	0.044736	40.1611
79.0159	0.044775	40.1559
79.0659	0.044825	40.1512
79.1239	0.044870	40.1451
79.1739	0.044910	40.1403
79.2239	0.044953	40.1353
79.2739	0.044993	40.1301
79.3157	0.045046	40.1262
79.3657	0.045093	40.1211
79.4157	0.045125	40.1162
79.4657	0.045162	40.1114
79.5076	0.045208	40.1070
79.5576	0.045259	40.1021
79.6076	0.045308	40.0970
79.6576	0.045346	40.0920
79.7155	0.045383	40.0863
79.7655	0.045427	40.0811
79.8155	0.045474	40.0762
79.8655	0.045520	40.0709
79.9075	0.045561	40.0667
79.9575	0.045612	40.0620
80.0075	0.045658	40.0565
80.0575	0.045699	40.0520
80.1154	0.045735	40.0460
80.1654	0.045719	40.0410
80.2154	0.045670	40.0361
80.2654	0.045719	40.0309
80.3073	0.045774	40.0270
80.3573	0.045827	40.0221
80.4073	0.045877	40.0171
80.4573	0.045938	40.0122
80.5152	0.045991	40.0060
80.5652	0.046037	40.0008
80.6152	0.046080	39.9960
80.6652	0.046131	39.9910
80.7071	0.046179	39.9867
80.7571	0.046224	39.9820
80.8071	0.046275	39.9766
80.8571	0.046323	39.9718
80.9151	0.046372	39.9661
80.9651	0.046423	39.9608
81.0151	0.046473	39.9563
81.0651	0.046522	39.9508
81.1083	0.046568	39.9467
81.1583	0.046617	39.9418
81.2083	0.046672	39.9365
81.2583	0.046727	39.9319
81.3149	0.046771	39.9260
81.3649	0.046822	39.9213
81.4149	0.046877	39.9164
81.4649	0.046927	39.9113
81.5068	0.046972	39.9067
81.5568	0.047025	39.9018
81.6068	0.047081	39.8969
81.6568	0.047138	39.8919
81.7152	0.047185	39.8862
81.7652	0.047231	39.8810
81.8152	0.047288	39.8763
81.8652	0.047341	39.8710
81.9067	0.047393	39.8668
81.9567	0.047454	39.8622
82.0067	0.047509	39.8568
82.0567	0.047556	39.8522
82.1147	0.047610	39.8462
82.1647	0.047673	39.8411
82.2147	0.047722	39.8362
82.2647	0.047773	39.8310
82.3065	0.047831	39.8270
82.3565	0.047888	39.8219
82.4065	0.047939	39.8169
82.4565	0.047991	39.8123
82.5147	0.048052	39.8058
82.5647	0.048113	39.8012
82.6147	0.048176	39.7961
82.6647	0.048231	39.7911
82.7063	0.048287	39.7874
82.7563	0.048344	39.7819
82.8063	0.048401	39.7772
82.8563	0.048458	39.7722
82.8983	0.048512	39.7677
82.9483	0.048573	39.7630
82.9983	0.048628	39.7578
83.0483	0.048685	39.7529
83.1064	0.048721	39.7470
83.1564	0.048762	39.7419
83.2064	0.048818	39.7371
83.2564	0.048879	39.7324
83.2981	0.048940	39.7281
83.3481	0.049001	39.7231
83.3981	0.049068	39.7182
83.4481	0.049122	39.7129
83.5065	0.049177	39.7075
83.5565	0.049230	39.7021
83.6065	0.049289	39.6967
83.6565	0.049356	39.6917
83.6979	0.049412	39.6879
83.7479	0.049471	39.6826
83.7979	0.049538	39.6777
83.8479	0.049601	39.6726
83.9058	0.049666	39.6666
83.9558	0.049727	39.6620
84.0058	0.049781	39.6572
84.0558	0.049852	39.6521
84.0981	0.049919	39.6481
84.1481	0.049986	39.6433
84.1981	0.050047	39.6381
84.2481	0.050106	39.6325
84.3057	0.050158	39.6269
84.3557	0.050205	39.6219
84.4057	0.050215	39.6170
84.4557	0.050225	39.6123
84.4977	0.050286	39.6079
84.5477	0.050357	39.6030
84.5977	0.050432	39.5981
84.6477	0.050511	39.5928
84.7055	0.050576	39.5876
84.7555	0.050635	39.5821
84.8055	0.050697	39.5774
84.8555	0.050762	39.5722
84.8974	0.050823	39.5678
84.9474	0.050892	39.5631
84.9974	0.050959	39.5578
85.0474	0.051024	39.5529
85.1055	0.051093	39.5472
85.1555	0.051158	39.5422
85.2055	0.051233	39.5375
85.2555	0.051310	39.5321
85.2973	0.051379	39.5278
85.3473	0.051454	39.5228
85.3973	0.051529	39.5179
85.4473	0.051610	39.5126
85.5052	0.051691	39.5071
85.5552	0.051758	39.5017
85.6052	0.051822	39.4968
85.6552	0.051897	39.4922
85.6971	0.051968	39.4882
85.7471	0.052039	39.4830
85.7971	0.052114	39.4781
85.8471	0.052183	39.4731
85.8890	0.052262	39.4687
85.9390	0.052345	39.4639
85.9890	0.052414	39.4586
86.0390	0.052483	39.4537
86.0969	0.052556	39.4479
86.1469	0.052629	39.4427
86.1969	0.052700	39.4383
86.2469	0.052775	39.4328
86.2893	0.052769	39.4287
86.3393	0.052759	39.4238
86.3893	0.052832	39.4187
86.4393	0.052925	39.4140
86.4970	0.053010	39.4080
86.5470	0.053083	39.4032
86.5970	0.053164	39.3980
86.6470	0.053252	39.3928
86.6887	0.053335	39.3890
86.7387	0.053406	39.3835
86.7887	0.053481	39.3787
86.8387	0.053564	39.3738
86.8966	0.053637	39.3678
86.9466	0.053718	39.3632
86.9966	0.053797	39.3584
87.0466	0.053884	39.3531
87.0885	0.053961	39.3487
87.1385	0.054044	39.3436
87.1885	0.054117	39.3389
87.2385	0.054198	39.3337
87.2964	0.054279	39.3280
87.3464	0.054354	39.3233
87.3964	0.054431	39.3184
87.4464	0.054512	39.3131
87.4884	0.054597	39.3091
87.5384	0.054679	39.3040
87.5884	0.054754	39.2990
87.6384	0.054833	39.2941
87.6963	0.054912	39.2879
87.7463	0.054997	39.2835
87.7963	0.055072	39.2781
87.8463	0.055139	39.2732
87.8882	0.055218	39.2692
87.9382	0.055301	39.2637
87.9882	0.055370	39.2592
88.0382	0.055427	39.2539
88.0961	0.055392	39.2481
88.1461	0.055378	39.2431
88.1961	0.055471	39.2380
88.2461	0.055566	39.2331
88.2880	0.055647	39.2288
88.3380	0.055731	39.2239
88.3880	0.055814	39.2191
88.4380	0.055911	39.2137
88.4962	0.056000	39.2084
88.5462	0.056077	39.2030
88.5962	0.056156	39.1982
88.6462	0.056252	39.1932
88.6878	0.056343	39.1887
88.7378	0.056426	39.1841
88.7878	0.056509	39.1788
88.8378	0.056600	39.1737
88.8958	0.056685	39.1678
88.9458	0.056777	39.1627
88.9958	0.056874	39.1580
89.0458	0.056969	39.1535
89.0881	0.057066	39.1490
89.1381	0.057160	39.1438
89.1881	0.057247	39.1390
89.2381	0.057332	39.1339
89.2796	0.057417	39.1300
89.3296	0.057510	39.1250
89.3796	0.057604	39.1199
89.4296	0.057691	39.1152
89.4875	0.057784	39.1088
89.5375	0.057875	39.1042
89.5875	0.057966	39.0990
89.6375	0.058045	39.0939
89.6794	0.058131	39.0900
89.7294	0.058226	39.0846
89.7794	0.058327	39.0796
89.8294	0.058424	39.0746
89.8873	0.058512	39.0688
89.9373	0.058603	39.0640
89.9873	0.058688	39.0587
90.0373	0.058773	39.0539
90.0793	0.058848	39.0495
90.1293	0.058935	39.0444
90.1793	0.059033	39.0399
90.2293	0.059124	39.0346
90.2872	0.059217	39.0292
90.3372	0.059312	39.0241
90.3872	0.059402	39.0190
90.4372	0.059483	39.0144
90.4792	0.059541	39.0097
90.5292	0.059616	39.0050
90.5792	0.059712	39.0001
90.6292	0.059813	38.9950
90.6870	0.059914	38.9895
90.7370	0.060016	38.9842
90.7870	0.060115	38.9788
90.8370	0.060202	38.9737
90.8789	0.060293	38.9698
90.9289	0.060387	38.9653
90.9789	0.060472	38.9599
91.0289	0.060559	38.9546
91.0868	0.060660	38.9489
91.1368	0.060770	38.9442
91.1868	0.060877	38.9394
91.2368	0.060972	38.9341
91.2787	0.061080	38.9300
91.3287	0.061189	38.9250
91.3787	0.061297	38.9199
91.4287	0.061410	38.9152
91.4866	0.061522	38.9087
91.5366	0.061615	38.9042
91.5866	0.061718	38.8991
91.6366	0.061830	38.8940
91.6785	0.061939	38.8902
91.7285	0.062039	38.8848
91.7785	0.062132	38.8802
91.8285	0.062229	38.8752
91.8864	0.062335	38.8692
91.9364	0.062440	38.8643
91.9864	0.062551	38.8591
92.0364	0.062665	38.8543
92.0784	0.062770	38.8501
92.1284	0.062868	38.8451
92.1784	0.062975	38.8402
92.2284	0.063076	38.8347
92.2863	0.063178	38.8293
92.3363	0.063277	38.8241
92.3863	0.063387	38.8191
92.4363	0.063488	38.8143
92.4782	0.063587	38.8098
92.5282	0.063695	38.8050
92.5782	0.063802	38.8000
92.6282	0.063914	38.7950
92.6701	0.064023	38.7910
92.7201	0.064137	38.7860
92.7701	0.064238	38.7806
92.8201	0.064341	38.7755
92.8780	0.064439	38.7699
92.9280	0.064538	38.7647
92.9780	0.064641	38.7599
93.0280	0.064749	38.7548
93.0700	0.064864	38.7506
93.1200	0.064974	38.7459
93.1700	0.065081	38.7405
93.2200	0.065191	38.7358
93.2779	0.065296	38.7299
93.3279	0.065401	38.7249
93.3779	0.065517	38.7202
93.4279	0.065633	38.7147
93.4701	0.065740	38.7109
93.5201	0.065851	38.7058
93.5701	0.065965	38.7006
93.6201	0.066068	38.6957
93.6777	0.066178	38.6896
93.7277	0.066289	38.6849
93.7777	0.066413	38.6797
93.8277	0.066535	38.6749
93.8696	0.066644	38.6709
93.9196	0.066758	38.6654
93.9696	0.066879	38.6608
94.0196	0.066991	38.6557
94.0776	0.067100	38.6499
94.1276	0.067220	38.6451
94.1776	0.067335	38.6397
94.2276	0.067447	38.6349
94.2695	0.067570	38.6306
94.3195	0.067680	38.6256
94.3695	0.067799	38.6208
94.4195	0.067907	38.6156
94.4774	0.068006	38.6102
94.5274	0.068112	38.6048
94.5774	0.068215	38.6000
94.6274	0.068306	38.5952
94.6696	0.068389	38.5905
94.7196	0.068487	38.5860
94.7696	0.068594	38.5809
94.8196	0.068708	38.5755
94.8773	0.068827	38.5695
94.9273	0.068941	38.5651
94.9773	0.069044	38.5603
95.0273	0.069166	38.5552
95.0692	0.069295	38.5511
95.1192	0.069419	38.5463
95.1692	0.069547	38.5411
95.2192	0.069656	38.5355
95.2772	0.069768	38.5298
95.3272	0.069889	38.5252
95.3772	0.070025	38.5205
95.4272	0.070149	38.5151
95.4693	0.070276	38.5107
95.5193	0.070408	38.5059
95.5693	0.070540	38.5010
95.6193	0.070664	38.4956
95.6769	0.070781	38.4903
95.7269	0.070899	38.4849
95.7769	0.071014	38.4803
95.8269	0.071124	38.4753
95.8689	0.071237	38.4708
95.9189	0.071365	38.4660
95.9689	0.071489	38.4608
96.0189	0.071606	38.4559
96.0608	0.071722	38.4518
96.1108	0.071837	38.4465
96.1608	0.071955	38.4419
96.2108	0.072060	38.4365
96.2687	0.072176	38.4308
96.3187	0.072295	38.4259
96.3687	0.072415	38.4206
96.4187	0.072522	38.4162
96.4609	0.072652	38.4117
96.5109	0.072776	38.4067
96.5609	0.072903	38.4019
96.6109	0.073029	38.3964
96.6685	0.073153	38.3909
96.7185	0.073268	38.3856
96.7685	0.073374	38.3808
96.8185	0.073487	38.3759
96.8604	0.073607	38.3715
96.9104	0.073731	38.3667
96.9604	0.073858	38.3620
97.0104	0.073978	38.3570
97.0684	0.074089	38.3511
97.1184	0.074199	38.3462
97.1684	0.074308	38.3410
97.2184	0.074424	38.3363
97.2603	0.074541	38.3320
97.3103	0.074653	38.3265
97.3603	0.074754	38.3214
97.4103	0.074855	38.3166
97.4682	0.074943	38.3107
97.5182	0.075024	38.3057
97.5682	0.075123	38.3006
97.6182	0.075220	38.2955
97.6601	0.075322	38.2919
97.7101	0.075423	38.2865
97.7601	0.075533	38.2815
97.8101	0.075620	38.2769
97.8680	0.075727	38.2712
97.9180	0.075824	38.2660
97.9680	0.075912	38.2614
98.0180	0.075978	38.2561
98.0600	0.075993	38.2516
98.1100	0.075958	38.2465
98.1600	0.076019	38.2417
98.2100	0.076169	38.2366
98.2679	0.076319	38.2309
98.3179	0.076467	38.2261
98.3679	0.076593	38.2213
98.4179	0.076700	38.2161
98.4598	0.076797	38.2120
98.5098	0.076891	38.2070
98.5598	0.077002	38.2019
98.6098	0.077130	38.1970
98.6677	0.077264	38.1907
98.7177	0.077405	38.1863
98.7677	0.077537	38.1811
98.8177	0.077661	38.1758
98.8596	0.077783	38.1715
98.9096	0.077898	38.1668
98.9596	0.078018	38.1614
99.0096	0.078127	38.1566
99.0516	0.078241	38.1528
99.1016	0.078346	38.1480
99.1516	0.078441	38.1429
99.2016	0.078530	38.1375
99.2595	0.078622	38.1317
99.3095	0.078705	38.1271
99.3595	0.078792	38.1222
99.4095	0.078887	38.1169
99.4514	0.078997	38.1124
99.5014	0.079100	38.1074
99.5514	0.079216	38.1026
99.6014	0.079321	38.0973
99.6596	0.079443	38.0919
99.7096	0.079578	38.0871
99.7596	0.079718	38.0820
99.8096	0.079846	38.0771
99.8512	0.079964	38.0732
99.9012	0.080071	38.0680
99.9512	0.080170	38.0625
100.0012	0.080255	38.0574
100.0591	0.080233	38.0517
100.1091	0.077566	38.0465
100.1591	0.069486	38.0418
100.2091	0.066764	38.0365
100.2513	0.066958	38.0323
100.3013	0.067206	38.0275
100.3513	0.067412	38.0220
100.4013	0.067587	38.0176
100.4594	0.067741	38.0123
100.5094	0.067852	38.0073
100.5594	0.067927	38.0019
100.6094	0.067958	37.9965
100.6510	0.067994	37.9927
100.7010	0.068055	37.9875
100.7510	0.068130	37.9824
100.8010	0.068187	37.9775
100.8588	0.068264	37.9716
100.9088	0.068353	37.9669
100.9588	0.068464	37.9619
101.0088	0.068553	37.9570
101.0507	0.068637	37.9529
101.1007	0.068714	37.9474
101.1507	0.068817	37.9429
101.2007	0.068941	37.9378
101.2586	0.069044	37.9317
101.3086	0.069089	37.9267
101.3586	0.069117	37.9221
101.4086	0.069180	37.9174
101.4506	0.069285	37.9131
101.5006	0.069389	37.9078
101.5506	0.069490	37.9026
101.6006	0.069599	37.8982
101.6585	0.069705	37.8920
101.7085	0.069780	37.8871
101.7585	0.069839	37.8822
101.8085	0.069903	37.8771
101.8504	0.069995	37.8730
101.9004	0.070098	37.8678
101.9504	0.070226	37.8629
102.0004	0.070349	37.8580
102.0585	0.070459	37.8519
102.1085	0.070530	37.8472
102.1585	0.070566	37.8418
102.2085	0.070623	37.8371
102.2502	0.070724	37.8329
102.3002	0.070864	37.8276
102.3502	0.071018	37.8231
102.4002	0.071164	37.8178
102.4422	0.071288	37.8136
102.4922	0.071377	37.8087
102.5422	0.071487	37.8035
102.5922	0.071631	37.7988
102.6501	0.071768	37.7930
102.7001	0.071868	37.7881
102.7501	0.071957	37.7831
102.8001	0.072078	37.7778
102.8421	0.072214	37.7733
102.8921	0.072324	37.7685
102.9421	0.072425	37.7635
102.9921	0.072543	37.7583
103.0499	0.072681	37.7528
103.0999	0.072812	37.7480
103.1499	0.072930	37.7429
103.1999	0.073041	37.7380
103.2422	0.073159	37.7338
103.2922	0.073262	37.7286
103.3422	0.073378	37.7239
103.3922	0.073510	37.7186
103.4498	0.073629	37.7129
103.4998	0.073743	37.7080
103.5498	0.073872	37.7027
103.5998	0.073986	37.6981
103.6417	0.074114	37.6936
103.6917	0.074249	37.6887
103.7417	0.074375	37.6839
103.7917	0.074513	37.6785
103.8506	0.074641	37.6731
103.9006	0.074766	37.6679
103.9506	0.074890	37.6630
104.0006	0.074997	37.6580
104.0415	0.075117	37.6537
104.0915	0.075245	37.6490
104.1415	0.075348	37.6438
104.1915	0.075451	37.6384
104.2494	0.075565	37.6325
104.2994	0.075664	37.6279
104.3494	0.075770	37.6234
104.3994	0.075877	37.6180
104.4413	0.075974	37.6139
104.4913	0.076068	37.6092
104.5413	0.076169	37.6039
104.5913	0.076260	37.5984
104.6495	0.076362	37.5930
104.6995	0.076473	37.5879
104.7495	0.076574	37.5828
104.7995	0.076668	37.5780
104.8413	0.076779	37.5736
104.8913	0.076897	37.5688
104.9413	0.077012	37.5638
104.9913	0.077134	37.5586
105.0491	0.077268	37.5530
105.0991	0.077408	37.5474
105.1491	0.077537	37.5429
105.1991	0.077657	37.5379
105.2410	0.077758	37.5336
105.2910	0.077847	37.5292
105.3410	0.077924	37.5238
105.3910	0.078003	37.5183
105.4489	0.078091	37.5126
105.4989	0.078170	37.5079
105.5489	0.078243	37.5031
105.5989	0.078289	37.4978
105.6408	0.078322	37.4939
105.6908	0.078362	37.4888
105.7408	0.078417	37.4837
105.7908	0.078462	37.4789
105.8328	0.078506	37.4742
105.8828	0.078559	37.4694
105.9328	0.078624	37.4648
105.9828	0.078693	37.4599
106.0407	0.078715	37.4539
106.0907	0.078703	37.4492
106.1407	0.078703	37.4438
106.1907	0.078745	37.4385
106.2326	0.078796	37.4342
106.2826	0.078802	37.4294
106.3326	0.078749	37.4242
106.3826	0.078693	37.4193
106.4406	0.078674	37.4134
106.4906	0.078685	37.4083
106.5406	0.078725	37.4038
106.5906	0.078764	37.3990
106.6325	0.078788	37.3947
106.6825	0.078806	37.3898
106.7325	0.078810	37.3850
106.7825	0.078835	37.3798
106.8406	0.078881	37.3733
106.8906	0.078922	37.3686
106.9406	0.078972	37.3636
106.9906	0.079001	37.3586
107.0323	0.079015	37.3547
107.0823	0.079031	37.3496
107.1323	0.079074	37.3447
107.1823	0.079130	37.3396
107.2402	0.079189	37.3336
107.2902	0.079226	37.3290
107.3402	0.079228	37.3235
107.3902	0.079220	37.3188
107.4322	0.079220	37.3146
107.4822	0.079191	37.3094
107.5322	0.079149	37.3047
107.5822	0.079135	37.2994
107.6400	0.079153	37.2936
107.6900	0.079187	37.2885
107.7400	0.079238	37.2836
107.7900	0.079297	37.2788
107.8320	0.079362	37.2743
107.8820	0.079443	37.2695
107.9320	0.079518	37.2646
107.9820	0.079566	37.2594
108.0399	0.079625	37.2540
108.0899	0.079700	37.2484
108.1399	0.079775	37.2439
108.1899	0.079854	37.2388
108.2318	0.079943	37.2344
108.2818	0.080033	37.2297
108.3318	0.080130	37.2245
108.3818	0.080221	37.2196
108.4397	0.080296	37.2139
108.4897	0.080381	37.2088
108.5397	0.080485	37.2040
108.5897	0.080586	37.1985
108.6317	0.080685	37.1947
108.6817	0.080768	37.1897
108.7317	0.080829	37.1844
108.7817	0.080890	37.1799
108.8237	0.080993	37.1754
108.8737	0.081105	37.1704
108.9237	0.081214	37.1656
108.9737	0.081310	37.1604
109.0315	0.081399	37.1552
109.0815	0.081476	37.1499
109.1315	0.081543	37.1450
109.1815	0.081628	37.1399
109.2234	0.081749	37.1353
109.2734	0.081859	37.1308
109.3234	0.081948	37.1256
109.3734	0.082019	37.1203
109.4313	0.082084	37.1144
109.4813	0.082167	37.1095
109.5313	0.082248	37.1039
109.5813	0.082333	37.0994
109.6232	0.082414	37.0955
109.6732	0.082491	37.0906
109.7232	0.082540	37.0854
109.7732	0.082556	37.0808
109.8312	0.082570	37.0748
109.8812	0.082637	37.0700
109.9312	0.082718	37.0650
109.9812	0.082797	37.0596
110.0231	0.082882	37.0552
110.0731	0.082974	37.0504
110.1231	0.083051	37.0454
110.1731	0.083120	37.0403
110.2310	0.083203	37.0347
110.2810	0.083298	37.0299
110.3310	0.083399	37.0247
110.3810	0.083497	37.0199
110.4229	0.083600	37.0158
110.4729	0.083689	37.0107
110.5229	0.083787	37.0060
110.5729	0.083892	37.0006
110.6308	0.083991	36.9945
110.6808	0.084087	36.9895
110.7308	0.084157	36.9847
110.7808	0.084226	36.9795
110.8227	0.084322	36.9754
110.8727	0.084417	36.9702
110.9227	0.084478	36.9650
110.9727	0.084522	36.9605
111.0306	0.084547	36.9552
111.0806	0.084589	36.9500
111.1306	0.084662	36.9451
111.1806	0.084753	36.9400
111.2225	0.084853	36.9357
111.2725	0.084952	36.9311
111.3225	0.085045	36.9257
111.3725	0.085104	36.9204
111.4305	0.085161	36.9146
111.4805	0.085260	36.9098
111.5305	0.085357	36.9046
111.5805	0.085455	36.8999
111.6224	0.085552	36.8959
111.6724	0.085672	36.8910
111.7224	0.085793	36.8858
111.7724	0.085874	36.8810
111.8303	0.085921	36.8750
111.8803	0.085992	36.8695
111.9303	0.086067	36.8644
111.9803	0.086116	36.8598
112.0222	0.086126	36.8562
112.0722	0.086152	36.8508
112.1222	0.086211	36.8454
112.1722	0.086294	36.8404
112.2142	0.086397	36.8364
112.2642	0.086482	36.8309
112.3142	0.085552	36.8261
112.3642	0.082755	36.8214
112.4220	0.082139	36.8155
112.4720	0.082522	36.8104
112.5220	0.082887	36.8058
112.5720	0.083233	36.8006
112.6140	0.083553	36.7966
112.6640	0.083878	36.7917
112.7140	0.084198	36.7863
112.7640	0.084508	36.7817
112.8219	0.084808	36.7756
112.8719	0.085098	36.7704
112.9219	0.085374	36.7655
112.9719	0.085651	36.7608
113.0138	0.085909	36.7569
113.0638	0.086134	36.7518
113.1138	0.086314	36.7464
113.1638	0.086458	36.7412
113.2217	0.086551	36.7359
113.2717	0.086628	36.7312
113.3217	0.086697	36.7258
113.3717	0.086787	36.7205
113.4136	0.086886	36.7162
113.4636	0.086987	36.7114
113.5136	0.087113	36.7062
113.5636	0.087241	36.7015
113.6215	0.087344	36.6956
113.6715	0.087435	36.6906
113.7215	0.087528	36.6859
113.7715	0.087622	36.6806
113.8135	0.087693	36.6767
113.8635	0.087764	36.6718
113.9135	0.087853	36.6663
113.9635	0.087936	36.6609
114.0217	0.088009	36.6556
114.0717	0.088049	36.6510
114.1217	0.088078	36.6460
114.1717	0.088124	36.6409
114.2133	0.088193	36.6369
114.2633	0.088266	36.6319
114.3133	0.088321	36.6265
114.3633	0.088364	36.6214
114.4212	0.088414	36.6157
114.4712	0.088501	36.6105
114.5212	0.088587	36.6056
114.5712	0.088662	36.6004
114.6143	0.088720	36.5962
114.6643	0.088777	36.5914
114.7143	0.088822	36.5866
114.7643	0.088874	36.5815
114.8214	0.088949	36.5759
114.8714	0.089037	36.5709
114.9214	0.089109	36.5659
114.9714	0.089156	36.5611
115.0130	0.089195	36.5565
115.0630	0.089257	36.5517
115.1130	0.089343	36.5467
115.1630	0.089442	36.5415
115.2209	0.089517	36.5362
115.2709	0.089572	36.5307
115.3209	0.089643	36.5254
115.3709	0.089718	36.5206
115.4128	0.089791	36.5167
115.4628	0.089874	36.5112
115.5128	0.089926	36.5067
115.5628	0.089983	36.5014
115.6047	0.090064	36.4971
115.6547	0.090166	36.4926
115.7047	0.090273	36.4879
115.7547	0.090384	36.4826
115.8127	0.090468	36.4764
115.8627	0.090539	36.4714
115.9127	0.090612	36.4667
115.9627	0.090670	36.4615
116.0046	0.090699	36.4576
116.0546	0.090766	36.4525
116.1046	0.090861	36.4473
116.1546	0.090942	36.4427
116.2125	0.090980	36.4364
116.2625	0.091019	36.4317
116.3125	0.091059	36.4265
116.3625	0.091108	36.4214
116.4044	0.091165	36.4175
116.4544	0.091228	36.4122
116.5044	0.091226	36.4074
116.5544	0.091197	36.4025
116.6123	0.091224	36.3966
116.6623	0.091282	36.3917
116.7123	0.091349	36.3862
116.7623	0.091449	36.3817
116.8043	0.091564	36.3773
116.8543	0.091682	36.3721
116.9043	0.091777	36.3676
116.9543	0.091868	36.3621
117.0122	0.091935	36.3567
117.0622	0.091980	36.3515
117.1122	0.092049	36.3465
117.1622	0.092162	36.3417
117.2041	0.092290	36.3373
117.2541	0.092416	36.3326
117.3041	0.092513	36.3276
117.3541	0.092580	36.3226
117.4120	0.092661	36.3171
117.4620	0.092744	36.3118
117.5120	0.092827	36.3065
117.5620	0.092922	36.3017
117.6039	0.093036	36.2975
117.6539	0.093141	36.2922
117.7039	0.093243	36.2877
117.7539	0.093338	36.2824
117.8118	0.093366	36.2767
117.8618	0.093399	36.2718
117.9118	0.093478	36.2666
117.9618	0.093563	36.2622
118.0038	0.093648	36.2577
118.0538	0.093749	36.2526
118.1038	0.093869	36.2477
118.1538	0.093991	36.2425
118.2117	0.094094	36.2371
118.2617	0.094191	36.2319
118.3117	0.094303	36.2266
118.3617	0.094404	36.2214
118.4035	0.094461	36.2174
118.4535	0.094343	36.2129
118.5035	0.094017	36.2077
118.5535	0.094049	36.2023
118.5955	0.094250	36.1979
118.6455	0.094463	36.1932
118.6955	0.094649	36.1878
118.7455	0.094803	36.1830
118.8034	0.094880	36.1777
118.8534	0.094937	36.1728
118.9034	0.095030	36.1676
118.9534	0.095118	36.1630
118.9953	0.095182	36.1588
119.0453	0.095264	36.1534
119.0953	0.095357	36.1479
119.1453	0.095474	36.1432
119.2032	0.095612	36.1373
119.2532	0.095744	36.1324
119.3032	0.095876	36.1274
119.3532	0.096001	36.1224
119.3952	0.096109	36.1185
119.4452	0.096208	36.1130
119.4952	0.096295	36.1081
119.5452	0.096378	36.1036
119.6030	0.096451	36.0981
119.6530	0.096545	36.0928
119.7030	0.096660	36.0873
119.7530	0.096800	36.0823
119.7950	0.096932	36.0784
119.8450	0.097047	36.0738
119.8950	0.097169	36.0683
119.9450	0.097301	36.0637
120.0029	0.097408	36.0577
120.0529	0.097526	36.0524
120.1029	0.097643	36.0472
120.1529	0.097749	36.0427
120.1948	0.097860	36.0389
120.2448	0.097990	36.0339
120.2948	0.098144	36.0286
120.3448	0.098290	36.0233
120.4028	0.098399	36.0179
120.4528	0.098515	36.0125
120.5028	0.098634	36.0077
120.5528	0.098746	36.0027
120.5946	0.098827	35.9984
120.6446	0.098916	35.9936
120.6946	0.099011	35.9884
120.7446	0.099117	35.9835
120.8026	0.099247	35.9776
120.8526	0.099376	35.9725
120.9026	0.099496	35.9680
120.9526	0.099614	35.9626
120.9945	0.099729	35.9587
121.0445	0.099859	35.9539
121.0945	0.099982	35.9484
121.1445	0.100118	35.9437
121.2024	0.100258	35.9377
121.2524	0.100366	35.9328
121.3024	0.100471	35.9278
121.3524	0.100605	35.9226
121.3943	0.100749	35.9186
121.4443	0.100884	35.9132
121.4943	0.101006	35.9085
121.5443	0.101158	35.9037
121.6023	0.101330	35.8975
121.6523	0.101480	35.8923
121.7023	0.101580	35.8875
121.7523	0.101657	35.8822
121.7942	0.101740	35.8781
121.8442	0.101839	35.8736
121.8942	0.101941	35.8689
121.9442	0.102056	35.8638
121.9861	0.102159	35.8595
122.0361	0.102267	35.8546
122.0861	0.102378	35.8494
122.1361	0.102461	35.8447
122.1940	0.102520	35.8386
122.2440	0.102618	35.8333
122.2940	0.102737	35.8283
122.3440	0.102873	35.8236
122.3860	0.103005	35.8191
122.4360	0.103078	35.8140
122.4860	0.103124	35.8092
122.5360	0.103224	35.8043
122.5939	0.103355	35.7983
122.6439	0.103501	35.7936
122.6939	0.103641	35.7883
122.7439	0.103769	35.7835
122.7860	0.103909	35.7793
122.8360	0.104038	35.7738
122.8860	0.104136	35.7692
122.9360	0.104231	35.7646
122.9937	0.104300	35.7589
123.0437	0.104389	35.7536
123.0937	0.104482	35.7483
123.1437	0.104572	35.7439
123.1856	0.104657	35.7394
123.2356	0.104742	35.7343
123.2856	0.104853	35.7293
123.3356	0.104991	35.7241
123.3935	0.105129	35.7187
123.4435	0.105238	35.7135
123.4935	0.105303	35.7087
123.5435	0.105376	35.7036
123.5855	0.105488	35.6989
123.6355	0.105605	35.6944
123.6855	0.105703	35.6897
123.7355	0.105820	35.6847
123.7934	0.105920	35.6789
123.8434	0.106013	35.6740
123.8934	0.106108	35.6686
123.9434	0.106199	35.6633
123.9852	0.106291	35.6592
124.0352	0.106398	35.6542
124.0852	0.106511	35.6491
124.1352	0.106631	35.6442
124.1932	0.106751	35.6390
124.2432	0.106860	35.6336
124.2932	0.106976	35.6285
124.3432	0.107105	35.6235
124.3852	0.107225	35.6190
124.4352	0.107336	35.6142
124.4852	0.107450	35.6091
124.5352	0.107566	35.6041
124.5930	0.107663	35.5987
124.6430	0.107758	35.5937
124.6930	0.107853	35.5884
124.7430	0.107951	35.5836
124.7849	0.108015	35.5793
124.8349	0.108082	35.5743
124.8849	0.108210	35.5696
124.9349	0.108358	35.5641
124.9929	0.108504	35.5586
125.0429	0.108624	35.5539
125.0929	0.108735	35.5489
125.1429	0.108859	35.5438
125.1848	0.108999	35.5399
125.2348	0.109138	35.5347
125.2848	0.109258	35.5294
125.3348	0.109376	35.5241
125.3767	0.109503	35.5201
125.4267	0.109645	35.5155
125.4767	0.109779	35.5103
125.5267	0.109921	35.5050
125.5847	0.110081	35.4991
125.6347	0.110237	35.4944
125.6847	0.110377	35.4897
125.7347	0.110499	35.4846
125.7765	0.110626	35.4801
125.8265	0.110786	35.4748
125.8765	0.110959	35.4702
125.9265	0.111135	35.4654
125.9844	0.111305	35.4593
126.0344	0.111449	35.4545
126.0844	0.111577	35.4496
126.1344	0.111686	35.4443
126.1763	0.111768	35.4404
126.2263	0.111871	35.4357
126.2763	0.111997	35.4307
126.3263	0.112147	35.4254
126.3843	0.112307	35.4192
126.4343	0.112467	35.4145
126.4843	0.112623	35.4094
126.5343	0.112773	35.4045
126.5762	0.112933	35.4003
126.6262	0.113101	35.3951
126.6762	0.113265	35.3905
126.7262	0.113413	35.3852
126.7841	0.113549	35.3796
126.8341	0.113669	35.3746
126.8841	0.113793	35.3692
126.9341	0.113916	35.3647
126.9761	0.114038	35.3602
127.0261	0.114170	35.3552
127.0761	0.114305	35.3503
127.1261	0.114445	35.3451
127.1839	0.114577	35.3396
127.2339	0.114672	35.3343
127.2839	0.114788	35.3295
127.3339	0.114934	35.3244
127.3759	0.115078	35.3199
127.4259	0.115224	35.3155
127.4759	0.115388	35.3102
127.5259	0.115520	35.3054
127.5838	0.115621	35.2997
127.6338	0.115718	35.2944
127.6838	0.115797	35.2899
127.7338	0.115892	35.2845
127.7757	0.116008	35.2803
127.8257	0.116150	35.2753
127.8757	0.116320	35.2700
127.9257	0.116511	35.2653
127.9836	0.116683	35.2593
128.0336	0.116835	35.2545
128.0836	0.116977	35.2498
128.1336	0.117133	35.2450
128.1756	0.117283	35.2407
128.2256	0.117431	35.2352
128.2756	0.117569	35.2303
128.3256	0.117684	35.2254
128.3675	0.117796	35.2209
128.4175	0.117938	35.2161
128.4675	0.118088	35.2111
128.5175	0.118220	35.2061
128.5754	0.118341	35.2004
128.6254	0.118479	35.1953
128.6754	0.118619	35.1906
128.7254	0.118765	35.1852
128.7674	0.118921	35.1810
128.8174	0.119075	35.1764
128.8674	0.119190	35.1716
128.9174	0.119302	35.1665
128.9752	0.119424	35.1603
129.0252	0.119565	35.1555
129.0752	0.119689	35.1507
129.1252	0.119795	35.1454
129.1672	0.119898	35.1413
129.2172	0.120028	35.1362
129.2672	0.120155	35.1312
129.3172	0.120281	35.1265
129.3750	0.120427	35.1206
129.4250	0.120571	35.1159
129.4750	0.120727	35.1105
129.5250	0.120869	35.1057
129.5670	0.120986	35.1019
129.6170	0.121100	35.0964
129.6670	0.121234	35.0912
129.7170	0.121380	35.0863
129.7749	0.121515	35.0807
129.8249	0.121649	35.0758
129.8749	0.121801	35.0706
129.9249	0.121949	35.0651
129.9668	0.122103	35.0613
130.0168	0.122261	35.0564
130.0668	0.122401	35.0510
130.1168	0.122531	35.0462
130.1747	0.122649	35.0402
130.2247	0.122754	35.0354
130.2747	0.122863	35.0304
130.3247	0.122940	35.0253
130.3667	0.123024	35.0213
130.4167	0.123151	35.0158
130.4667	0.123293	35.0111
130.5167	0.123439	35.0066
130.5745	0.123615	35.0009
130.6245	0.123798	34.9957
130.6745	0.123972	34.9903
130.7245	0.124124	34.9857
130.7665	0.124268	34.9815
130.8165	0.124410	34.9762
130.8665	0.124550	34.9713
130.9165	0.124708	34.9661
130.9744	0.124880	34.9604
131.0244	0.125032	34.9554
131.0744	0.125190	34.9504
131.1244	0.125334	34.9456
131.1663	0.125492	34.9417
131.2163	0.125636	34.9366
131.2663	0.125758	34.9315
131.3163	0.125865	34.9266
131.3742	0.125979	34.9205
131.4242	0.126097	34.9157
131.4742	0.126249	34.9102
131.5242	0.126409	34.9054
131.5661	0.126559	34.9015
131.6161	0.126709	34.8966
131.6661	0.126869	34.8913
131.7161	0.127027	34.8865
131.7580	0.127179	34.8823
131.8080	0.127297	34.8773
131.8580	0.127422	34.8725
131.9080	0.127572	34.8671
131.9660	0.127744	34.8617
132.0160	0.127919	34.8567
132.0660	0.128089	34.8514
132.1160	0.128233	34.8461
132.1579	0.128387	34.8421
132.2079	0.128547	34.8373
132.2579	0.128730	34.8324
132.3079	0.128892	34.8273
132.3658	0.129009	34.8217
132.4158	0.129113	34.8164
132.4658	0.129244	34.8116
132.5158	0.129399	34.8064
132.5577	0.129540	34.8020
132.6077	0.129648	34.7975
132.6577	0.129753	34.7921
132.7077	0.129857	34.7874
132.7657	0.129946	34.7816
132.8157	0.130041	34.7761
132.8657	0.130179	34.7709
132.9157	0.130325	34.7663
132.9576	0.130457	34.7624
133.0076	0.130572	34.7574
133.0576	0.130706	34.7523
133.1076	0.130832	34.7476
133.1655	0.130929	34.7415
133.2155	0.130992	34.7367
133.2655	0.131097	34.7315
133.3155	0.131282	34.7262
133.3580	0.131503	34.7218
133.4080	0.131724	34.7171
133.4580	0.131910	34.7121
133.5080	0.132074	34.7070
133.5653	0.132228	34.7016
133.6153	0.132376	34.6969
133.6653	0.132530	34.6918
133.7153	0.132676	34.6864
133.7573	0.132838	34.6823
133.8073	0.132999	34.6776
133.8573	0.133142	34.6721
133.9073	0.133270	34.6674
133.9652	0.133402	34.6615
134.0152	0.133524	34.6565
134.0652	0.133678	34.6515
134.1152	0.133852	34.6465
134.1571	0.134022	34.6426
134.2071	0.134176	34.6373
134.2571	0.134308	34.6323
134.3071	0.134407	34.6277
134.3650	0.134498	34.6213
134.4150	0.134596	34.6160
134.4650	0.134726	34.6112
134.5150	0.134888	34.6066
134.5569	0.135054	34.6026
134.6069	0.135165	34.5971
134.6569	0.135220	34.5924
134.7069	0.135269	34.5874
134.7648	0.135380	34.5818
134.8148	0.135518	34.5769
134.8648	0.135628	34.5716
134.9148	0.135705	34.5670
134.9567	0.135855	34.5627
135.0067	0.136037	34.5574
135.0567	0.136234	34.5522
135.1067	0.136424	34.5475
135.1487	0.136633	34.5432
135.1987	0.136840	34.5382
135.2487	0.137028	34.5333
135.2987	0.137194	34.5279
135.3566	0.137322	34.5227
135.4066	0.137430	34.5174
135.4566	0.137527	34.5120
135.5066	0.137646	34.5070
135.5488	0.137798	34.5030
135.5988	0.137930	34.4981
135.6488	0.137699	34.4930
135.6988	0.137162	34.4880
135.7564	0.137146	34.4824
135.8064	0.137344	34.4773
135.8564	0.137559	34.4727
135.9064	0.137776	34.4673
135.9484	0.137983	34.4632
135.9984	0.138184	34.4585
136.0484	0.138390	34.4529
136.0984	0.138597	34.4484
136.1563	0.138778	34.4424
136.2063	0.138917	34.4375
136.2563	0.139073	34.4326
136.3063	0.139246	34.4273
136.3482	0.139416	34.4233
136.3982	0.139588	34.4182
136.4482	0.139734	34.4132
136.4982	0.139870	34.4083
136.5561	0.140016	34.4024
136.6061	0.140166	34.3976
136.6561	0.140314	34.3923
136.7061	0.140444	34.3876
136.7480	0.140580	34.3836
136.7980	0.140726	34.3783
136.8480	0.140865	34.3731
136.8980	0.141017	34.3682
136.9560	0.141186	34.3628
137.0060	0.141346	34.3581
137.0560	0.141542	34.3530
137.1060	0.141739	34.3476
137.1479	0.141932	34.3432
137.1979	0.142090	34.3383
137.2479	0.142238	34.3335
137.2979	0.142394	34.3280
137.3558	0.142566	34.3226
137.4058	0.142730	34.3174
137.4558	0.142907	34.3125
137.5058	0.143065	34.3078
137.5477	0.143194	34.3032
137.5977	0.143310	34.2983
137.6477	0.143419	34.2931
137.6977	0.143529	34.2880
137.7556	0.143653	34.2823
137.8056	0.143803	34.2770
137.8556	0.143946	34.2723
137.9056	0.144094	34.2669
137.9475	0.144267	34.2627
137.9975	0.144425	34.2582
138.0475	0.144599	34.2536
138.0975	0.144763	34.2484
138.1394	0.144921	34.2443
138.1894	0.145071	34.2394
138.2394	0.145217	34.2342
138.2894	0.145347	34.2296
138.3475	0.145483	34.2234
138.3975	0.145643	34.2181
138.4475	0.145813	34.2132
138.4975	0.145971	34.2085
138.5393	0.146103	34.2042
138.5893	0.146231	34.1993
138.6393	0.146381	34.1942
138.6893	0.146543	34.1890
138.7472	0.146699	34.1837
138.7972	0.146847	34.1783
138.8472	0.146999	34.1732
138.8972	0.147117	34.1684
138.9391	0.147222	34.1643
138.9891	0.147346	34.1589
139.0391	0.147486	34.1544
139.0891	0.147593	34.1493
139.1470	0.147723	34.1431
139.1970	0.147893	34.1380
139.2470	0.148071	34.1332
139.2970	0.148234	34.1284
139.3390	0.148369	34.1240
139.3890	0.148525	34.1190
139.4390	0.148712	34.1141
139.4890	0.148902	34.1089
139.5469	0.149083	34.1034
139.5969	0.149247	34.0982
139.6469	0.149419	34.0933
139.6969	0.149586	34.0883
139.7388	0.149758	34.0837
139.7888	0.149934	34.0793
139.8388	0.150102	34.0741
139.8888	0.150271	34.0691
139.9467	0.150423	34.0635
139.9967	0.150557	34.0582
140.0467	0.150676	34.0535
140.0967	0.150802	34.0483
140.1387	0.150934	34.0442
140.1887	0.151059	34.0394
140.2387	0.151197	34.0342
140.2887	0.151335	34.0296
140.3466	0.151481	34.0236
140.3966	0.151637	34.0182
140.4466	0.151763	34.0132
140.4966	0.151878	34.0085
140.5385	0.152006	34.0041
140.5885	0.152113	33.9991
140.6385	0.152225	33.9944
140.6885	0.152330	33.9896
140.7464	0.152434	33.9835
140.7964	0.152561	33.9780
140.8464	0.152687	33.9733
140.8964	0.152794	33.9686
140.9383	0.152837	33.9643
140.9883	0.152707	33.9588
141.0383	0.152715	33.9543
141.0883	0.152861	33.9491
141.1463	0.153015	33.9435
141.1963	0.153173	33.9386
141.2463	0.153338	33.9333
141.2963	0.153500	33.9287
141.3382	0.153656	33.9242
141.3882	0.153820	33.9191
141.4382	0.153990	33.9142
141.4882	0.154165	33.9090
141.5301	0.154323	33.9051
141.5801	0.154485	33.9001
141.6301	0.154643	33.8950
141.6801	0.154795	33.8903
141.7380	0.154953	33.8839
141.7880	0.155136	33.8794
141.8380	0.155322	33.8743
141.8880	0.155511	33.8693
141.9299	0.155685	33.8654
141.9799	0.155845	33.8599
142.0299	0.155997	33.8551
142.0799	0.156147	33.8499
142.1379	0.156309	33.8441
142.1879	0.156459	33.8391
142.2379	0.156617	33.8338
142.2879	0.156775	33.8291
142.3298	0.156942	33.8253
142.3798	0.157136	33.8204
142.4298	0.157327	33.8151
142.4798	0.157501	33.8104
142.5377	0.157651	33.8043
142.5877	0.157783	33.7995
142.6377	0.157913	33.7946
142.6877	0.158065	33.7894
142.7297	0.158194	33.7848
142.7797	0.158308	33.7800
142.8297	0.158387	33.7749
142.8797	0.158251	33.7699
142.9375	0.158160	33.7644
142.9875	0.158269	33.7593
143.0375	0.158399	33.7546
143.0875	0.158563	33.7493
143.1295	0.158744	33.7451
143.1795	0.158920	33.7405
143.2295	0.159080	33.7351
143.2795	0.159234	33.7299
143.3373	0.159392	33.7243
143.3873	0.159546	33.7196
143.4373	0.159696	33.7146
143.4873	0.159863	33.7094
143.5293	0.160035	33.7055
143.5793	0.160197	33.7004
143.6293	0.160349	33.6951
143.6793	0.160505	33.6898
143.7372	0.160686	33.6843
143.7872	0.160880	33.6791
143.8372	0.161071	33.6742
143.8872	0.161233	33.6692
143.9291	0.161344	33.6649
143.9791	0.161460	33.6603
144.0291	0.161618	33.6549
144.0791	0.161796	33.6501
144.1371	0.161963	33.6444
144.1871	0.162125	33.6392
144.2371	0.162277	33.6347
144.2871	0.162435	33.6291
144.3289	0.162589	33.6251
144.3789	0.162745	33.6201
144.4289	0.162899	33.6148
144.4789	0.163051	33.6101
144.5369	0.163201	33.6040
144.5869	0.163359	33.5992
144.6369	0.163515	33.5943
144.6869	0.163673	33.5893
144.7288	0.163846	33.5851
144.7788	0.164020	33.5804
144.8288	0.164182	33.5753
144.8788	0.164324	33.5702
144.9208	0.164440	33.5663
144.9708	0.164551	33.5611
145.0208	0.164383	33.5562
145.0708	0.163925	33.5510
145.1286	0.163904	33.5452
145.1786	0.164065	33.5404
145.2286	0.164209	33.5350
145.2786	0.164365	33.5305
145.3207	0.164525	33.5263
145.3707	0.164646	33.5208
145.4207	0.164754	33.5154
145.4707	0.164879	33.5108
145.5288	0.165044	33.5053
145.5788	0.165210	33.5001
145.6288	0.165370	33.4950
145.6788	0.165554	33.4901
145.7204	0.165743	33.4857
145.7704	0.165946	33.4809
145.8204	0.166156	33.4762
145.8704	0.166361	33.4713
145.9282	0.166554	33.4655
145.9782	0.166746	33.4606
146.0282	0.166919	33.4553
146.0782	0.167077	33.4504
146.1202	0.167229	33.4461
146.1702	0.167377	33.4409
146.2202	0.167529	33.4365
146.2702	0.167679	33.4311
146.3281	0.167829	33.4249
146.3781	0.167985	33.4199
146.4281	0.168159	33.4152
146.4781	0.168364	33.4104
146.5200	0.168486	33.4058
146.5700	0.168477	33.4008
146.6200	0.168556	33.3961
146.6700	0.168741	33.3914
146.7279	0.168931	33.3852
146.7779	0.169114	33.3807
146.8279	0.169282	33.3752
146.8779	0.169440	33.3702
146.9199	0.169600	33.3661
146.9699	0.169748	33.3608
147.0199	0.169902	33.3561
147.0699	0.170081	33.3510
147.1278	0.170267	33.3453
147.1778	0.170440	33.3401
147.2278	0.170616	33.3350
147.2778	0.170780	33.3304
147.3197	0.170930	33.3259
147.3697	0.171104	33.3210
147.4197	0.171303	33.3164
147.4697	0.171479	33.3117
147.5275	0.171617	33.3056
147.5775	0.171737	33.3000
147.6275	0.171881	33.2952
147.6775	0.172075	33.2902
147.7195	0.172248	33.2859
147.7695	0.172388	33.2811
147.8195	0.172540	33.2760
147.8695	0.172708	33.2711
147.9114	0.172882	33.2669
147.9614	0.173046	33.2614
148.0114	0.173194	33.2569
148.0614	0.173340	33.2522
148.1194	0.173464	33.2464
148.1694	0.173614	33.2411
148.2194	0.173804	33.2358
148.2694	0.173989	33.2311
148.3113	0.174169	33.2269
148.3613	0.174356	33.2219
148.4113	0.174540	33.2171
148.4613	0.174713	33.2119
148.5192	0.174854	33.2065
148.5692	0.175006	33.2011
148.6192	0.175148	33.1962
148.6692	0.175274	33.1914
148.7113	0.175396	33.1868
148.7613	0.175535	33.1822
148.8113	0.175659	33.1770
148.8613	0.175779	33.1719
148.9190	0.175906	33.1664
148.9690	0.176069	33.1610
149.0190	0.176210	33.1563
149.0690	0.176336	33.1510
149.1109	0.176490	33.1469
149.1609	0.176648	33.1420
149.2109	0.176774	33.1368
149.2609	0.176928	33.1320
149.3188	0.177100	33.1264
149.3688	0.177279	33.1213
149.4188	0.177425	33.1162
149.4688	0.177560	33.1114
149.5108	0.177692	33.1070
149.5608	0.177822	33.1022
149.6108	0.177929	33.0971
149.6608	0.178065	33.0920
149.7198	0.178205	33.0864
149.7698	0.178359	33.0809
149.8198	0.178513	33.0765
149.8698	0.178665	33.0713
149.9106	0.178797	33.0668
149.9606	0.178929	33.0614
150.0106	0.179075	33.0569
150.0606	0.179243	33.0522
150.1185	0.179393	33.0463
150.1685	0.179527	33.0413
150.2185	0.179665	33.0364
150.2685	0.179845	33.0312
150.3105	0.180029	33.0272
150.3605	0.180206	33.0220
150.4105	0.180384	33.0169
150.4605	0.180554	33.0126
150.5184	0.180723	33.0060
150.5684	0.180881	33.0016
150.6184	0.181033	32.9963
150.6684	0.181179	32.9911
150.7103	0.181294	32.9870
150.7603	0.181292	32.9818
150.8103	0.180893	32.9770
150.8603	0.180631	32.9719
150.9182	0.180725	32.9661
150.9682	0.180854	32.9610
151.0182	0.180968	32.9556
151.0682	0.181122	32.9510
151.1101	0.181315	32.9470
151.1601	0.181533	32.9418
151.2101	0.181762	32.9366
151.2601	0.181973	32.9318
151.3020	0.182154	32.9281
151.3520	0.182348	32.9229
151.4020	0.182559	32.9177
151.4520	0.182752	32.9128
151.5099	0.182912	32.9068
151.5599	0.183056	32.9022
151.6099	0.183202	32.8969
151.6599	0.183372	32.8920
151.7018	0.183532	32.8879
151.7518	0.183666	32.8824
151.8018	0.183800	32.8779
151.8518	0.183958	32.8733
151.9098	0.184128	32.8675
151.9598	0.184296	32.8622
152.0098	0.184458	32.8569
152.0598	0.184629	32.8524
152.1017	0.184803	32.8479
152.1517	0.184977	32.8427
152.2017	0.185144	32.8379
152.2517	0.185298	32.8326
152.3096	0.185454	32.8270
152.3596	0.185638	32.8218
152.4096	0.185810	32.8169
152.4596	0.185952	32.8122
152.5016	0.186060	32.8081
152.5516	0.186177	32.8028
152.6016	0.186342	32.7979
152.6516	0.186528	32.7928
152.7094	0.186712	32.7869
152.7594	0.186897	32.7820
152.8094	0.187029	32.7766
152.8594	0.187132	32.7720
152.9013	0.187239	32.7681
152.9513	0.187387	32.7630
153.0013	0.187560	32.7578
153.0513	0.187706	32.7530
153.1094	0.187825	32.7470
153.1594	0.187951	32.7422
153.2094	0.188105	32.7375
153.2594	0.188287	32.7325
153.3012	0.188468	32.7280
153.3512	0.188624	32.7232
153.4012	0.188758	32.7181
153.4512	0.188906	32.7131
153.5091	0.189039	32.7073
153.5591	0.189163	32.7020
153.6091	0.189273	32.6975
153.6591	0.189386	32.6921
153.7010	0.189498	32.6881
153.7510	0.189625	32.6834
153.8010	0.189753	32.6779
153.8510	0.189852	32.6724
153.9090	0.189978	32.6669
153.9590	0.190154	32.6623
154.0090	0.190314	32.6573
154.0590	0.190467	32.6522
154.1008	0.190637	32.6482
154.1508	0.190821	32.6430
154.2008	0.191020	32.6379
154.2508	0.191198	32.6331
154.3088	0.191362	32.6275
154.3588	0.191533	32.6221
154.4088	0.191695	32.6174
154.4588	0.191859	32.6123
154.5007	0.192021	32.6081
154.5507	0.192173	32.6034
154.6007	0.192218	32.5978
154.6507	0.191760	32.5932
154.6926	0.191460	32.5890
154.7426	0.191596	32.5837
154.7926	0.191798	32.5782
154.8426	0.191991	32.5734
154.9005	0.192179	32.5682
154.9505	0.192390	32.5630
155.0005	0.192577	32.5579
155.0505	0.192698	32.5529
155.0925	0.192816	32.5483
155.1425	0.192958	32.5435
155.1925	0.193065	32.5389
155.2425	0.193207	32.5341
155.3004	0.193357	32.5279
155.3504	0.193515	32.5232
155.4004	0.193687	32.5179
155.4504	0.193872	32.5131
155.4923	0.194048	32.5089
155.5423	0.194237	32.5037
155.5923	0.194431	32.4989
155.6423	0.194618	32.4934
155.7002	0.194784	32.4879
155.7502	0.194936	32.4833
155.8002	0.194971	32.4783
155.8502	0.194768	32.4731
155.8922	0.194735	32.4692
155.9422	0.194879	32.4640
155.9922	0.195062	32.4589
156.0422	0.195258	32.4541
156.1000	0.195433	32.4486
156.1500	0.195597	32.4434
156.2000	0.195759	32.4378
156.2500	0.195933	32.4330
156.2919	0.196126	32.4291
156.3419	0.196321	32.4243
156.3919	0.196493	32.4186
156.4419	0.196655	32.4140
156.4999	0.196803	32.4081
156.5499	0.196975	32.4028
156.5999	0.197170	32.3977
156.6499	0.197356	32.3929
156.6918	0.197539	32.3891
156.7418	0.197715	32.3839
156.7918	0.197873	32.3788
156.8418	0.198031	32.3740
156.8997	0.198175	32.3679
156.9497	0.198309	32.3632
156.9997	0.198455	32.3580
157.0497	0.198619	32.3530
157.0916	0.198781	32.3490
157.1416	0.198956	32.3443
157.1916	0.199134	32.3391
157.2416	0.199302	32.3342
157.2995	0.199452	32.3284
157.3495	0.199594	32.3234
157.3995	0.199730	32.3186
157.4495	0.199870	32.3132
157.4914	0.200042	32.3088
157.5414	0.200233	32.3037
157.5914	0.200425	32.2988
157.6414	0.200602	32.2936
157.6994	0.200778	32.2880
157.7494	0.200971	32.2827
157.7994	0.201131	32.2779
157.8494	0.201262	32.2732
157.8915	0.201384	32.2691
157.9415	0.201532	32.2639
157.9915	0.201682	32.2591
158.0415	0.201836	32.2541
158.0832	0.201990	32.2498
158.1332	0.202138	32.2450
158.1832	0.202272	32.2396
158.2332	0.202420	32.2347
158.2912	0.202580	32.2290
158.3412	0.202738	32.2238
158.3912	0.202912	32.2192
158.4412	0.203079	32.2137
158.4831	0.203255	32.2097
158.5331	0.203409	32.2048
158.5831	0.203555	32.1995
158.6331	0.203699	32.1948
158.6910	0.203841	32.1889
158.7410	0.203991	32.1840
158.7910	0.204145	32.1787
158.8410	0.204295	32.1736
158.8829	0.204447	32.1697
158.9329	0.204601	32.1651
158.9829	0.204765	32.1600
159.0329	0.204925	32.1549
159.0908	0.205081	32.1492
159.1408	0.205229	32.1441
159.1908	0.205367	32.1393
159.2408	0.205507	32.1338
159.2828	0.205649	32.1297
159.3328	0.205819	32.1251
159.3828	0.205989	32.1204
159.4328	0.206141	32.1153
159.4907	0.206289	32.1090
159.5407	0.206411	32.1040
159.5907	0.206531	32.0992
159.6407	0.206687	32.0942
159.6827	0.206873	32.0902
159.7327	0.207058	32.0852
159.7827	0.207222	32.0800
159.8327	0.207394	32.0747
159.8906	0.207564	32.0692
159.9406	0.207747	32.0640
159.9906	0.207921	32.0593
160.0406	0.208071	32.0543
160.0825	0.208203	32.0499
160.1325	0.208337	32.0452
160.1825	0.208479	32.0397
160.2325	0.208616	32.0348
160.2904	0.208698	32.0290
160.3404	0.208568	32.0239
160.3904	0.208128	32.0193
160.4404	0.207984	32.0138
160.4823	0.208144	32.0099
160.5323	0.208355	32.0050
160.5823	0.208576	31.9997
160.6323	0.208789	31.9950
160.6902	0.208981	31.9889
160.7402	0.209164	31.9841
160.7902	0.209348	31.9791
160.8402	0.209512	31.9740
160.8822	0.209666	31.9700
160.9322	0.209827	31.9654
160.9822	0.209999	31.9603
161.0322	0.210185	31.9550
161.0740	0.210392	31.9504
161.1240	0.210577	31.9459
161.1740	0.210753	31.9406
161.2240	0.210943	31.9356
161.2820	0.211126	31.9300
161.3320	0.211306	31.9248
161.3820	0.211493	31.9202
161.4320	0.211677	31.9150
161.4739	0.211854	31.9109
161.5239	0.212026	31.9059
161.5739	0.212210	31.9005
161.6239	0.212389	31.8962
161.6819	0.212571	31.8901
161.7319	0.212725	31.8848
161.7819	0.212865	31.8798
161.8319	0.213007	31.8749
161.8737	0.213173	31.8702
161.9237	0.213333	31.8655
161.9737	0.213467	31.8608
162.0237	0.213575	31.8559
162.0817	0.213686	31.8500
162.1317	0.213824	31.8452
162.1817	0.213978	31.8401
162.2317	0.214124	31.8353
162.2736	0.214270	31.8311
162.3236	0.214426	31.8256
162.3736	0.214606	31.8211
162.4236	0.214781	31.8159
162.4816	0.214951	31.8097
162.5316	0.215119	31.8047
162.5816	0.215269	31.8000
162.6316	0.215411	31.7952
162.6734	0.215567	31.7907
162.7234	0.215739	31.7857
162.7734	0.215908	31.7807
162.8234	0.216052	31.7756
162.8813	0.216179	31.7701
162.9313	0.216307	31.7647
162.9813	0.216408	31.7600
163.0313	0.216516	31.7550
163.0733	0.216633	31.7506
163.1233	0.216761	31.7461
163.1733	0.216909	31.7407
163.2233	0.217075	31.7358
163.2812	0.217256	31.7301
163.3312	0.217434	31.7249
163.3812	0.217588	31.7201
163.4312	0.217746	31.7149
163.4731	0.217927	31.7109
163.5231	0.218107	31.7060
163.5731	0.218267	31.7008
163.6231	0.218433	31.6961
163.6810	0.218597	31.6897
163.7310	0.218762	31.6851
163.7810	0.218906	31.6801
163.8310	0.219029	31.6750
163.8735	0.219133	31.6714
163.9235	0.219262	31.6659
163.9735	0.219400	31.6608
164.0235	0.219534	31.6559
164.0809	0.219676	31.6502
164.1309	0.219804	31.6456
164.1809	0.219939	31.6404
164.2309	0.220100	31.6350
164.2730	0.220282	31.6306
164.3230	0.220468	31.6259
164.3730	0.220651	31.6208
164.4230	0.220825	31.6159
164.4647	0.221006	31.6117
164.5147	0.221190	31.6067
164.5647	0.221387	31.6020
164.6147	0.221571	31.5966
164.6726	0.221752	31.5911
164.7226	0.221926	31.5859
164.7726	0.222100	31.5807
164.8226	0.222250	31.5761
164.8645	0.222372	31.5716
164.9145	0.222487	31.5668
164.9645	0.222652	31.5619
165.0145	0.222834	31.5566
165.0724	0.223033	31.5510
165.1224	0.223221	31.5458
165.1724	0.223393	31.5409
165.2224	0.223547	31.5359
165.2644	0.223699	31.5316
165.3144	0.223841	31.5269
165.3644	0.223965	31.5215
165.4144	0.223993	31.5167
165.4723	0.223884	31.5108
165.5223	0.223943	31.5057
165.5723	0.224111	31.5011
165.6223	0.224289	31.4956
165.6642	0.224456	31.4916
165.7142	0.224620	31.4866
165.7642	0.224812	31.4815
165.8142	0.224987	31.4767
165.8721	0.225094	31.4707
165.9221	0.225210	31.4659
165.9721	0.225386	31.4607
166.0221	0.225581	31.4556
166.0640	0.225757	31.4519
166.1140	0.225925	31.4472
166.1640	0.226091	31.4421
166.2140	0.226213	31.4368
166.2719	0.226327	31.4309
166.3219	0.226491	31.4263
166.3719	0.226679	31.4209
166.4219	0.226864	31.4161
166.4639	0.227070	31.4119
166.5139	0.227283	31.4069
166.5639	0.227492	31.4022
166.6139	0.227681	31.3970
166.6718	0.227861	31.3913
166.7218	0.228025	31.3862
166.7718	0.228191	31.3808
166.8218	0.228339	31.3757
166.8637	0.228477	31.3717
166.9137	0.228609	31.3667
166.9637	0.228759	31.3618
167.0137	0.228941	31.3570
167.0716	0.229150	31.3507
167.1216	0.229359	31.3463
167.1716	0.229539	31.3410
167.2216	0.229699	31.3361
167.2635	0.229525	31.3322
167.3135	0.229203	31.3267
167.3635	0.229264	31.3219
167.4135	0.229424	31.3169
167.4715	0.229598	31.3112
167.5215	0.229783	31.3062
167.5715	0.229991	31.3010
167.6215	0.230190	31.2962
167.6634	0.230358	31.2918
167.7134	0.230518	31.2867
167.7634	0.230697	31.2821
167.8134	0.230899	31.2768
167.8556	0.231100	31.2723
167.9056	0.231276	31.2673
167.9556	0.231453	31.2626
168.0056	0.231601	31.2580
168.0633	0.231771	31.2518
168.1133	0.231949	31.2471
168.1633	0.232118	31.2420
168.2133	0.232272	31.2369
168.2552	0.232418	31.2328
168.3052	0.232584	31.2277
168.3552	0.232787	31.2230
168.4052	0.232983	31.2179
168.4631	0.233178	31.2117
168.5131	0.233304	31.2064
168.5631	0.233210	31.2017
168.6131	0.233119	31.1966
168.6550	0.233239	31.1924
168.7050	0.233423	31.1876
168.7550	0.233618	31.1829
168.8050	0.233810	31.1776
168.8630	0.234013	31.1720
168.9130	0.234208	31.1669
168.9630	0.234400	31.1620
169.0130	0.234574	31.1571
169.0548	0.234743	31.1527
169.1048	0.234923	31.1475
169.1548	0.235101	31.1426
169.2048	0.235272	31.1378
169.2627	0.235444	31.1318
169.3127	0.235610	31.1270
169.3627	0.235772	31.1215
169.4127	0.235939	31.1168
169.4547	0.236129	31.1128
169.5047	0.236332	31.1074
169.5547	0.236518	31.1029
169.6047	0.236668	31.0976
169.6626	0.236810	31.0920
169.7126	0.236948	31.0872
169.7626	0.237112	31.0818
169.8126	0.237289	31.0771
169.8556	0.237459	31.0726
169.9056	0.237595	31.0677
169.9556	0.237585	31.0629
170.0056	0.237595	31.0576
170.0624	0.237735	31.0523
170.1124	0.237889	31.0470
170.1624	0.238053	31.0417
170.2124	0.238223	31.0367
170.2543	0.238403	31.0326
170.3043	0.238578	31.0275
170.3543	0.238762	31.0227
170.4043	0.238951	31.0179
170.4623	0.239151	31.0122
170.5123	0.239342	31.0072
170.5623	0.239531	31.0024
170.6123	0.239717	30.9972
170.6542	0.239891	30.9927
170.7042	0.240045	30.9875
170.7542	0.240210	30.9827
170.8042	0.240376	30.9776
170.8461	0.240536	30.9735
170.8961	0.240712	30.9686
170.9461	0.240913	30.9633
170.9961	0.241120	30.9585
171.0540	0.241312	30.9523
171.1040	0.241507	30.9475
171.1540	0.241703	30.9429
171.2040	0.241888	30.9380
171.2460	0.241971	30.9336
171.2960	0.241853	30.9290
171.3460	0.241839	30.9241
171.3960	0.241963	30.9189
171.4539	0.242127	30.9128
171.5039	0.242326	30.9080
171.5539	0.242526	30.9029
171.6039	0.242713	30.8980
171.6458	0.242885	30.8939
171.6958	0.243053	30.8887
171.7458	0.243224	30.8839
171.7958	0.243388	30.8786
171.8537	0.243558	30.8730
171.9037	0.243722	30.8680
171.9537	0.243891	30.8626
172.0037	0.244041	30.8574
172.0457	0.244191	30.8534
172.0957	0.244343	30.8486
172.1457	0.244476	30.8438
172.1957	0.244618	30.8387
172.2536	0.244764	30.8332
172.3036	0.244924	30.8280
172.3536	0.245111	30.8231
172.4036	0.245285	30.8180
172.4455	0.245447	30.8135
172.4955	0.245612	30.8091
172.5455	0.245608	30.8038
172.5955	0.245182	30.7984
172.6534	0.245016	30.7926
172.7034	0.245135	30.7876
172.7534	0.245316	30.7821
172.8034	0.245510	30.7777
172.8453	0.245691	30.7738
172.8953	0.245879	30.7689
172.9453	0.246076	30.7637
172.9953	0.246254	30.7590
173.0533	0.246428	30.7530
173.1033	0.246580	30.7480
173.1533	0.246743	30.7429
173.2033	0.246927	30.7378
173.2452	0.247130	30.7340
173.2952	0.247312	30.7287
173.3452	0.247495	30.7238
173.3952	0.247677	30.7190
173.4531	0.247872	30.7129
173.5031	0.248064	30.7082
173.5531	0.248251	30.7031
173.6031	0.248425	30.6983
173.6451	0.248622	30.6943
173.6951	0.248810	30.6890
173.7451	0.248993	30.6836
173.7951	0.249169	30.6787
173.8529	0.249333	30.6729
173.9029	0.249528	30.6678
173.9529	0.249759	30.6629
174.0029	0.249984	30.6577
174.0449	0.250203	30.6537
174.0949	0.250444	30.6486
174.1449	0.250685	30.6435
174.1949	0.250914	30.6390
174.2368	0.251141	30.6344
174.2868	0.251370	30.6295
174.3368	0.251551	30.6246
174.3868	0.251616	30.6194
174.4446	0.251705	30.6141
174.4946	0.251910	30.6087
174.5446	0.252145	30.6038
174.5946	0.252380	30.5989
174.6366	0.252609	30.5947
174.6866	0.252832	30.5899
174.7366	0.253049	30.5847
174.7866	0.253257	30.5797
174.8446	0.253456	30.5737
174.8946	0.253659	30.5686
174.9446	0.253878	30.5641
174.9946	0.254123	30.5586
175.0364	0.254372	30.5546
175.0864	0.254618	30.5497
175.1364	0.254851	30.5443
175.1864	0.255080	30.5395
175.2443	0.255309	30.5334
175.2943	0.255546	30.5287
175.3443	0.255785	30.5237
175.3943	0.256002	30.5187
175.4363	0.256191	30.5147
175.4863	0.256308	30.5092
175.5363	0.256264	30.5044
175.5863	0.256345	30.4998
175.6442	0.256555	30.4942
175.6942	0.256780	30.4891
175.7442	0.257007	30.4837
175.7942	0.257230	30.4790
175.8361	0.257453	30.4749
175.8861	0.257668	30.4695
175.9361	0.257877	30.4647
175.9861	0.258098	30.4596
176.0440	0.258317	30.4539
176.0940	0.258558	30.4489
176.1440	0.258834	30.4439
176.1940	0.259114	30.4391
176.2360	0.259403	30.4346
176.2860	0.259685	30.4298
176.3360	0.259953	30.4250
176.3860	0.260228	30.4196
176.4439	0.260506	30.4136
176.4939	0.260774	30.4088
176.5439	0.261051	30.4040
176.5939	0.261329	30.3989
176.6357	0.261603	30.3946
176.6857	0.261878	30.3900
176.7357	0.262152	30.3849
176.7857	0.262409	30.3799
176.8439	0.262669	30.3739
176.8939	0.262874	30.3688
176.9439	0.262837	30.3642
176.9939	0.262874	30.3587
177.0356	0.263099	30.3548
177.0856	0.263346	30.3499
177.1356	0.263607	30.3446
177.1856	0.263879	30.3401
177.2435	0.264145	30.3339
177.2935	0.264404	30.3290
177.3435	0.264664	30.3240
177.3935	0.264933	30.3190
177.4355	0.265207	30.3150
177.4855	0.265474	30.3097
177.5355	0.265746	30.3049
177.5855	0.266011	30.2999
177.6274	0.266283	30.2954
177.6774	0.266549	30.2902
177.7274	0.266808	30.2853
177.7774	0.267061	30.2803
177.8353	0.267307	30.2745
177.8853	0.267511	30.2698
177.9353	0.267730	30.2655
177.9853	0.267986	30.2593
178.0273	0.268249	30.2552
178.0773	0.268515	30.2508
178.1273	0.268780	30.2456
178.1773	0.269044	30.2408
178.2351	0.269295	30.2334
178.2851	0.269547	30.2293
178.3351	0.269798	30.2247
178.3851	0.270055	30.2197
178.4270	0.270315	30.2154
178.4770	0.270566	30.2106
178.5270	0.270826	30.2054
178.5770	0.271083	30.2005
178.6350	0.271338	30.1946
178.6850	0.271586	30.1895
178.7350	0.271835	30.1849
178.7850	0.272082	30.1795
178.8268	0.272338	30.1755
178.8768	0.272601	30.1706
178.9268	0.272857	30.1653
178.9768	0.273108	30.1607
179.0348	0.273361	30.1553
179.0848	0.273605	30.1499
179.1348	0.273854	30.1445
179.1848	0.274105	30.1395
179.2267	0.274351	30.1356
179.2767	0.274598	30.1305
179.3267	0.274855	30.1256
179.3767	0.275109	30.1209
179.4346	0.275356	30.1152
179.4846	0.275611	30.1099
179.5346	0.275857	30.1051
179.5846	0.276110	30.1000
179.6265	0.276361	30.0958
179.6765	0.276607	30.0908
179.7265	0.276840	30.0853
179.7765	0.277069	30.0808
179.8345	0.277310	30.0746
179.8845	0.277555	30.0698
179.9345	0.277801	30.0651
179.9845	0.278038	30.0600
180.0264	0.278224	30.0550
180.0764	0.278530	30.0502
180.1264	0.278889	30.0456
180.1764	0.278974	30.0407
180.2343	0.279161	30.0348
180.2843	0.279337	30.0301
180.3343	0.279714	30.0249
180.3843	0.280186	30.0201
180.4265	0.280255	30.0158
180.4765	0.280267	30.0103
180.5265	0.280600	30.0058
180.5765	0.280955	30.0005
180.6341	0.281257	29.9949
180.6841	0.281508	29.9899
180.7341	0.281607	29.9846
180.7841	0.281737	29.9799
180.8260	0.282122	29.9755
180.8760	0.282440	29.9706
180.9260	0.282601	29.9657
180.9760	0.282736	29.9605
181.0180	0.282961	29.9565
181.0680	0.283219	29.9512
181.1180	0.283576	29.9462
181.1680	0.283817	29.9417
181.2259	0.283959	29.9362
181.2759	0.284143	29.9310
181.3259	0.284439	29.9255
181.3759	0.284695	29.9206
181.4178	0.284934	29.9166
181.4678	0.285084	29.9112
181.5178	0.285207	29.9065
181.5678	0.285416	29.9015
181.6258	0.285718	29.8957
181.6758	0.285937	29.8908
181.7258	0.286132	29.8857
181.7758	0.286340	29.8810
181.8177	0.286592	29.8766
181.8677	0.286892	29.8713
181.9177	0.287176	29.8661
181.9677	0.287372	29.8616
182.0256	0.287557	29.8553
182.0756	0.287804	29.8505
182.1256	0.288072	29.8457
182.1756	0.288317	29.8408
182.2175	0.288542	29.8364
182.2675	0.288730	29.8315
182.3175	0.288943	29.8263
182.3675	0.289201	29.8214
182.4255	0.289440	29.8156
182.4755	0.289649	29.8103
182.5255	0.289867	29.8059
182.5755	0.290117	29.8005
182.6173	0.290364	29.7964
182.6673	0.290619	29.7916
182.7173	0.290855	29.7861
182.7673	0.291076	29.7816
182.8253	0.291313	29.7756
182.8753	0.291576	29.7706
182.9253	0.291811	29.7656
182.9753	0.292032	29.7605
183.0172	0.292237	29.7565
183.0672	0.292468	29.7514
183.1172	0.292724	29.7464
183.1672	0.292981	29.7417
183.2251	0.293220	29.7362
183.2751	0.293463	29.7311
183.3251	0.293715	29.7257
183.3751	0.293970	29.7209
183.4170	0.294226	29.7169
183.4670	0.294475	29.7115
183.5170	0.294702	29.7067
183.5670	0.294929	29.7016
183.6249	0.295160	29.6959
183.6749	0.295395	29.6909
183.7249	0.295622	29.6858
183.7749	0.295851	29.6810
183.8169	0.296072	29.6765
183.8669	0.296301	29.6715
183.9169	0.296540	29.6668
183.9669	0.296788	29.6614
184.0088	0.297021	29.6571
184.0588	0.297258	29.6523
184.1088	0.297495	29.6474
184.1588	0.297726	29.6419
184.2167	0.297974	29.6368
184.2667	0.298221	29.6313
184.3167	0.298452	29.6266
184.3667	0.298683	29.6217
184.4086	0.298912	29.6171
184.4586	0.299153	29.6125
184.5086	0.299392	29.6078
184.5586	0.299619	29.6027
184.6165	0.299836	29.5965
184.6665	0.300063	29.5914
184.7165	0.300309	29.5867
184.7665	0.300554	29.5815
184.8084	0.300779	29.5773
184.8584	0.301010	29.5725
184.9084	0.301253	29.5677
184.9584	0.301517	29.5625
185.0164	0.301758	29.5569
185.0664	0.301983	29.5516
185.1164	0.302204	29.5467
185.1664	0.302307	29.5418
185.2083	0.302307	29.5372
185.2583	0.302482	29.5326
185.3083	0.302709	29.5275
185.3583	0.302932	29.5225
185.4162	0.303165	29.5171
185.4662	0.303420	29.5117
185.5162	0.303678	29.5063
185.5662	0.303933	29.5016
185.6081	0.304180	29.4976
185.6581	0.304423	29.4922
185.7081	0.304689	29.4877
185.7581	0.304955	29.4824
185.8160	0.305210	29.4768
185.8660	0.305463	29.4719
185.9160	0.305713	29.4666
185.9660	0.305980	29.4619
186.0080	0.306232	29.4575
186.0580	0.306481	29.4525
186.1080	0.306732	29.4476
186.1580	0.306969	29.4425
186.2159	0.307209	29.4370
186.2659	0.307466	29.4315
186.3159	0.307717	29.4268
186.3659	0.307953	29.4218
186.4081	0.308194	29.4173
186.4581	0.308447	29.4127
186.5081	0.308692	29.4074
186.5581	0.308938	29.4024
186.6161	0.309189	29.3967
186.6661	0.309430	29.3916
186.7161	0.309661	29.3869
186.7661	0.309903	29.3815
186.8076	0.310146	29.3775
186.8576	0.310375	29.3724
186.9076	0.310610	29.3672
186.9576	0.310857	29.3627
187.0160	0.311094	29.3565
187.0660	0.311336	29.3518
187.1160	0.311579	29.3468
187.1660	0.311816	29.3417
187.2075	0.312051	29.3380
187.2575	0.312292	29.3326
187.3075	0.312523	29.3277
187.3575	0.312767	29.3229
187.3994	0.312996	29.3185
187.4494	0.313215	29.3138
187.4994	0.313442	29.3088
187.5494	0.313638	29.3034
187.6073	0.313652	29.2973
187.6573	0.313711	29.2925
187.7073	0.313914	29.2873
187.7573	0.314157	29.2825
187.7992	0.314396	29.2782
187.8492	0.314648	29.2731
187.8992	0.314905	29.2683
187.9492	0.315169	29.2636
188.0071	0.315428	29.2577
188.0571	0.315677	29.2527
188.1071	0.315937	29.2477
188.1571	0.316186	29.2426
188.1991	0.316432	29.2387
188.2491	0.316681	29.2333
188.2991	0.316924	29.2283
188.3491	0.317169	29.2236
188.4070	0.317394	29.2174
188.4570	0.317630	29.2129
188.5070	0.317867	29.2075
188.5570	0.318100	29.2028
188.5989	0.318335	29.1988
188.6489	0.318572	29.1933
188.6989	0.318823	29.1884
188.7489	0.319073	29.1834
188.8068	0.319304	29.1777
188.8568	0.319527	29.1727
188.9068	0.319752	29.1676
188.9568	0.319981	29.1629
188.9987	0.320206	29.1584
189.0487	0.320437	29.1535
189.0987	0.320664	29.1486
189.1487	0.320897	29.1432
189.2067	0.321134	29.1381
189.2567	0.321357	29.1327
189.3067	0.321574	29.1277
189.3567	0.321813	29.1226
189.3985	0.322059	29.1182
189.4485	0.322298	29.1136
189.4985	0.322523	29.1085
189.5485	0.322746	29.1036
189.6065	0.322969	29.0979
189.6565	0.323218	29.0926
189.7065	0.323463	29.0873
189.7565	0.323696	29.0825
189.7986	0.323929	29.0783
189.8486	0.324167	29.0732
189.8986	0.324410	29.0684
189.9486	0.324647	29.0629
190.0064	0.324886	29.0575
190.0564	0.325136	29.0528
190.1064	0.325381	29.0478
190.1564	0.325620	29.0426
190.1983	0.325839	29.0387
190.2483	0.326054	29.0336
190.2983	0.326273	29.0286
190.3483	0.326494	29.0235
190.4062	0.326713	29.0175
190.4562	0.326927	29.0130
190.5062	0.327134	29.0076
190.5562	0.327353	29.0029
190.5981	0.327578	28.9987
190.6481	0.327805	28.9933
190.6981	0.328038	28.9885
190.7481	0.328271	28.9834
190.7900	0.328509	28.9792
190.8400	0.328746	28.9744
190.8900	0.328983	28.9691
190.9400	0.329218	28.9643
190.9980	0.329453	28.9581
191.0480	0.329686	28.9533
191.0980	0.329917	28.9485
191.1480	0.330152	28.9432
191.1899	0.330384	28.9393
191.2399	0.330627	28.9347
191.2899	0.330872	28.9297
191.3399	0.331105	28.9243
191.3978	0.331346	28.9182
191.4478	0.331586	28.9135
191.4978	0.331804	28.9084
191.5478	0.332025	28.9035
191.5901	0.332259	28.8994
191.6401	0.332479	28.8943
191.6901	0.332700	28.8895
191.7401	0.332938	28.8842
191.7976	0.333167	28.8785
191.8476	0.333390	28.8736
191.8976	0.333590	28.8683
191.9476	0.333785	28.8637
191.9895	0.333994	28.8592
192.0395	0.334221	28.8542
192.0895	0.334438	28.8494
192.1395	0.334648	28.8442
192.1974	0.334853	28.8388
192.2474	0.335072	28.8337
192.2974	0.335295	28.8288
192.3474	0.335514	28.8238
192.3894	0.335745	28.8192
192.4394	0.335980	28.8148
192.4894	0.336209	28.8095
192.5394	0.336442	28.8045
192.5973	0.336675	28.7989
192.6473	0.336898	28.7936
192.6973	0.337127	28.7882
192.7473	0.337354	28.7836
192.7893	0.337571	28.7797
192.8393	0.337796	28.7750
192.8893	0.338021	28.7697
192.9393	0.338250	28.7643
192.9972	0.338473	28.7588
193.0472	0.338692	28.7537
193.0972	0.338919	28.7485
193.1472	0.339161	28.7437
193.1891	0.339402	28.7393
193.2391	0.339635	28.7345
193.2891	0.339876	28.7296
193.3391	0.340113	28.7244
193.3970	0.340348	28.7188
193.4470	0.340596	28.7133
193.4970	0.340837	28.7087
193.5470	0.341070	28.7035
193.5889	0.341293	28.6991
193.6389	0.341431	28.6945
193.6889	0.341534	28.6899
193.7389	0.341749	28.6847
193.7968	0.341984	28.6786
193.8468	0.342213	28.6736
193.8968	0.342452	28.6689
193.9468	0.342690	28.6635
193.9887	0.342917	28.6594
194.0387	0.343135	28.6544
194.0887	0.343346	28.6492
194.1387	0.343559	28.6446
194.1807	0.343780	28.6401
194.2307	0.344001	28.6353
194.2807	0.344214	28.6304
194.3307	0.344439	28.6250
194.3886	0.344652	28.6198
194.4386	0.344842	28.6144
194.4886	0.345031	28.6094
194.5386	0.345238	28.6044
194.5805	0.345446	28.6001
194.6305	0.345655	28.5953
194.6805	0.345878	28.5902
194.7305	0.346101	28.5854
194.7884	0.346316	28.5796
194.8384	0.346531	28.5744
194.8884	0.346748	28.5698
194.9384	0.346971	28.5644
194.9803	0.347206	28.5604
195.0303	0.347287	28.5556
195.0803	0.347246	28.5502
195.1303	0.347380	28.5455
195.1883	0.347585	28.5396
195.2383	0.347808	28.5348
195.2883	0.348031	28.5298
195.3383	0.348250	28.5247
195.3802	0.348473	28.5208
195.4302	0.348706	28.5154
195.4802	0.348961	28.5105
195.5302	0.349212	28.5057
195.5880	0.349450	28.4994
195.6380	0.349673	28.4942
